ISO-10303-21;
HEADER;
FILE_DESCRIPTION(('STEP AP214'),'1');
FILE_NAME('Socket Panel.stp','2023-08-08T07:30:19',(' '),(' '),'Spatial InterOp 3D',' ',' ');
FILE_SCHEMA(('AUTOMOTIVE_DESIGN { 1 0 10303 214 1 1 1 1 }'));
ENDSEC;
DATA;
#1=PRODUCT_DEFINITION_CONTEXT('',#28,'design');
#2=APPLICATION_PROTOCOL_DEFINITION('INTERNATIONAL STANDARD','automotive_design',1994,#28);
#3=PRODUCT_CATEGORY_RELATIONSHIP('NONE','NONE',#29,#30);
#4=SHAPE_DEFINITION_REPRESENTATION(#31,#32);
#5=PRODUCT_DEFINITION_CONTEXT('',#33,'design');
#6=APPLICATION_PROTOCOL_DEFINITION('INTERNATIONAL STANDARD','automotive_design',1994,#33);
#7=PRODUCT_CATEGORY_RELATIONSHIP('NONE','NONE',#34,#35);
#8=CONTEXT_DEPENDENT_SHAPE_REPRESENTATION(#36,#37);
#9=SHAPE_DEFINITION_REPRESENTATION(#38,#39);
#10=SHAPE_REPRESENTATION_RELATIONSHIP('NONE','NONE',#39,#40);
#11=PRODUCT_DEFINITION_CONTEXT('',#41,'design');
#12=APPLICATION_PROTOCOL_DEFINITION('INTERNATIONAL STANDARD','automotive_design',1994,#41);
#13=PRODUCT_CATEGORY_RELATIONSHIP('NONE','NONE',#42,#43);
#14=CONTEXT_DEPENDENT_SHAPE_REPRESENTATION(#44,#45);
#15=SHAPE_DEFINITION_REPRESENTATION(#46,#47);
#16=SHAPE_REPRESENTATION_RELATIONSHIP('NONE','NONE',#47,#48);
#17=PRODUCT_DEFINITION_CONTEXT('',#49,'design');
#18=APPLICATION_PROTOCOL_DEFINITION('INTERNATIONAL STANDARD','automotive_design',1994,#49);
#19=PRODUCT_CATEGORY_RELATIONSHIP('NONE','NONE',#50,#51);
#20=CONTEXT_DEPENDENT_SHAPE_REPRESENTATION(#52,#53);
#21=SHAPE_DEFINITION_REPRESENTATION(#54,#55);
#22=SHAPE_REPRESENTATION_RELATIONSHIP('NONE','NONE',#55,#56);
#23=MECHANICAL_DESIGN_GEOMETRIC_PRESENTATION_REPRESENTATION(' ',(#57,#58,#59,#60,#61),#24);
#24= (GEOMETRIC_REPRESENTATION_CONTEXT(3)GLOBAL_UNCERTAINTY_ASSIGNED_CONTEXT((#64))GLOBAL_UNIT_ASSIGNED_CONTEXT((#66,#67,#68))REPRESENTATION_CONTEXT('NONE','WORKSPACE'));
#28=APPLICATION_CONTEXT(' ');
#29=PRODUCT_CATEGORY('part','NONE');
#30=PRODUCT_RELATED_PRODUCT_CATEGORY('detail',' ',(#70));
#31=PRODUCT_DEFINITION_SHAPE('NONE','NONE',#71);
#32=SHAPE_REPRESENTATION('Socket Panel',(#72,#73,#74,#75),#76);
#33=APPLICATION_CONTEXT(' ');
#34=PRODUCT_CATEGORY('part','NONE');
#35=PRODUCT_RELATED_PRODUCT_CATEGORY('detail',' ',(#77));
#36=(REPRESENTATION_RELATIONSHIP('','',#39,#32)REPRESENTATION_RELATIONSHIP_WITH_TRANSFORMATION(#80)SHAPE_REPRESENTATION_RELATIONSHIP());
#37=PRODUCT_DEFINITION_SHAPE('NAUO-PROD-DEF','NAUO-PROD-DEF',#82);
#38=PRODUCT_DEFINITION_SHAPE('NONE','NONE',#83);
#39=SHAPE_REPRESENTATION('Socket Panel',(#72),#76);
#40=ADVANCED_BREP_SHAPE_REPRESENTATION('Solid',(#84),#24);
#41=APPLICATION_CONTEXT(' ');
#42=PRODUCT_CATEGORY('part','NONE');
#43=PRODUCT_RELATED_PRODUCT_CATEGORY('detail',' ',(#85));
#44=(REPRESENTATION_RELATIONSHIP('','',#47,#32)REPRESENTATION_RELATIONSHIP_WITH_TRANSFORMATION(#88)SHAPE_REPRESENTATION_RELATIONSHIP());
#45=PRODUCT_DEFINITION_SHAPE('NAUO-PROD-DEF','NAUO-PROD-DEF',#90);
#46=PRODUCT_DEFINITION_SHAPE('NONE','NONE',#91);
#47=SHAPE_REPRESENTATION('pin',(#72),#76);
#48=ADVANCED_BREP_SHAPE_REPRESENTATION('',(#92,#93,#94),#24);
#49=APPLICATION_CONTEXT(' ');
#50=PRODUCT_CATEGORY('part','NONE');
#51=PRODUCT_RELATED_PRODUCT_CATEGORY('detail',' ',(#95));
#52=(REPRESENTATION_RELATIONSHIP('','',#55,#32)REPRESENTATION_RELATIONSHIP_WITH_TRANSFORMATION(#98)SHAPE_REPRESENTATION_RELATIONSHIP());
#53=PRODUCT_DEFINITION_SHAPE('NAUO-PROD-DEF','NAUO-PROD-DEF',#100);
#54=PRODUCT_DEFINITION_SHAPE('NONE','NONE',#101);
#55=SHAPE_REPRESENTATION('Nut',(#72),#76);
#56=ADVANCED_BREP_SHAPE_REPRESENTATION('Solid',(#102),#24);
#57=STYLED_ITEM('',(#103),#84);
#58=STYLED_ITEM('',(#104),#92);
#59=STYLED_ITEM('',(#105),#93);
#60=STYLED_ITEM('',(#106),#94);
#61=STYLED_ITEM('',(#107),#102);
#64=UNCERTAINTY_MEASURE_WITH_UNIT(LENGTH_MEASURE(1.0E-08),#66,'','');
#66= (CONVERSION_BASED_UNIT('METRE',#110)LENGTH_UNIT()NAMED_UNIT(#113));
#67= (NAMED_UNIT(#115)PLANE_ANGLE_UNIT()SI_UNIT($,.RADIAN.));
#68= (NAMED_UNIT(#115)SOLID_ANGLE_UNIT()SI_UNIT($,.STERADIAN.));
#70=PRODUCT('Socket Panel','Socket Panel','PART--DESC',(#121));
#71=PRODUCT_DEFINITION('Socket Panel','Socket Panel',#122,#1);
#72=AXIS2_PLACEMENT_3D('',#123,#124,#125);
#73=AXIS2_PLACEMENT_3D('',#126,#127,#128);
#74=AXIS2_PLACEMENT_3D('',#129,#130,#131);
#75=AXIS2_PLACEMENT_3D('',#132,#133,#134);
#76= (GEOMETRIC_REPRESENTATION_CONTEXT(3)GLOBAL_UNCERTAINTY_ASSIGNED_CONTEXT((#137))GLOBAL_UNIT_ASSIGNED_CONTEXT((#139,#140,#141))REPRESENTATION_CONTEXT('NONE','WORKSPACE'));
#77=PRODUCT('Socket Panel','Socket Panel','PART-Socket Panel-DESC',(#143));
#80=ITEM_DEFINED_TRANSFORMATION('','',#72,#73);
#82=NEXT_ASSEMBLY_USAGE_OCCURRENCE('Socket Panel','Socket Panel','Socket Panel',#71,#83,$);
#83=PRODUCT_DEFINITION('Socket Panel','Socket Panel',#144,#5);
#84=MANIFOLD_SOLID_BREP('Solid',#145);
#85=PRODUCT('pin','pin','PART--DESC',(#146));
#88=ITEM_DEFINED_TRANSFORMATION('','',#72,#74);
#90=NEXT_ASSEMBLY_USAGE_OCCURRENCE('pin','pin','pin',#71,#91,$);
#91=PRODUCT_DEFINITION('pin','pin',#147,#11);
#92=MANIFOLD_SOLID_BREP('Solid',#148);
#93=MANIFOLD_SOLID_BREP('Solid1',#149);
#94=MANIFOLD_SOLID_BREP('Solid1',#150);
#95=PRODUCT('Nut','Nut','PART--DESC',(#151));
#98=ITEM_DEFINED_TRANSFORMATION('','',#72,#75);
#100=NEXT_ASSEMBLY_USAGE_OCCURRENCE('Nut','Nut','Nut',#71,#101,$);
#101=PRODUCT_DEFINITION('Nut','Nut',#152,#17);
#102=MANIFOLD_SOLID_BREP('Solid',#153);
#103=PRESENTATION_STYLE_ASSIGNMENT((#154));
#104=PRESENTATION_STYLE_ASSIGNMENT((#155));
#105=PRESENTATION_STYLE_ASSIGNMENT((#156));
#106=PRESENTATION_STYLE_ASSIGNMENT((#157));
#107=PRESENTATION_STYLE_ASSIGNMENT((#158));
#110=LENGTH_MEASURE_WITH_UNIT(LENGTH_MEASURE(1.0),#159);
#113=DIMENSIONAL_EXPONENTS(1.0,0.0,0.0,0.0,0.0,0.0,0.0);
#115=DIMENSIONAL_EXPONENTS(0.0,0.0,0.0,0.0,0.0,0.0,0.0);
#121=PRODUCT_CONTEXT('',#28,'mechanical');
#122=PRODUCT_DEFINITION_FORMATION_WITH_SPECIFIED_SOURCE(' ','NONE',#70,.NOT_KNOWN.);
#123=CARTESIAN_POINT('',(0.0,0.0,0.0));
#124=DIRECTION('',(0.0,0.0,1.0));
#125=DIRECTION('',(1.0,0.0,0.0));
#126=CARTESIAN_POINT('',(0.0,0.0,0.0));
#127=DIRECTION('',(0.0,0.0,1.0));
#128=DIRECTION('',(1.0,0.0,0.0));
#129=CARTESIAN_POINT('',(-0.0392252436865564,0.0410252436865576,0.0325000000000001));
#130=DIRECTION('',(0.0,0.0,1.0));
#131=DIRECTION('',(-3.71352796603441E-15,-1.0,0.0));
#132=CARTESIAN_POINT('',(-0.0455365352371074,-0.0175006955854076,0.0325000000000001));
#133=DIRECTION('',(0.0,0.0,1.0));
#134=DIRECTION('',(0.499999999999997,-0.86602540378444,0.0));
#137=UNCERTAINTY_MEASURE_WITH_UNIT(LENGTH_MEASURE(1.0E-08),#139,'','');
#139= (CONVERSION_BASED_UNIT('METRE',#162)LENGTH_UNIT()NAMED_UNIT(#165));
#140= (NAMED_UNIT(#167)PLANE_ANGLE_UNIT()SI_UNIT($,.RADIAN.));
#141= (NAMED_UNIT(#167)SOLID_ANGLE_UNIT()SI_UNIT($,.STERADIAN.));
#143=PRODUCT_CONTEXT('',#33,'mechanical');
#144=PRODUCT_DEFINITION_FORMATION_WITH_SPECIFIED_SOURCE(' ','NONE',#77,.NOT_KNOWN.);
#145=CLOSED_SHELL('',(#173,#174,#175,#176,#177,#178,#179,#180,#181,#182,#183,#184,#185,#186,#187,#188,#189,#190,#191,#192,#193,#194,#195,#196,#197,#198,#199,#200,#201,#202,#203,#204,#205,#206,#207,#208,#209,#210,#211,#212,#213,#214,#215,#216,#217,#218,#219,#220,#221,#222,#223,#224,#225,#226,#227,#228,#229,#230,#231,#232,#233,#234,#235,#236,#237,#238,#239,#240,#241,#242,#243,#244,#245,#246,#247,#248,#249,#250,#251,#252,#253,#254,#255,#256,#257,#258,#259,#260,#261,#262,#263,#264,#265,#266,#267,#268,#269,#270,#271,#272,#273,#274,#275,#276,#277,#278,#279,#280,#281,#282,#283,#284,#285,#286,#287,#288,#289,#290,#291,#292,#293,#294,#295,#296,#297,#298,#299,#300,#301,#302,#303,#304,#305,#306,#307,#308,#309,#310,#311,#312,#313,#314,#315,#316,#317,#318,#319,#320,#321,#322,#323,#324,#325,#326,#327,#328,#329,#330,#331));
#146=PRODUCT_CONTEXT('',#41,'mechanical');
#147=PRODUCT_DEFINITION_FORMATION_WITH_SPECIFIED_SOURCE(' ','NONE',#85,.NOT_KNOWN.);
#148=CLOSED_SHELL('',(#332,#333,#334,#335,#336,#337,#338,#339,#340,#341,#342,#343,#344,#345,#346,#347,#348,#349,#350,#351,#352,#353,#354,#355,#356,#357,#358,#359,#360,#361,#362,#363));
#149=CLOSED_SHELL('',(#364,#365,#366,#367,#368,#369,#370,#371,#372,#373,#374,#375,#376,#377,#378,#379,#380,#381,#382,#383,#384,#385,#386,#387,#388,#389,#390,#391,#392,#393,#394,#395,#396,#397));
#150=CLOSED_SHELL('',(#398,#399,#400,#401,#402,#403,#404,#405,#406,#407,#408,#409,#410,#411,#412,#413,#414,#415,#416,#417,#418,#419,#420,#421,#422,#423,#424));
#151=PRODUCT_CONTEXT('',#49,'mechanical');
#152=PRODUCT_DEFINITION_FORMATION_WITH_SPECIFIED_SOURCE(' ','NONE',#95,.NOT_KNOWN.);
#153=CLOSED_SHELL('',(#425,#426,#427,#428,#429,#430,#431,#432,#433,#434,#435,#436,#437,#438,#439,#440,#441,#442,#443,#444,#445,#446,#447,#448,#449,#450,#451,#452));
#154=SURFACE_STYLE_USAGE(.BOTH.,#453);
#155=SURFACE_STYLE_USAGE(.BOTH.,#454);
#156=SURFACE_STYLE_USAGE(.BOTH.,#455);
#157=SURFACE_STYLE_USAGE(.BOTH.,#456);
#158=SURFACE_STYLE_USAGE(.BOTH.,#457);
#159= (NAMED_UNIT(#113)LENGTH_UNIT()SI_UNIT($,.METRE.));
#162=LENGTH_MEASURE_WITH_UNIT(LENGTH_MEASURE(1.0),#459);
#165=DIMENSIONAL_EXPONENTS(1.0,0.0,0.0,0.0,0.0,0.0,0.0);
#167=DIMENSIONAL_EXPONENTS(0.0,0.0,0.0,0.0,0.0,0.0,0.0);
#173=ADVANCED_FACE('0:263',(#460),#461,.T.);
#174=ADVANCED_FACE('0:254',(#462),#463,.T.);
#175=ADVANCED_FACE('0:254',(#464),#465,.T.);
#176=ADVANCED_FACE('0:251',(#466),#467,.T.);
#177=ADVANCED_FACE('0:248',(#468),#469,.F.);
#178=ADVANCED_FACE('0:221',(#470),#471,.F.);
#179=ADVANCED_FACE('0:218',(#472),#473,.T.);
#180=ADVANCED_FACE('0:209',(#474),#475,.F.);
#181=ADVANCED_FACE('0:206',(#476),#477,.T.);
#182=ADVANCED_FACE('0:203',(#478),#479,.T.);
#183=ADVANCED_FACE('0:200',(#480),#481,.T.);
#184=ADVANCED_FACE('0:197',(#482),#483,.F.);
#185=ADVANCED_FACE('0:194',(#484),#485,.T.);
#186=ADVANCED_FACE('0:191',(#486),#487,.T.);
#187=ADVANCED_FACE('0:188',(#488),#489,.T.);
#188=ADVANCED_FACE('0:185',(#490),#491,.T.);
#189=ADVANCED_FACE('0:182',(#492),#493,.F.);
#190=ADVANCED_FACE('0:179',(#494),#495,.T.);
#191=ADVANCED_FACE('0:170',(#496),#497,.T.);
#192=ADVANCED_FACE('0:167',(#498),#499,.T.);
#193=ADVANCED_FACE('0:164',(#500),#501,.T.);
#194=ADVANCED_FACE('0:161',(#502),#503,.F.);
#195=ADVANCED_FACE('0:158',(#504),#505,.T.);
#196=ADVANCED_FACE('0:149',(#506),#507,.T.);
#197=ADVANCED_FACE('0:146',(#508),#509,.T.);
#198=ADVANCED_FACE('0:143',(#510),#511,.T.);
#199=ADVANCED_FACE('0:140',(#512),#513,.T.);
#200=ADVANCED_FACE('0:137',(#514),#515,.T.);
#201=ADVANCED_FACE('0:134',(#516),#517,.T.);
#202=ADVANCED_FACE('0:131',(#518),#519,.T.);
#203=ADVANCED_FACE('0:128',(#520),#521,.T.);
#204=ADVANCED_FACE('0:125',(#522),#523,.T.);
#205=ADVANCED_FACE('0:122',(#524),#525,.T.);
#206=ADVANCED_FACE('0:119',(#526),#527,.T.);
#207=ADVANCED_FACE('0:116',(#528),#529,.T.);
#208=ADVANCED_FACE('0:113',(#530),#531,.T.);
#209=ADVANCED_FACE('0:110',(#532),#533,.T.);
#210=ADVANCED_FACE('0:104',(#534),#535,.T.);
#211=ADVANCED_FACE('0:101',(#536),#537,.T.);
#212=ADVANCED_FACE('0:98',(#538),#539,.T.);
#213=ADVANCED_FACE('0:95',(#540),#541,.T.);
#214=ADVANCED_FACE('0:92',(#542),#543,.T.);
#215=ADVANCED_FACE('0:89',(#544),#545,.T.);
#216=ADVANCED_FACE('0:86',(#546),#547,.T.);
#217=ADVANCED_FACE('0:83',(#548),#549,.T.);
#218=ADVANCED_FACE('0:80',(#550),#551,.T.);
#219=ADVANCED_FACE('0:77',(#552),#553,.T.);
#220=ADVANCED_FACE('0:74',(#554),#555,.T.);
#221=ADVANCED_FACE('0:71',(#556),#557,.T.);
#222=ADVANCED_FACE('0:68',(#558),#559,.T.);
#223=ADVANCED_FACE('0:65',(#560),#561,.T.);
#224=ADVANCED_FACE('0:62',(#562),#563,.T.);
#225=ADVANCED_FACE('0:59',(#564),#565,.T.);
#226=ADVANCED_FACE('0:56',(#566),#567,.T.);
#227=ADVANCED_FACE('0:53',(#568),#569,.T.);
#228=ADVANCED_FACE('0:50',(#570),#571,.T.);
#229=ADVANCED_FACE('0:47',(#572),#573,.T.);
#230=ADVANCED_FACE('0:44',(#574),#575,.T.);
#231=ADVANCED_FACE('0:41',(#576),#577,.T.);
#232=ADVANCED_FACE('0:38',(#578),#579,.T.);
#233=ADVANCED_FACE('0:35',(#580),#581,.T.);
#234=ADVANCED_FACE('0:32',(#582),#583,.T.);
#235=ADVANCED_FACE('0:29',(#584),#585,.T.);
#236=ADVANCED_FACE('0:23',(#586),#587,.F.);
#237=ADVANCED_FACE('0:26',(#588),#589,.F.);
#238=ADVANCED_FACE('0:29',(#590),#591,.T.);
#239=ADVANCED_FACE('0:32',(#592),#593,.T.);
#240=ADVANCED_FACE('0:35',(#594),#595,.T.);
#241=ADVANCED_FACE('0:38',(#596),#597,.T.);
#242=ADVANCED_FACE('0:41',(#598),#599,.T.);
#243=ADVANCED_FACE('0:44',(#600),#601,.T.);
#244=ADVANCED_FACE('0:47',(#602),#603,.T.);
#245=ADVANCED_FACE('0:50',(#604),#605,.T.);
#246=ADVANCED_FACE('0:53',(#606),#607,.T.);
#247=ADVANCED_FACE('0:56',(#608),#609,.T.);
#248=ADVANCED_FACE('0:59',(#610),#611,.T.);
#249=ADVANCED_FACE('0:62',(#612),#613,.T.);
#250=ADVANCED_FACE('0:65',(#614),#615,.T.);
#251=ADVANCED_FACE('0:68',(#616),#617,.T.);
#252=ADVANCED_FACE('0:71',(#618),#619,.T.);
#253=ADVANCED_FACE('0:74',(#620),#621,.T.);
#254=ADVANCED_FACE('0:77',(#622),#623,.T.);
#255=ADVANCED_FACE('0:80',(#624),#625,.T.);
#256=ADVANCED_FACE('0:83',(#626),#627,.T.);
#257=ADVANCED_FACE('0:86',(#628),#629,.T.);
#258=ADVANCED_FACE('0:89',(#630),#631,.T.);
#259=ADVANCED_FACE('0:92',(#632),#633,.T.);
#260=ADVANCED_FACE('0:95',(#634),#635,.T.);
#261=ADVANCED_FACE('0:98',(#636),#637,.T.);
#262=ADVANCED_FACE('0:101',(#638),#639,.T.);
#263=ADVANCED_FACE('0:104',(#640),#641,.T.);
#264=ADVANCED_FACE('0:107',(#642,#643,#644,#645),#646,.T.);
#265=ADVANCED_FACE('0:110',(#647),#648,.T.);
#266=ADVANCED_FACE('0:113',(#649),#650,.T.);
#267=ADVANCED_FACE('0:116',(#651),#652,.T.);
#268=ADVANCED_FACE('0:119',(#653),#654,.T.);
#269=ADVANCED_FACE('0:122',(#655),#656,.T.);
#270=ADVANCED_FACE('0:125',(#657),#658,.T.);
#271=ADVANCED_FACE('0:128',(#659),#660,.T.);
#272=ADVANCED_FACE('0:131',(#661),#662,.T.);
#273=ADVANCED_FACE('0:134',(#663),#664,.T.);
#274=ADVANCED_FACE('0:137',(#665),#666,.T.);
#275=ADVANCED_FACE('0:140',(#667),#668,.T.);
#276=ADVANCED_FACE('0:143',(#669),#670,.T.);
#277=ADVANCED_FACE('0:146',(#671),#672,.T.);
#278=ADVANCED_FACE('0:149',(#673),#674,.T.);
#279=ADVANCED_FACE('0:152',(#675),#676,.T.);
#280=ADVANCED_FACE('0:155',(#677),#678,.T.);
#281=ADVANCED_FACE('0:158',(#679),#680,.T.);
#282=ADVANCED_FACE('0:161',(#681),#682,.F.);
#283=ADVANCED_FACE('0:164',(#683),#684,.T.);
#284=ADVANCED_FACE('0:167',(#685),#686,.T.);
#285=ADVANCED_FACE('0:170',(#687),#688,.T.);
#286=ADVANCED_FACE('0:173',(#689),#690,.T.);
#287=ADVANCED_FACE('0:176',(#691),#692,.T.);
#288=ADVANCED_FACE('0:179',(#693),#694,.T.);
#289=ADVANCED_FACE('0:182',(#695),#696,.F.);
#290=ADVANCED_FACE('0:185',(#697),#698,.T.);
#291=ADVANCED_FACE('0:188',(#699),#700,.T.);
#292=ADVANCED_FACE('0:191',(#701),#702,.T.);
#293=ADVANCED_FACE('0:194',(#703),#704,.T.);
#294=ADVANCED_FACE('0:197',(#705),#706,.F.);
#295=ADVANCED_FACE('0:200',(#707),#708,.T.);
#296=ADVANCED_FACE('0:203',(#709),#710,.T.);
#297=ADVANCED_FACE('0:206',(#711),#712,.T.);
#298=ADVANCED_FACE('0:209',(#713),#714,.F.);
#299=ADVANCED_FACE('0:212',(#715),#716,.T.);
#300=ADVANCED_FACE('0:215',(#717),#718,.F.);
#301=ADVANCED_FACE('0:218',(#719),#720,.T.);
#302=ADVANCED_FACE('0:221',(#721),#722,.F.);
#303=ADVANCED_FACE('0:224',(#723),#724,.F.);
#304=ADVANCED_FACE('0:227',(#725),#726,.F.);
#305=ADVANCED_FACE('0:230',(#727),#728,.T.);
#306=ADVANCED_FACE('0:233',(#729),#730,.F.);
#307=ADVANCED_FACE('0:236',(#731),#732,.F.);
#308=ADVANCED_FACE('0:239',(#733),#734,.F.);
#309=ADVANCED_FACE('0:242',(#735),#736,.F.);
#310=ADVANCED_FACE('0:248',(#737),#738,.F.);
#311=ADVANCED_FACE('0:251',(#739),#740,.T.);
#312=ADVANCED_FACE('0:254',(#741),#742,.T.);
#313=ADVANCED_FACE('0:257',(#743,#744),#745,.T.);
#314=ADVANCED_FACE('0:260',(#746,#747),#748,.F.);
#315=ADVANCED_FACE('0:263',(#749),#750,.T.);
#316=ADVANCED_FACE('0:266',(#751,#752),#753,.F.);
#317=ADVANCED_FACE('0:269',(#754),#755,.F.);
#318=ADVANCED_FACE('0:272',(#756),#757,.F.);
#319=ADVANCED_FACE('0:275',(#758),#759,.F.);
#320=ADVANCED_FACE('0:278',(#760),#761,.F.);
#321=ADVANCED_FACE('0:281',(#762),#763,.F.);
#322=ADVANCED_FACE('0:284',(#764),#765,.F.);
#323=ADVANCED_FACE('0:287',(#766),#767,.F.);
#324=ADVANCED_FACE('0:290',(#768),#769,.F.);
#325=ADVANCED_FACE('0:293',(#770),#771,.F.);
#326=ADVANCED_FACE('0:296',(#772),#773,.F.);
#327=ADVANCED_FACE('0:299',(#774),#775,.F.);
#328=ADVANCED_FACE('0:302',(#776),#777,.T.);
#329=ADVANCED_FACE('0:305',(#778),#779,.F.);
#330=ADVANCED_FACE('0:308',(#780),#781,.T.);
#331=ADVANCED_FACE('0:311',(#782,#783),#784,.T.);
#332=ADVANCED_FACE('58:3845',(#785),#786,.T.);
#333=ADVANCED_FACE('58:3836',(#787),#788,.T.);
#334=ADVANCED_FACE('58:3833',(#789),#790,.T.);
#335=ADVANCED_FACE('59:14862',(#791),#792,.T.);
#336=ADVANCED_FACE('59:14778',(#793),#794,.T.);
#337=ADVANCED_FACE('59:18375',(#795),#796,.T.);
#338=ADVANCED_FACE('59:19464',(#797),#798,.F.);
#339=ADVANCED_FACE('59:14859',(#799),#800,.T.);
#340=ADVANCED_FACE('59:19926',(#801),#802,.T.);
#341=ADVANCED_FACE('59:19926',(#803),#804,.T.);
#342=ADVANCED_FACE('59:19935',(#805,#806),#807,.F.);
#343=ADVANCED_FACE('59:9777',(#808),#809,.F.);
#344=ADVANCED_FACE('59:14859',(#810),#811,.T.);
#345=ADVANCED_FACE('59:19464',(#812),#813,.F.);
#346=ADVANCED_FACE('59:19461',(#814),#815,.T.);
#347=ADVANCED_FACE('59:19458',(#816),#817,.T.);
#348=ADVANCED_FACE('59:19455',(#818),#819,.T.);
#349=ADVANCED_FACE('59:18730',(#820,#821),#822,.T.);
#350=ADVANCED_FACE('59:11645',(#823,#824),#825,.T.);
#351=ADVANCED_FACE('59:18375',(#826),#827,.T.);
#352=ADVANCED_FACE('59:14775',(#828),#829,.T.);
#353=ADVANCED_FACE('59:14781',(#830),#831,.T.);
#354=ADVANCED_FACE('59:14784',(#832,#833),#834,.T.);
#355=ADVANCED_FACE('59:14787',(#835,#836),#837,.F.);
#356=ADVANCED_FACE('59:14778',(#838),#839,.T.);
#357=ADVANCED_FACE('59:14862',(#840),#841,.T.);
#358=ADVANCED_FACE('59:9774',(#842,#843),#844,.F.);
#359=ADVANCED_FACE('58:3833',(#845),#846,.T.);
#360=ADVANCED_FACE('58:3836',(#847),#848,.T.);
#361=ADVANCED_FACE('58:3839',(#849,#850),#851,.T.);
#362=ADVANCED_FACE('58:3845',(#852),#853,.T.);
#363=ADVANCED_FACE('58:3848',(#854),#855,.T.);
#364=ADVANCED_FACE('59:20121',(#856),#857,.T.);
#365=ADVANCED_FACE('59:20121',(#858),#859,.T.);
#366=ADVANCED_FACE('59:30564',(#860),#861,.F.);
#367=ADVANCED_FACE('59:6899',(#862),#863,.F.);
#368=ADVANCED_FACE('59:9054',(#864),#865,.T.);
#369=ADVANCED_FACE('59:5963',(#866),#867,.F.);
#370=ADVANCED_FACE('63:4962',(#868),#869,.T.);
#371=ADVANCED_FACE('59:5963',(#870),#871,.F.);
#372=ADVANCED_FACE('60:24',(#872),#873,.T.);
#373=ADVANCED_FACE('60:11',(#874),#875,.T.);
#374=ADVANCED_FACE('59:1949',(#876),#877,.T.);
#375=ADVANCED_FACE('58:7847',(#878),#879,.T.);
#376=ADVANCED_FACE('63:5073',(#880),#881,.T.);
#377=ADVANCED_FACE('58:7856',(#882),#883,.T.);
#378=ADVANCED_FACE('59:1936',(#884),#885,.F.);
#379=ADVANCED_FACE('59:9054',(#886),#887,.T.);
#380=ADVANCED_FACE('59:1942',(#888),#889,.F.);
#381=ADVANCED_FACE('59:1939',(#890),#891,.F.);
#382=ADVANCED_FACE('59:6899',(#892),#893,.F.);
#383=ADVANCED_FACE('59:31341',(#894),#895,.T.);
#384=ADVANCED_FACE('60:14',(#896,#897),#898,.T.);
#385=ADVANCED_FACE('59:31344',(#899),#900,.T.);
#386=ADVANCED_FACE('60:8643',(#901),#902,.T.);
#387=ADVANCED_FACE('59:30564',(#903),#904,.F.);
#388=ADVANCED_FACE('59:20121',(#905),#906,.T.);
#389=ADVANCED_FACE('59:31833',(#907),#908,.T.);
#390=ADVANCED_FACE('60:8653',(#909),#910,.F.);
#391=ADVANCED_FACE('60:8650',(#911),#912,.F.);
#392=ADVANCED_FACE('60:8416',(#913),#914,.T.);
#393=ADVANCED_FACE('60:8422',(#915),#916,.T.);
#394=ADVANCED_FACE('59:39197',(#917),#918,.F.);
#395=ADVANCED_FACE('59:39142',(#919),#920,.F.);
#396=ADVANCED_FACE('60:21',(#921,#922),#923,.T.);
#397=ADVANCED_FACE('60:8640',(#924),#925,.T.);
#398=ADVANCED_FACE('59:46350',(#926),#927,.F.);
#399=ADVANCED_FACE('59:46347',(#928),#929,.T.);
#400=ADVANCED_FACE('59:46347',(#930),#931,.T.);
#401=ADVANCED_FACE('60:28408',(#932),#933,.T.);
#402=ADVANCED_FACE('60:28360',(#934),#935,.F.);
#403=ADVANCED_FACE('60:28360',(#936),#937,.F.);
#404=ADVANCED_FACE('60:9944',(#938),#939,.T.);
#405=ADVANCED_FACE('60:28408',(#940),#941,.T.);
#406=ADVANCED_FACE('60:9931',(#942),#943,.T.);
#407=ADVANCED_FACE('62:8032',(#944),#945,.T.);
#408=ADVANCED_FACE('60:9904',(#946,#947),#948,.F.);
#409=ADVANCED_FACE('60:28768',(#949),#950,.T.);
#410=ADVANCED_FACE('62:8029',(#951),#952,.T.);
#411=ADVANCED_FACE('62:1243',(#953),#954,.T.);
#412=ADVANCED_FACE('59:46296',(#955),#956,.F.);
#413=ADVANCED_FACE('60:9432',(#957),#958,.T.);
#414=ADVANCED_FACE('62:1191',(#959),#960,.T.);
#415=ADVANCED_FACE('60:23426',(#961),#962,.T.);
#416=ADVANCED_FACE('60:31704',(#963),#964,.T.);
#417=ADVANCED_FACE('60:28765',(#965),#966,.T.);
#418=ADVANCED_FACE('60:30942',(#967),#968,.T.);
#419=ADVANCED_FACE('60:25430',(#969),#970,.T.);
#420=ADVANCED_FACE('60:27777',(#971),#972,.F.);
#421=ADVANCED_FACE('59:46344',(#973),#974,.T.);
#422=ADVANCED_FACE('59:46347',(#975),#976,.T.);
#423=ADVANCED_FACE('59:46350',(#977),#978,.F.);
#424=ADVANCED_FACE('60:9941',(#979,#980),#981,.T.);
#425=ADVANCED_FACE('65:18435',(#982),#983,.F.);
#426=ADVANCED_FACE('65:18429',(#984),#985,.F.);
#427=ADVANCED_FACE('65:13879',(#986),#987,.T.);
#428=ADVANCED_FACE('65:18402',(#988),#989,.F.);
#429=ADVANCED_FACE('65:18405',(#990),#991,.F.);
#430=ADVANCED_FACE('65:18408',(#992),#993,.F.);
#431=ADVANCED_FACE('65:18411',(#994),#995,.F.);
#432=ADVANCED_FACE('65:18411',(#996),#997,.F.);
#433=ADVANCED_FACE('65:18408',(#998),#999,.F.);
#434=ADVANCED_FACE('65:18405',(#1000),#1001,.F.);
#435=ADVANCED_FACE('65:18402',(#1002),#1003,.F.);
#436=ADVANCED_FACE('65:730',(#1004),#1005,.T.);
#437=ADVANCED_FACE('65:733',(#1006),#1007,.T.);
#438=ADVANCED_FACE('65:18442',(#1008,#1009),#1010,.T.);
#439=ADVANCED_FACE('65:13879',(#1011),#1012,.T.);
#440=ADVANCED_FACE('65:18452',(#1013,#1014),#1015,.F.);
#441=ADVANCED_FACE('65:727',(#1016),#1017,.T.);
#442=ADVANCED_FACE('65:724',(#1018),#1019,.T.);
#443=ADVANCED_FACE('65:721',(#1020),#1021,.T.);
#444=ADVANCED_FACE('65:718',(#1022),#1023,.T.);
#445=ADVANCED_FACE('65:14178',(#1024),#1025,.T.);
#446=ADVANCED_FACE('65:14181',(#1026),#1027,.T.);
#447=ADVANCED_FACE('65:14184',(#1028),#1029,.T.);
#448=ADVANCED_FACE('65:14187',(#1030),#1031,.T.);
#449=ADVANCED_FACE('65:14190',(#1032),#1033,.T.);
#450=ADVANCED_FACE('65:14193',(#1034),#1035,.T.);
#451=ADVANCED_FACE('65:18429',(#1036),#1037,.F.);
#452=ADVANCED_FACE('65:18435',(#1038),#1039,.F.);
#453=SURFACE_SIDE_STYLE('',(#1040));
#454=SURFACE_SIDE_STYLE('',(#1041));
#455=SURFACE_SIDE_STYLE('',(#1042));
#456=SURFACE_SIDE_STYLE('',(#1043));
#457=SURFACE_SIDE_STYLE('',(#1044));
#459= (NAMED_UNIT(#165)LENGTH_UNIT()SI_UNIT($,.METRE.));
#460=FACE_OUTER_BOUND('',#1046,.T.);
#461=CYLINDRICAL_SURFACE('',#1047,0.006925);
#462=FACE_OUTER_BOUND('',#1048,.T.);
#463=CONICAL_SURFACE('',#1049,0.00544639127624492,0.992904759441777);
#464=FACE_OUTER_BOUND('',#1050,.T.);
#465=CONICAL_SURFACE('',#1051,0.00544639127624492,0.992904759441777);
#466=FACE_OUTER_BOUND('',#1052,.T.);
#467=CYLINDRICAL_SURFACE('',#1053,0.00518);
#468=FACE_OUTER_BOUND('',#1054,.T.);
#469=CYLINDRICAL_SURFACE('',#1055,0.003);
#470=FACE_OUTER_BOUND('',#1056,.T.);
#471=CYLINDRICAL_SURFACE('',#1057,0.001);
#472=FACE_OUTER_BOUND('',#1058,.T.);
#473=CYLINDRICAL_SURFACE('',#1059,0.0005);
#474=FACE_OUTER_BOUND('',#1060,.T.);
#475=CYLINDRICAL_SURFACE('',#1061,0.000500000000000005);
#476=FACE_OUTER_BOUND('',#1062,.T.);
#477=CYLINDRICAL_SURFACE('',#1063,0.00531856450496773);
#478=FACE_OUTER_BOUND('',#1064,.T.);
#479=CYLINDRICAL_SURFACE('',#1065,0.00533);
#480=FACE_OUTER_BOUND('',#1066,.T.);
#481=CONICAL_SURFACE('',#1067,0.00551043617172301,0.992904759441766);
#482=FACE_OUTER_BOUND('',#1068,.T.);
#483=CONICAL_SURFACE('',#1069,0.0051045196094896,0.998468474597463);
#484=FACE_OUTER_BOUND('',#1070,.T.);
#485=CONICAL_SURFACE('',#1071,0.00544639127624488,0.992904759441794);
#486=FACE_OUTER_BOUND('',#1072,.T.);
#487=CYLINDRICAL_SURFACE('',#1073,0.00533);
#488=FACE_OUTER_BOUND('',#1074,.T.);
#489=CONICAL_SURFACE('',#1075,0.00551043617172303,0.992904759441766);
#490=FACE_OUTER_BOUND('',#1076,.T.);
#491=CYLINDRICAL_SURFACE('',#1077,0.00516856450496772);
#492=FACE_OUTER_BOUND('',#1078,.T.);
#493=CONICAL_SURFACE('',#1079,0.0051045196094896,0.98891449548363);
#494=FACE_OUTER_BOUND('',#1080,.T.);
#495=CONICAL_SURFACE('',#1081,0.00544639127624489,0.99290475944177);
#496=FACE_OUTER_BOUND('',#1082,.T.);
#497=CYLINDRICAL_SURFACE('',#1083,0.00533);
#498=FACE_OUTER_BOUND('',#1084,.T.);
#499=CONICAL_SURFACE('',#1085,0.005510436171723,0.99290475944177);
#500=FACE_OUTER_BOUND('',#1086,.T.);
#501=CYLINDRICAL_SURFACE('',#1087,0.00516856450496773);
#502=FACE_OUTER_BOUND('',#1088,.T.);
#503=CONICAL_SURFACE('',#1089,0.00510451960948961,0.988914495483655);
#504=FACE_OUTER_BOUND('',#1090,.T.);
#505=CONICAL_SURFACE('',#1091,0.00544639127624489,0.992904759441766);
#506=FACE_OUTER_BOUND('',#1092,.T.);
#507=CYLINDRICAL_SURFACE('',#1093,0.00533);
#508=FACE_OUTER_BOUND('',#1094,.T.);
#509=CONICAL_SURFACE('',#1095,0.00551043617172301,0.99290475944177);
#510=FACE_OUTER_BOUND('',#1096,.T.);
#511=CONICAL_SURFACE('',#1097,0.00544255785603589,0.992904759441775);
#512=FACE_OUTER_BOUND('',#1098,.T.);
#513=CYLINDRICAL_SURFACE('',#1099,0.00533);
#514=FACE_OUTER_BOUND('',#1100,.T.);
#515=CONICAL_SURFACE('',#1101,0.00550660275151401,0.992904759441772);
#516=FACE_OUTER_BOUND('',#1102,.T.);
#517=CONICAL_SURFACE('',#1103,0.00544639127624495,0.992904759441766);
#518=FACE_OUTER_BOUND('',#1104,.T.);
#519=CYLINDRICAL_SURFACE('',#1105,0.00533);
#520=FACE_OUTER_BOUND('',#1106,.T.);
#521=CONICAL_SURFACE('',#1107,0.005510436171723,0.992904759441777);
#522=FACE_OUTER_BOUND('',#1108,.T.);
#523=CONICAL_SURFACE('',#1109,0.00544639127624488,0.992904759441773);
#524=FACE_OUTER_BOUND('',#1110,.T.);
#525=CYLINDRICAL_SURFACE('',#1111,0.00533);
#526=FACE_OUTER_BOUND('',#1112,.T.);
#527=CONICAL_SURFACE('',#1113,0.005510436171723,0.992904759441777);
#528=FACE_OUTER_BOUND('',#1114,.T.);
#529=CONICAL_SURFACE('',#1115,0.00544639127624488,0.992904759441773);
#530=FACE_OUTER_BOUND('',#1116,.T.);
#531=CYLINDRICAL_SURFACE('',#1117,0.00533);
#532=FACE_OUTER_BOUND('',#1118,.T.);
#533=CONICAL_SURFACE('',#1119,0.005510436171723,0.992904759441777);
#534=FACE_OUTER_BOUND('',#1120,.T.);
#535=CYLINDRICAL_SURFACE('',#1121,0.00518);
#536=FACE_OUTER_BOUND('',#1122,.T.);
#537=CONICAL_SURFACE('',#1123,0.00551043617172303,0.992904759441766);
#538=FACE_OUTER_BOUND('',#1124,.T.);
#539=CYLINDRICAL_SURFACE('',#1125,0.00533);
#540=FACE_OUTER_BOUND('',#1126,.T.);
#541=CONICAL_SURFACE('',#1127,0.00544639127624489,0.99290475944177);
#542=FACE_OUTER_BOUND('',#1128,.T.);
#543=CONICAL_SURFACE('',#1129,0.00544639127624488,0.992904759441794);
#544=FACE_OUTER_BOUND('',#1130,.T.);
#545=CYLINDRICAL_SURFACE('',#1131,0.00533);
#546=FACE_OUTER_BOUND('',#1132,.T.);
#547=CONICAL_SURFACE('',#1133,0.00551043617172301,0.992904759441766);
#548=FACE_OUTER_BOUND('',#1134,.T.);
#549=CONICAL_SURFACE('',#1135,0.005510436171723,0.99290475944177);
#550=FACE_OUTER_BOUND('',#1136,.T.);
#551=CYLINDRICAL_SURFACE('',#1137,0.00533);
#552=FACE_OUTER_BOUND('',#1138,.T.);
#553=CONICAL_SURFACE('',#1139,0.00544639127624489,0.992904759441766);
#554=FACE_OUTER_BOUND('',#1140,.T.);
#555=CONICAL_SURFACE('',#1141,0.00551043617172301,0.99290475944177);
#556=FACE_OUTER_BOUND('',#1142,.T.);
#557=CYLINDRICAL_SURFACE('',#1143,0.00533);
#558=FACE_OUTER_BOUND('',#1144,.T.);
#559=CONICAL_SURFACE('',#1145,0.00544255785603589,0.992904759441775);
#560=FACE_OUTER_BOUND('',#1146,.T.);
#561=CONICAL_SURFACE('',#1147,0.00550660275151401,0.992904759441772);
#562=FACE_OUTER_BOUND('',#1148,.T.);
#563=CYLINDRICAL_SURFACE('',#1149,0.00533);
#564=FACE_OUTER_BOUND('',#1150,.T.);
#565=CONICAL_SURFACE('',#1151,0.00544639127624495,0.992904759441766);
#566=FACE_OUTER_BOUND('',#1152,.T.);
#567=CONICAL_SURFACE('',#1153,0.005510436171723,0.992904759441777);
#568=FACE_OUTER_BOUND('',#1154,.T.);
#569=CYLINDRICAL_SURFACE('',#1155,0.00533);
#570=FACE_OUTER_BOUND('',#1156,.T.);
#571=CONICAL_SURFACE('',#1157,0.00544639127624488,0.992904759441773);
#572=FACE_OUTER_BOUND('',#1158,.T.);
#573=CONICAL_SURFACE('',#1159,0.005510436171723,0.992904759441777);
#574=FACE_OUTER_BOUND('',#1160,.T.);
#575=CYLINDRICAL_SURFACE('',#1161,0.00533);
#576=FACE_OUTER_BOUND('',#1162,.T.);
#577=CONICAL_SURFACE('',#1163,0.00544639127624488,0.992904759441773);
#578=FACE_OUTER_BOUND('',#1164,.T.);
#579=CONICAL_SURFACE('',#1165,0.005510436171723,0.992904759441777);
#580=FACE_OUTER_BOUND('',#1166,.T.);
#581=CYLINDRICAL_SURFACE('',#1167,0.00533);
#582=FACE_OUTER_BOUND('',#1168,.T.);
#583=CONICAL_SURFACE('',#1169,0.00551291016383458,0.992904759441769);
#584=FACE_OUTER_BOUND('',#1170,.T.);
#585=CONICAL_SURFACE('',#1171,0.00551291016383458,0.992904759441769);
#586=FACE_OUTER_BOUND('',#1172,.T.);
#587=PLANE('',#1173);
#588=FACE_OUTER_BOUND('',#1174,.T.);
#589=PLANE('',#1175);
#590=FACE_OUTER_BOUND('',#1176,.T.);
#591=CONICAL_SURFACE('',#1177,0.00551291016383458,0.992904759441769);
#592=FACE_OUTER_BOUND('',#1178,.T.);
#593=CONICAL_SURFACE('',#1179,0.00551291016383458,0.992904759441769);
#594=FACE_OUTER_BOUND('',#1180,.T.);
#595=CYLINDRICAL_SURFACE('',#1181,0.00533);
#596=FACE_OUTER_BOUND('',#1182,.T.);
#597=CONICAL_SURFACE('',#1183,0.005510436171723,0.992904759441777);
#598=FACE_OUTER_BOUND('',#1184,.T.);
#599=CONICAL_SURFACE('',#1185,0.00544639127624488,0.992904759441773);
#600=FACE_OUTER_BOUND('',#1186,.T.);
#601=CYLINDRICAL_SURFACE('',#1187,0.00533);
#602=FACE_OUTER_BOUND('',#1188,.T.);
#603=CONICAL_SURFACE('',#1189,0.005510436171723,0.992904759441777);
#604=FACE_OUTER_BOUND('',#1190,.T.);
#605=CONICAL_SURFACE('',#1191,0.00544639127624488,0.992904759441773);
#606=FACE_OUTER_BOUND('',#1192,.T.);
#607=CYLINDRICAL_SURFACE('',#1193,0.00533);
#608=FACE_OUTER_BOUND('',#1194,.T.);
#609=CONICAL_SURFACE('',#1195,0.005510436171723,0.992904759441777);
#610=FACE_OUTER_BOUND('',#1196,.T.);
#611=CONICAL_SURFACE('',#1197,0.00544639127624495,0.992904759441766);
#612=FACE_OUTER_BOUND('',#1198,.T.);
#613=CYLINDRICAL_SURFACE('',#1199,0.00533);
#614=FACE_OUTER_BOUND('',#1200,.T.);
#615=CONICAL_SURFACE('',#1201,0.00550660275151401,0.992904759441772);
#616=FACE_OUTER_BOUND('',#1202,.T.);
#617=CONICAL_SURFACE('',#1203,0.00544255785603589,0.992904759441775);
#618=FACE_OUTER_BOUND('',#1204,.T.);
#619=CYLINDRICAL_SURFACE('',#1205,0.00533);
#620=FACE_OUTER_BOUND('',#1206,.T.);
#621=CONICAL_SURFACE('',#1207,0.00551043617172301,0.99290475944177);
#622=FACE_OUTER_BOUND('',#1208,.T.);
#623=CONICAL_SURFACE('',#1209,0.00544639127624489,0.992904759441766);
#624=FACE_OUTER_BOUND('',#1210,.T.);
#625=CYLINDRICAL_SURFACE('',#1211,0.00533);
#626=FACE_OUTER_BOUND('',#1212,.T.);
#627=CONICAL_SURFACE('',#1213,0.005510436171723,0.99290475944177);
#628=FACE_OUTER_BOUND('',#1214,.T.);
#629=CONICAL_SURFACE('',#1215,0.00551043617172301,0.992904759441766);
#630=FACE_OUTER_BOUND('',#1216,.T.);
#631=CYLINDRICAL_SURFACE('',#1217,0.00533);
#632=FACE_OUTER_BOUND('',#1218,.T.);
#633=CONICAL_SURFACE('',#1219,0.00544639127624488,0.992904759441794);
#634=FACE_OUTER_BOUND('',#1220,.T.);
#635=CONICAL_SURFACE('',#1221,0.00544639127624489,0.99290475944177);
#636=FACE_OUTER_BOUND('',#1222,.T.);
#637=CYLINDRICAL_SURFACE('',#1223,0.00533);
#638=FACE_OUTER_BOUND('',#1224,.T.);
#639=CONICAL_SURFACE('',#1225,0.00551043617172303,0.992904759441766);
#640=FACE_OUTER_BOUND('',#1226,.T.);
#641=CYLINDRICAL_SURFACE('',#1227,0.00518);
#642=FACE_OUTER_BOUND('',#1228,.T.);
#643=FACE_BOUND('',#1229,.T.);
#644=FACE_BOUND('',#1230,.T.);
#645=FACE_BOUND('',#1231,.T.);
#646=PLANE('',#1232);
#647=FACE_OUTER_BOUND('',#1233,.T.);
#648=CONICAL_SURFACE('',#1234,0.005510436171723,0.992904759441777);
#649=FACE_OUTER_BOUND('',#1235,.T.);
#650=CYLINDRICAL_SURFACE('',#1236,0.00533);
#651=FACE_OUTER_BOUND('',#1237,.T.);
#652=CONICAL_SURFACE('',#1238,0.00544639127624488,0.992904759441773);
#653=FACE_OUTER_BOUND('',#1239,.T.);
#654=CONICAL_SURFACE('',#1240,0.005510436171723,0.992904759441777);
#655=FACE_OUTER_BOUND('',#1241,.T.);
#656=CYLINDRICAL_SURFACE('',#1242,0.00533);
#657=FACE_OUTER_BOUND('',#1243,.T.);
#658=CONICAL_SURFACE('',#1244,0.00544639127624488,0.992904759441773);
#659=FACE_OUTER_BOUND('',#1245,.T.);
#660=CONICAL_SURFACE('',#1246,0.005510436171723,0.992904759441777);
#661=FACE_OUTER_BOUND('',#1247,.T.);
#662=CYLINDRICAL_SURFACE('',#1248,0.00533);
#663=FACE_OUTER_BOUND('',#1249,.T.);
#664=CONICAL_SURFACE('',#1250,0.00544639127624495,0.992904759441766);
#665=FACE_OUTER_BOUND('',#1251,.T.);
#666=CONICAL_SURFACE('',#1252,0.00550660275151401,0.992904759441772);
#667=FACE_OUTER_BOUND('',#1253,.T.);
#668=CYLINDRICAL_SURFACE('',#1254,0.00533);
#669=FACE_OUTER_BOUND('',#1255,.T.);
#670=CONICAL_SURFACE('',#1256,0.00544255785603589,0.992904759441775);
#671=FACE_OUTER_BOUND('',#1257,.T.);
#672=CONICAL_SURFACE('',#1258,0.00551043617172301,0.99290475944177);
#673=FACE_OUTER_BOUND('',#1259,.T.);
#674=CYLINDRICAL_SURFACE('',#1260,0.00533);
#675=FACE_OUTER_BOUND('',#1261,.T.);
#676=PLANE('',#1262);
#677=FACE_OUTER_BOUND('',#1263,.T.);
#678=PLANE('',#1264);
#679=FACE_OUTER_BOUND('',#1265,.T.);
#680=CONICAL_SURFACE('',#1266,0.00544639127624489,0.992904759441766);
#681=FACE_OUTER_BOUND('',#1267,.T.);
#682=CONICAL_SURFACE('',#1268,0.00510451960948961,0.988914495483655);
#683=FACE_OUTER_BOUND('',#1269,.T.);
#684=CYLINDRICAL_SURFACE('',#1270,0.00516856450496773);
#685=FACE_OUTER_BOUND('',#1271,.T.);
#686=CONICAL_SURFACE('',#1272,0.005510436171723,0.99290475944177);
#687=FACE_OUTER_BOUND('',#1273,.T.);
#688=CYLINDRICAL_SURFACE('',#1274,0.00533);
#689=FACE_OUTER_BOUND('',#1275,.T.);
#690=PLANE('',#1276);
#691=FACE_OUTER_BOUND('',#1277,.T.);
#692=PLANE('',#1278);
#693=FACE_OUTER_BOUND('',#1279,.T.);
#694=CONICAL_SURFACE('',#1280,0.00544639127624489,0.99290475944177);
#695=FACE_OUTER_BOUND('',#1281,.T.);
#696=CONICAL_SURFACE('',#1282,0.0051045196094896,0.98891449548363);
#697=FACE_OUTER_BOUND('',#1283,.T.);
#698=CYLINDRICAL_SURFACE('',#1284,0.00516856450496772);
#699=FACE_OUTER_BOUND('',#1285,.T.);
#700=CONICAL_SURFACE('',#1286,0.00551043617172303,0.992904759441766);
#701=FACE_OUTER_BOUND('',#1287,.T.);
#702=CYLINDRICAL_SURFACE('',#1288,0.00533);
#703=FACE_OUTER_BOUND('',#1289,.T.);
#704=CONICAL_SURFACE('',#1290,0.00544639127624488,0.992904759441794);
#705=FACE_OUTER_BOUND('',#1291,.T.);
#706=CONICAL_SURFACE('',#1292,0.0051045196094896,0.998468474597463);
#707=FACE_OUTER_BOUND('',#1293,.T.);
#708=CONICAL_SURFACE('',#1294,0.00551043617172301,0.992904759441766);
#709=FACE_OUTER_BOUND('',#1295,.T.);
#710=CYLINDRICAL_SURFACE('',#1296,0.00533);
#711=FACE_OUTER_BOUND('',#1297,.T.);
#712=CYLINDRICAL_SURFACE('',#1298,0.00531856450496773);
#713=FACE_OUTER_BOUND('',#1299,.T.);
#714=CYLINDRICAL_SURFACE('',#1300,0.000500000000000005);
#715=FACE_OUTER_BOUND('',#1301,.T.);
#716=PLANE('',#1302);
#717=FACE_OUTER_BOUND('',#1303,.T.);
#718=PLANE('',#1304);
#719=FACE_OUTER_BOUND('',#1305,.T.);
#720=CYLINDRICAL_SURFACE('',#1306,0.0005);
#721=FACE_OUTER_BOUND('',#1307,.T.);
#722=CYLINDRICAL_SURFACE('',#1308,0.001);
#723=FACE_OUTER_BOUND('',#1309,.T.);
#724=PLANE('',#1310);
#725=FACE_OUTER_BOUND('',#1311,.T.);
#726=PLANE('',#1312);
#727=FACE_OUTER_BOUND('',#1313,.T.);
#728=PLANE('',#1314);
#729=FACE_OUTER_BOUND('',#1315,.T.);
#730=PLANE('',#1316);
#731=FACE_OUTER_BOUND('',#1317,.T.);
#732=PLANE('',#1318);
#733=FACE_OUTER_BOUND('',#1319,.T.);
#734=PLANE('',#1320);
#735=FACE_OUTER_BOUND('',#1321,.T.);
#736=PLANE('',#1322);
#737=FACE_OUTER_BOUND('',#1323,.T.);
#738=CYLINDRICAL_SURFACE('',#1324,0.003);
#739=FACE_OUTER_BOUND('',#1325,.T.);
#740=CYLINDRICAL_SURFACE('',#1326,0.00518);
#741=FACE_OUTER_BOUND('',#1327,.T.);
#742=CONICAL_SURFACE('',#1328,0.00544639127624492,0.992904759441777);
#743=FACE_BOUND('',#1329,.T.);
#744=FACE_OUTER_BOUND('',#1330,.T.);
#745=PLANE('',#1331);
#746=FACE_OUTER_BOUND('',#1332,.T.);
#747=FACE_BOUND('',#1333,.T.);
#748=PLANE('',#1334);
#749=FACE_OUTER_BOUND('',#1335,.T.);
#750=CYLINDRICAL_SURFACE('',#1336,0.006925);
#751=FACE_BOUND('',#1337,.T.);
#752=FACE_OUTER_BOUND('',#1338,.T.);
#753=PLANE('',#1339);
#754=FACE_OUTER_BOUND('',#1340,.T.);
#755=PLANE('',#1341);
#756=FACE_OUTER_BOUND('',#1342,.T.);
#757=PLANE('',#1343);
#758=FACE_OUTER_BOUND('',#1344,.T.);
#759=PLANE('',#1345);
#760=FACE_OUTER_BOUND('',#1346,.T.);
#761=PLANE('',#1347);
#762=FACE_OUTER_BOUND('',#1348,.T.);
#763=PLANE('',#1349);
#764=FACE_OUTER_BOUND('',#1350,.T.);
#765=PLANE('',#1351);
#766=FACE_OUTER_BOUND('',#1352,.T.);
#767=PLANE('',#1353);
#768=FACE_OUTER_BOUND('',#1354,.T.);
#769=PLANE('',#1355);
#770=FACE_OUTER_BOUND('',#1356,.T.);
#771=PLANE('',#1357);
#772=FACE_OUTER_BOUND('',#1358,.T.);
#773=PLANE('',#1359);
#774=FACE_OUTER_BOUND('',#1360,.T.);
#775=PLANE('',#1361);
#776=FACE_OUTER_BOUND('',#1362,.T.);
#777=PLANE('',#1363);
#778=FACE_OUTER_BOUND('',#1364,.T.);
#779=PLANE('',#1365);
#780=FACE_OUTER_BOUND('',#1366,.T.);
#781=PLANE('',#1367);
#782=FACE_BOUND('',#1368,.T.);
#783=FACE_OUTER_BOUND('',#1369,.T.);
#784=PLANE('',#1370);
#785=FACE_OUTER_BOUND('',#1371,.T.);
#786=TOROIDAL_SURFACE('',#1372,0.000260000000000002,0.00024);
#787=FACE_OUTER_BOUND('',#1373,.T.);
#788=CYLINDRICAL_SURFACE('',#1374,0.00148014326155533);
#789=FACE_OUTER_BOUND('',#1375,.T.);
#790=CYLINDRICAL_SURFACE('',#1376,0.000500000000000002);
#791=FACE_OUTER_BOUND('',#1377,.T.);
#792=CYLINDRICAL_SURFACE('',#1378,0.000500000000000005);
#793=FACE_OUTER_BOUND('',#1379,.T.);
#794=CYLINDRICAL_SURFACE('',#1380,0.00136588962423852);
#795=FACE_OUTER_BOUND('',#1381,.T.);
#796=CYLINDRICAL_SURFACE('',#1382,0.00135331045814677);
#797=FACE_OUTER_BOUND('',#1383,.T.);
#798=CYLINDRICAL_SURFACE('',#1384,0.000563901928522084);
#799=FACE_OUTER_BOUND('',#1385,.T.);
#800=CYLINDRICAL_SURFACE('',#1386,0.000500000000000005);
#801=FACE_OUTER_BOUND('',#1387,.T.);
#802=CYLINDRICAL_SURFACE('',#1388,0.00090516913105729);
#803=FACE_OUTER_BOUND('',#1389,.T.);
#804=CYLINDRICAL_SURFACE('',#1390,0.00090516913105729);
#805=FACE_BOUND('',#1391,.T.);
#806=FACE_OUTER_BOUND('',#1392,.T.);
#807=PLANE('',#1393);
#808=FACE_OUTER_BOUND('',#1394,.T.);
#809=PLANE('',#1395);
#810=FACE_OUTER_BOUND('',#1396,.T.);
#811=CYLINDRICAL_SURFACE('',#1397,0.000500000000000005);
#812=FACE_OUTER_BOUND('',#1398,.T.);
#813=CYLINDRICAL_SURFACE('',#1399,0.000563901928522084);
#814=FACE_OUTER_BOUND('',#1400,.T.);
#815=PLANE('',#1401);
#816=FACE_OUTER_BOUND('',#1402,.T.);
#817=PLANE('',#1403);
#818=FACE_OUTER_BOUND('',#1404,.T.);
#819=PLANE('',#1405);
#820=FACE_BOUND('',#1406,.T.);
#821=FACE_OUTER_BOUND('',#1407,.T.);
#822=PLANE('',#1408);
#823=FACE_OUTER_BOUND('',#1409,.T.);
#824=FACE_BOUND('',#1410,.T.);
#825=PLANE('',#1411);
#826=FACE_OUTER_BOUND('',#1412,.T.);
#827=CYLINDRICAL_SURFACE('',#1413,0.00135331045814677);
#828=FACE_OUTER_BOUND('',#1414,.T.);
#829=PLANE('',#1415);
#830=FACE_OUTER_BOUND('',#1416,.T.);
#831=PLANE('',#1417);
#832=FACE_OUTER_BOUND('',#1418,.T.);
#833=FACE_BOUND('',#1419,.T.);
#834=PLANE('',#1420);
#835=FACE_OUTER_BOUND('',#1421,.T.);
#836=FACE_BOUND('',#1422,.T.);
#837=PLANE('',#1423);
#838=FACE_OUTER_BOUND('',#1424,.T.);
#839=CYLINDRICAL_SURFACE('',#1425,0.00136588962423852);
#840=FACE_OUTER_BOUND('',#1426,.T.);
#841=CYLINDRICAL_SURFACE('',#1427,0.000500000000000005);
#842=FACE_BOUND('',#1428,.T.);
#843=FACE_OUTER_BOUND('',#1429,.T.);
#844=PLANE('',#1430);
#845=FACE_OUTER_BOUND('',#1431,.T.);
#846=CYLINDRICAL_SURFACE('',#1432,0.000500000000000002);
#847=FACE_OUTER_BOUND('',#1433,.T.);
#848=CYLINDRICAL_SURFACE('',#1434,0.00148014326155533);
#849=FACE_BOUND('',#1435,.T.);
#850=FACE_OUTER_BOUND('',#1436,.T.);
#851=PLANE('',#1437);
#852=FACE_OUTER_BOUND('',#1438,.T.);
#853=TOROIDAL_SURFACE('',#1439,0.000260000000000002,0.00024);
#854=FACE_OUTER_BOUND('',#1440,.T.);
#855=PLANE('',#1441);
#856=FACE_OUTER_BOUND('',#1442,.T.);
#857=CYLINDRICAL_SURFACE('',#1443,0.00135331045814688);
#858=FACE_OUTER_BOUND('',#1444,.T.);
#859=CYLINDRICAL_SURFACE('',#1445,0.00135331045814688);
#860=FACE_OUTER_BOUND('',#1446,.T.);
#861=CYLINDRICAL_SURFACE('',#1447,0.000625275956724178);
#862=FACE_OUTER_BOUND('',#1448,.T.);
#863=CYLINDRICAL_SURFACE('',#1449,0.00026);
#864=FACE_OUTER_BOUND('',#1450,.T.);
#865=CYLINDRICAL_SURFACE('',#1451,0.00064);
#866=FACE_OUTER_BOUND('',#1452,.T.);
#867=CYLINDRICAL_SURFACE('',#1453,0.00053);
#868=FACE_OUTER_BOUND('',#1454,.T.);
#869=PLANE('',#1455);
#870=FACE_OUTER_BOUND('',#1456,.T.);
#871=CYLINDRICAL_SURFACE('',#1457,0.00053);
#872=FACE_OUTER_BOUND('',#1458,.T.);
#873=PLANE('',#1459);
#874=FACE_OUTER_BOUND('',#1460,.T.);
#875=PLANE('',#1461);
#876=FACE_OUTER_BOUND('',#1462,.T.);
#877=PLANE('',#1463);
#878=FACE_OUTER_BOUND('',#1464,.T.);
#879=PLANE('',#1465);
#880=FACE_OUTER_BOUND('',#1466,.T.);
#881=PLANE('',#1467);
#882=FACE_OUTER_BOUND('',#1468,.T.);
#883=PLANE('',#1469);
#884=FACE_OUTER_BOUND('',#1470,.T.);
#885=PLANE('',#1471);
#886=FACE_OUTER_BOUND('',#1472,.T.);
#887=CYLINDRICAL_SURFACE('',#1473,0.00064);
#888=FACE_OUTER_BOUND('',#1474,.T.);
#889=PLANE('',#1475);
#890=FACE_OUTER_BOUND('',#1476,.T.);
#891=PLANE('',#1477);
#892=FACE_OUTER_BOUND('',#1478,.T.);
#893=CYLINDRICAL_SURFACE('',#1479,0.00026);
#894=FACE_OUTER_BOUND('',#1480,.T.);
#895=PLANE('',#1481);
#896=FACE_OUTER_BOUND('',#1482,.T.);
#897=FACE_BOUND('',#1483,.T.);
#898=PLANE('',#1484);
#899=FACE_OUTER_BOUND('',#1485,.T.);
#900=PLANE('',#1486);
#901=FACE_OUTER_BOUND('',#1487,.T.);
#902=PLANE('',#1488);
#903=FACE_OUTER_BOUND('',#1489,.T.);
#904=CYLINDRICAL_SURFACE('',#1490,0.000625275956724178);
#905=FACE_OUTER_BOUND('',#1491,.T.);
#906=CYLINDRICAL_SURFACE('',#1492,0.00135331045814688);
#907=FACE_OUTER_BOUND('',#1493,.T.);
#908=PLANE('',#1494);
#909=FACE_OUTER_BOUND('',#1495,.T.);
#910=PLANE('',#1496);
#911=FACE_OUTER_BOUND('',#1497,.T.);
#912=PLANE('',#1498);
#913=FACE_OUTER_BOUND('',#1499,.T.);
#914=PLANE('',#1500);
#915=FACE_OUTER_BOUND('',#1501,.T.);
#916=PLANE('',#1502);
#917=FACE_OUTER_BOUND('',#1503,.T.);
#918=B_SPLINE_SURFACE_WITH_KNOTS('',3,3,((#1504,#1505,#1506,#1507,#1508,#1509,#1510,#1511),(#1512,#1513,#1514,#1515,#1516,#1517,#1518,#1519),(#1520,#1521,#1522,#1523,#1524,#1525,#1526,#1527),(#1528,#1529,#1530,#1531,#1532,#1533,#1534,#1535)),.UNSPECIFIED.,.F.,.F.,.F.,(4,4),(4,2,2,4),(0.0,1.0),(0.0,0.00160000000000005,0.00430602958074251,0.00541205916148491),.UNSPECIFIED.);
#919=FACE_OUTER_BOUND('',#1536,.T.);
#920=B_SPLINE_SURFACE_WITH_KNOTS('',3,3,((#1537,#1538,#1539,#1540,#1541,#1542,#1543,#1544),(#1545,#1546,#1547,#1548,#1549,#1550,#1551,#1552),(#1553,#1554,#1555,#1556,#1557,#1558,#1559,#1560),(#1561,#1562,#1563,#1564,#1565,#1566,#1567,#1568)),.UNSPECIFIED.,.F.,.F.,.F.,(4,4),(4,2,2,4),(0.0,1.0),(0.0,0.00237205916148484,0.00381205916148487,0.00541205916148491),.UNSPECIFIED.);
#921=FACE_OUTER_BOUND('',#1569,.T.);
#922=FACE_BOUND('',#1570,.T.);
#923=PLANE('',#1571);
#924=FACE_OUTER_BOUND('',#1572,.T.);
#925=PLANE('',#1573);
#926=FACE_OUTER_BOUND('',#1574,.T.);
#927=CYLINDRICAL_SURFACE('',#1575,0.000625275956724178);
#928=FACE_OUTER_BOUND('',#1576,.T.);
#929=CYLINDRICAL_SURFACE('',#1577,0.00135331045814688);
#930=FACE_OUTER_BOUND('',#1578,.T.);
#931=CYLINDRICAL_SURFACE('',#1579,0.00135331045814688);
#932=FACE_OUTER_BOUND('',#1580,.T.);
#933=CYLINDRICAL_SURFACE('',#1581,0.001);
#934=FACE_OUTER_BOUND('',#1582,.T.);
#935=CYLINDRICAL_SURFACE('',#1583,0.0005);
#936=FACE_OUTER_BOUND('',#1584,.T.);
#937=CYLINDRICAL_SURFACE('',#1585,0.0005);
#938=FACE_OUTER_BOUND('',#1586,.T.);
#939=PLANE('',#1587);
#940=FACE_OUTER_BOUND('',#1588,.T.);
#941=CYLINDRICAL_SURFACE('',#1589,0.001);
#942=FACE_OUTER_BOUND('',#1590,.T.);
#943=PLANE('',#1591);
#944=FACE_OUTER_BOUND('',#1592,.T.);
#945=PLANE('',#1593);
#946=FACE_BOUND('',#1594,.T.);
#947=FACE_OUTER_BOUND('',#1595,.T.);
#948=PLANE('',#1596);
#949=FACE_OUTER_BOUND('',#1597,.T.);
#950=PLANE('',#1598);
#951=FACE_OUTER_BOUND('',#1599,.T.);
#952=PLANE('',#1600);
#953=FACE_OUTER_BOUND('',#1601,.T.);
#954=PLANE('',#1602);
#955=FACE_OUTER_BOUND('',#1603,.T.);
#956=B_SPLINE_SURFACE_WITH_KNOTS('',3,3,((#1604,#1605,#1606,#1607,#1608,#1609,#1610,#1611),(#1612,#1613,#1614,#1615,#1616,#1617,#1618,#1619),(#1620,#1621,#1622,#1623,#1624,#1625,#1626,#1627),(#1628,#1629,#1630,#1631,#1632,#1633,#1634,#1635)),.UNSPECIFIED.,.F.,.F.,.F.,(4,4),(4,2,2,4),(0.0,1.0),(0.0,0.00160000000000005,0.00430602958074251,0.00541205916148491),.UNSPECIFIED.);
#957=FACE_OUTER_BOUND('',#1636,.T.);
#958=PLANE('',#1637);
#959=FACE_OUTER_BOUND('',#1638,.T.);
#960=PLANE('',#1639);
#961=FACE_OUTER_BOUND('',#1640,.T.);
#962=PLANE('',#1641);
#963=FACE_OUTER_BOUND('',#1642,.T.);
#964=PLANE('',#1643);
#965=FACE_OUTER_BOUND('',#1644,.T.);
#966=PLANE('',#1645);
#967=FACE_OUTER_BOUND('',#1646,.T.);
#968=PLANE('',#1647);
#969=FACE_OUTER_BOUND('',#1648,.T.);
#970=PLANE('',#1649);
#971=FACE_OUTER_BOUND('',#1650,.T.);
#972=PLANE('',#1651);
#973=FACE_OUTER_BOUND('',#1652,.T.);
#974=PLANE('',#1653);
#975=FACE_OUTER_BOUND('',#1654,.T.);
#976=CYLINDRICAL_SURFACE('',#1655,0.00135331045814688);
#977=FACE_OUTER_BOUND('',#1656,.T.);
#978=CYLINDRICAL_SURFACE('',#1657,0.000625275956724178);
#979=FACE_OUTER_BOUND('',#1658,.T.);
#980=FACE_BOUND('',#1659,.T.);
#981=PLANE('',#1660);
#982=FACE_OUTER_BOUND('',#1661,.T.);
#983=CYLINDRICAL_SURFACE('',#1662,0.00550000000000001);
#984=FACE_OUTER_BOUND('',#1663,.T.);
#985=CYLINDRICAL_SURFACE('',#1664,0.00550000000000001);
#986=FACE_OUTER_BOUND('',#1665,.T.);
#987=TOROIDAL_SURFACE('',#1666,0.00693428543975073,0.00131586430852663);
#988=FACE_OUTER_BOUND('',#1667,.T.);
#989=CONICAL_SURFACE('',#1668,0.00544639127624495,0.992904759441766);
#990=FACE_OUTER_BOUND('',#1669,.T.);
#991=CONICAL_SURFACE('',#1670,0.00550660275151401,0.992904759441772);
#992=FACE_OUTER_BOUND('',#1671,.T.);
#993=CONICAL_SURFACE('',#1672,0.00544255785603589,0.992904759441775);
#994=FACE_OUTER_BOUND('',#1673,.T.);
#995=CONICAL_SURFACE('',#1674,0.00551043617172301,0.99290475944177);
#996=FACE_OUTER_BOUND('',#1675,.T.);
#997=CONICAL_SURFACE('',#1676,0.00551043617172301,0.99290475944177);
#998=FACE_OUTER_BOUND('',#1677,.T.);
#999=CONICAL_SURFACE('',#1678,0.00544255785603589,0.992904759441775);
#1000=FACE_OUTER_BOUND('',#1679,.T.);
#1001=CONICAL_SURFACE('',#1680,0.00550660275151401,0.992904759441772);
#1002=FACE_OUTER_BOUND('',#1681,.T.);
#1003=CONICAL_SURFACE('',#1682,0.00544639127624495,0.992904759441766);
#1004=FACE_OUTER_BOUND('',#1683,.T.);
#1005=PLANE('',#1684);
#1006=FACE_OUTER_BOUND('',#1685,.T.);
#1007=PLANE('',#1686);
#1008=FACE_BOUND('',#1687,.T.);
#1009=FACE_OUTER_BOUND('',#1688,.T.);
#1010=PLANE('',#1689);
#1011=FACE_OUTER_BOUND('',#1690,.T.);
#1012=TOROIDAL_SURFACE('',#1691,0.00693428543975073,0.00131586430852663);
#1013=FACE_BOUND('',#1692,.T.);
#1014=FACE_OUTER_BOUND('',#1693,.T.);
#1015=PLANE('',#1694);
#1016=FACE_OUTER_BOUND('',#1695,.T.);
#1017=PLANE('',#1696);
#1018=FACE_OUTER_BOUND('',#1697,.T.);
#1019=PLANE('',#1698);
#1020=FACE_OUTER_BOUND('',#1699,.T.);
#1021=PLANE('',#1700);
#1022=FACE_OUTER_BOUND('',#1701,.T.);
#1023=PLANE('',#1702);
#1024=FACE_OUTER_BOUND('',#1703,.T.);
#1025=TOROIDAL_SURFACE('',#1704,0.0070359342241386,0.00131586430852664);
#1026=FACE_OUTER_BOUND('',#1705,.T.);
#1027=TOROIDAL_SURFACE('',#1706,0.0070359342241386,0.00131586430852664);
#1028=FACE_OUTER_BOUND('',#1707,.T.);
#1029=TOROIDAL_SURFACE('',#1708,0.0070359342241386,0.00131586430852664);
#1030=FACE_OUTER_BOUND('',#1709,.T.);
#1031=TOROIDAL_SURFACE('',#1710,0.0070359342241386,0.00131586430852664);
#1032=FACE_OUTER_BOUND('',#1711,.T.);
#1033=TOROIDAL_SURFACE('',#1712,0.0070359342241386,0.00131586430852664);
#1034=FACE_OUTER_BOUND('',#1713,.T.);
#1035=TOROIDAL_SURFACE('',#1714,0.0070359342241386,0.00131586430852664);
#1036=FACE_OUTER_BOUND('',#1715,.T.);
#1037=CYLINDRICAL_SURFACE('',#1716,0.00550000000000001);
#1038=FACE_OUTER_BOUND('',#1717,.T.);
#1039=CYLINDRICAL_SURFACE('',#1718,0.00550000000000001);
#1040=SURFACE_STYLE_FILL_AREA(#1719);
#1041=SURFACE_STYLE_FILL_AREA(#1720);
#1042=SURFACE_STYLE_FILL_AREA(#1721);
#1043=SURFACE_STYLE_FILL_AREA(#1722);
#1044=SURFACE_STYLE_FILL_AREA(#1723);
#1046=EDGE_LOOP('',(#1724,#1725,#1726,#1727,#1728));
#1047=AXIS2_PLACEMENT_3D('',#1729,#1730,#1731);
#1048=EDGE_LOOP('',(#1732,#1733,#1734,#1735));
#1049=AXIS2_PLACEMENT_3D('',#1736,#1737,#1738);
#1050=EDGE_LOOP('',(#1739,#1740,#1741,#1742,#1743,#1744,#1745));
#1051=AXIS2_PLACEMENT_3D('',#1746,#1747,#1748);
#1052=EDGE_LOOP('',(#1749,#1750,#1751,#1752));
#1053=AXIS2_PLACEMENT_3D('',#1753,#1754,#1755);
#1054=EDGE_LOOP('',(#1756,#1757,#1758,#1759,#1760,#1761));
#1055=AXIS2_PLACEMENT_3D('',#1762,#1763,#1764);
#1056=EDGE_LOOP('',(#1765,#1766,#1767,#1768,#1769));
#1057=AXIS2_PLACEMENT_3D('',#1770,#1771,#1772);
#1058=EDGE_LOOP('',(#1773,#1774,#1775,#1776,#1777));
#1059=AXIS2_PLACEMENT_3D('',#1778,#1779,#1780);
#1060=EDGE_LOOP('',(#1781,#1782,#1783,#1784));
#1061=AXIS2_PLACEMENT_3D('',#1785,#1786,#1787);
#1062=EDGE_LOOP('',(#1788,#1789,#1790,#1791));
#1063=AXIS2_PLACEMENT_3D('',#1792,#1793,#1794);
#1064=EDGE_LOOP('',(#1795,#1796,#1797,#1798,#1799,#1800));
#1065=AXIS2_PLACEMENT_3D('',#1801,#1802,#1803);
#1066=EDGE_LOOP('',(#1804,#1805,#1806,#1807,#1808));
#1067=AXIS2_PLACEMENT_3D('',#1809,#1810,#1811);
#1068=EDGE_LOOP('',(#1812,#1813,#1814));
#1069=AXIS2_PLACEMENT_3D('',#1815,#1816,#1817);
#1070=EDGE_LOOP('',(#1818,#1819,#1820,#1821));
#1071=AXIS2_PLACEMENT_3D('',#1822,#1823,#1824);
#1072=EDGE_LOOP('',(#1825,#1826,#1827,#1828,#1829,#1830));
#1073=AXIS2_PLACEMENT_3D('',#1831,#1832,#1833);
#1074=EDGE_LOOP('',(#1834,#1835,#1836,#1837,#1838,#1839));
#1075=AXIS2_PLACEMENT_3D('',#1840,#1841,#1842);
#1076=EDGE_LOOP('',(#1843,#1844,#1845,#1846));
#1077=AXIS2_PLACEMENT_3D('',#1847,#1848,#1849);
#1078=EDGE_LOOP('',(#1850,#1851,#1852,#1853));
#1079=AXIS2_PLACEMENT_3D('',#1854,#1855,#1856);
#1080=EDGE_LOOP('',(#1857,#1858,#1859,#1860));
#1081=AXIS2_PLACEMENT_3D('',#1861,#1862,#1863);
#1082=EDGE_LOOP('',(#1864,#1865,#1866,#1867,#1868,#1869));
#1083=AXIS2_PLACEMENT_3D('',#1870,#1871,#1872);
#1084=EDGE_LOOP('',(#1873,#1874,#1875,#1876,#1877,#1878));
#1085=AXIS2_PLACEMENT_3D('',#1879,#1880,#1881);
#1086=EDGE_LOOP('',(#1882,#1883,#1884,#1885));
#1087=AXIS2_PLACEMENT_3D('',#1886,#1887,#1888);
#1088=EDGE_LOOP('',(#1889,#1890,#1891,#1892));
#1089=AXIS2_PLACEMENT_3D('',#1893,#1894,#1895);
#1090=EDGE_LOOP('',(#1896,#1897,#1898,#1899));
#1091=AXIS2_PLACEMENT_3D('',#1900,#1901,#1902);
#1092=EDGE_LOOP('',(#1903,#1904,#1905,#1906));
#1093=AXIS2_PLACEMENT_3D('',#1907,#1908,#1909);
#1094=EDGE_LOOP('',(#1910,#1911,#1912,#1913));
#1095=AXIS2_PLACEMENT_3D('',#1914,#1915,#1916);
#1096=EDGE_LOOP('',(#1917,#1918,#1919,#1920));
#1097=AXIS2_PLACEMENT_3D('',#1921,#1922,#1923);
#1098=EDGE_LOOP('',(#1924,#1925,#1926,#1927));
#1099=AXIS2_PLACEMENT_3D('',#1928,#1929,#1930);
#1100=EDGE_LOOP('',(#1931,#1932,#1933,#1934));
#1101=AXIS2_PLACEMENT_3D('',#1935,#1936,#1937);
#1102=EDGE_LOOP('',(#1938,#1939,#1940,#1941));
#1103=AXIS2_PLACEMENT_3D('',#1942,#1943,#1944);
#1104=EDGE_LOOP('',(#1945,#1946,#1947,#1948));
#1105=AXIS2_PLACEMENT_3D('',#1949,#1950,#1951);
#1106=EDGE_LOOP('',(#1952,#1953,#1954,#1955));
#1107=AXIS2_PLACEMENT_3D('',#1956,#1957,#1958);
#1108=EDGE_LOOP('',(#1959,#1960,#1961,#1962));
#1109=AXIS2_PLACEMENT_3D('',#1963,#1964,#1965);
#1110=EDGE_LOOP('',(#1966,#1967,#1968,#1969));
#1111=AXIS2_PLACEMENT_3D('',#1970,#1971,#1972);
#1112=EDGE_LOOP('',(#1973,#1974,#1975,#1976));
#1113=AXIS2_PLACEMENT_3D('',#1977,#1978,#1979);
#1114=EDGE_LOOP('',(#1980,#1981,#1982,#1983));
#1115=AXIS2_PLACEMENT_3D('',#1984,#1985,#1986);
#1116=EDGE_LOOP('',(#1987,#1988,#1989,#1990));
#1117=AXIS2_PLACEMENT_3D('',#1991,#1992,#1993);
#1118=EDGE_LOOP('',(#1994,#1995,#1996,#1997));
#1119=AXIS2_PLACEMENT_3D('',#1998,#1999,#2000);
#1120=EDGE_LOOP('',(#2001,#2002,#2003,#2004));
#1121=AXIS2_PLACEMENT_3D('',#2005,#2006,#2007);
#1122=EDGE_LOOP('',(#2008,#2009,#2010,#2011));
#1123=AXIS2_PLACEMENT_3D('',#2012,#2013,#2014);
#1124=EDGE_LOOP('',(#2015,#2016,#2017,#2018));
#1125=AXIS2_PLACEMENT_3D('',#2019,#2020,#2021);
#1126=EDGE_LOOP('',(#2022,#2023,#2024,#2025));
#1127=AXIS2_PLACEMENT_3D('',#2026,#2027,#2028);
#1128=EDGE_LOOP('',(#2029,#2030,#2031,#2032));
#1129=AXIS2_PLACEMENT_3D('',#2033,#2034,#2035);
#1130=EDGE_LOOP('',(#2036,#2037,#2038,#2039));
#1131=AXIS2_PLACEMENT_3D('',#2040,#2041,#2042);
#1132=EDGE_LOOP('',(#2043,#2044,#2045,#2046));
#1133=AXIS2_PLACEMENT_3D('',#2047,#2048,#2049);
#1134=EDGE_LOOP('',(#2050,#2051,#2052,#2053));
#1135=AXIS2_PLACEMENT_3D('',#2054,#2055,#2056);
#1136=EDGE_LOOP('',(#2057,#2058,#2059,#2060));
#1137=AXIS2_PLACEMENT_3D('',#2061,#2062,#2063);
#1138=EDGE_LOOP('',(#2064,#2065,#2066,#2067));
#1139=AXIS2_PLACEMENT_3D('',#2068,#2069,#2070);
#1140=EDGE_LOOP('',(#2071,#2072,#2073,#2074));
#1141=AXIS2_PLACEMENT_3D('',#2075,#2076,#2077);
#1142=EDGE_LOOP('',(#2078,#2079,#2080,#2081));
#1143=AXIS2_PLACEMENT_3D('',#2082,#2083,#2084);
#1144=EDGE_LOOP('',(#2085,#2086,#2087,#2088));
#1145=AXIS2_PLACEMENT_3D('',#2089,#2090,#2091);
#1146=EDGE_LOOP('',(#2092,#2093,#2094,#2095));
#1147=AXIS2_PLACEMENT_3D('',#2096,#2097,#2098);
#1148=EDGE_LOOP('',(#2099,#2100,#2101,#2102));
#1149=AXIS2_PLACEMENT_3D('',#2103,#2104,#2105);
#1150=EDGE_LOOP('',(#2106,#2107,#2108,#2109));
#1151=AXIS2_PLACEMENT_3D('',#2110,#2111,#2112);
#1152=EDGE_LOOP('',(#2113,#2114,#2115,#2116));
#1153=AXIS2_PLACEMENT_3D('',#2117,#2118,#2119);
#1154=EDGE_LOOP('',(#2120,#2121,#2122,#2123));
#1155=AXIS2_PLACEMENT_3D('',#2124,#2125,#2126);
#1156=EDGE_LOOP('',(#2127,#2128,#2129,#2130));
#1157=AXIS2_PLACEMENT_3D('',#2131,#2132,#2133);
#1158=EDGE_LOOP('',(#2134,#2135,#2136,#2137));
#1159=AXIS2_PLACEMENT_3D('',#2138,#2139,#2140);
#1160=EDGE_LOOP('',(#2141,#2142,#2143,#2144));
#1161=AXIS2_PLACEMENT_3D('',#2145,#2146,#2147);
#1162=EDGE_LOOP('',(#2148,#2149,#2150,#2151));
#1163=AXIS2_PLACEMENT_3D('',#2152,#2153,#2154);
#1164=EDGE_LOOP('',(#2155,#2156,#2157,#2158));
#1165=AXIS2_PLACEMENT_3D('',#2159,#2160,#2161);
#1166=EDGE_LOOP('',(#2162,#2163,#2164,#2165));
#1167=AXIS2_PLACEMENT_3D('',#2166,#2167,#2168);
#1168=EDGE_LOOP('',(#2169,#2170,#2171,#2172));
#1169=AXIS2_PLACEMENT_3D('',#2173,#2174,#2175);
#1170=EDGE_LOOP('',(#2176,#2177,#2178,#2179));
#1171=AXIS2_PLACEMENT_3D('',#2180,#2181,#2182);
#1172=EDGE_LOOP('',(#2183,#2184,#2185,#2186,#2187,#2188,#2189,#2190,#2191,#2192,#2193,#2194,#2195,#2196,#2197,#2198,#2199,#2200,#2201,#2202,#2203,#2204,#2205,#2206,#2207,#2208,#2209,#2210,#2211,#2212,#2213,#2214,#2215,#2216,#2217,#2218,#2219,#2220,#2221,#2222,#2223,#2224,#2225,#2226,#2227,#2228,#2229,#2230,#2231,#2232,#2233,#2234,#2235,#2236));
#1173=AXIS2_PLACEMENT_3D('',#2237,#2238,#2239);
#1174=EDGE_LOOP('',(#2240,#2241,#2242,#2243,#2244,#2245,#2246,#2247,#2248,#2249,#2250,#2251,#2252,#2253,#2254,#2255,#2256,#2257,#2258,#2259,#2260,#2261,#2262,#2263,#2264,#2265,#2266,#2267,#2268,#2269,#2270,#2271,#2272,#2273,#2274,#2275,#2276,#2277,#2278,#2279,#2280,#2281,#2282,#2283,#2284,#2285,#2286,#2287,#2288,#2289));
#1175=AXIS2_PLACEMENT_3D('',#2290,#2291,#2292);
#1176=EDGE_LOOP('',(#2293,#2294,#2295,#2296));
#1177=AXIS2_PLACEMENT_3D('',#2297,#2298,#2299);
#1178=EDGE_LOOP('',(#2300,#2301,#2302,#2303));
#1179=AXIS2_PLACEMENT_3D('',#2304,#2305,#2306);
#1180=EDGE_LOOP('',(#2307,#2308,#2309,#2310));
#1181=AXIS2_PLACEMENT_3D('',#2311,#2312,#2313);
#1182=EDGE_LOOP('',(#2314,#2315,#2316,#2317));
#1183=AXIS2_PLACEMENT_3D('',#2318,#2319,#2320);
#1184=EDGE_LOOP('',(#2321,#2322,#2323,#2324));
#1185=AXIS2_PLACEMENT_3D('',#2325,#2326,#2327);
#1186=EDGE_LOOP('',(#2328,#2329,#2330,#2331));
#1187=AXIS2_PLACEMENT_3D('',#2332,#2333,#2334);
#1188=EDGE_LOOP('',(#2335,#2336,#2337,#2338));
#1189=AXIS2_PLACEMENT_3D('',#2339,#2340,#2341);
#1190=EDGE_LOOP('',(#2342,#2343,#2344,#2345));
#1191=AXIS2_PLACEMENT_3D('',#2346,#2347,#2348);
#1192=EDGE_LOOP('',(#2349,#2350,#2351,#2352));
#1193=AXIS2_PLACEMENT_3D('',#2353,#2354,#2355);
#1194=EDGE_LOOP('',(#2356,#2357,#2358,#2359));
#1195=AXIS2_PLACEMENT_3D('',#2360,#2361,#2362);
#1196=EDGE_LOOP('',(#2363,#2364,#2365,#2366));
#1197=AXIS2_PLACEMENT_3D('',#2367,#2368,#2369);
#1198=EDGE_LOOP('',(#2370,#2371,#2372,#2373));
#1199=AXIS2_PLACEMENT_3D('',#2374,#2375,#2376);
#1200=EDGE_LOOP('',(#2377,#2378,#2379,#2380));
#1201=AXIS2_PLACEMENT_3D('',#2381,#2382,#2383);
#1202=EDGE_LOOP('',(#2384,#2385,#2386,#2387));
#1203=AXIS2_PLACEMENT_3D('',#2388,#2389,#2390);
#1204=EDGE_LOOP('',(#2391,#2392,#2393,#2394));
#1205=AXIS2_PLACEMENT_3D('',#2395,#2396,#2397);
#1206=EDGE_LOOP('',(#2398,#2399,#2400,#2401));
#1207=AXIS2_PLACEMENT_3D('',#2402,#2403,#2404);
#1208=EDGE_LOOP('',(#2405,#2406,#2407,#2408));
#1209=AXIS2_PLACEMENT_3D('',#2409,#2410,#2411);
#1210=EDGE_LOOP('',(#2412,#2413,#2414,#2415));
#1211=AXIS2_PLACEMENT_3D('',#2416,#2417,#2418);
#1212=EDGE_LOOP('',(#2419,#2420,#2421,#2422));
#1213=AXIS2_PLACEMENT_3D('',#2423,#2424,#2425);
#1214=EDGE_LOOP('',(#2426,#2427,#2428,#2429));
#1215=AXIS2_PLACEMENT_3D('',#2430,#2431,#2432);
#1216=EDGE_LOOP('',(#2433,#2434,#2435,#2436));
#1217=AXIS2_PLACEMENT_3D('',#2437,#2438,#2439);
#1218=EDGE_LOOP('',(#2440,#2441,#2442,#2443));
#1219=AXIS2_PLACEMENT_3D('',#2444,#2445,#2446);
#1220=EDGE_LOOP('',(#2447,#2448,#2449,#2450));
#1221=AXIS2_PLACEMENT_3D('',#2451,#2452,#2453);
#1222=EDGE_LOOP('',(#2454,#2455,#2456,#2457));
#1223=AXIS2_PLACEMENT_3D('',#2458,#2459,#2460);
#1224=EDGE_LOOP('',(#2461,#2462,#2463,#2464));
#1225=AXIS2_PLACEMENT_3D('',#2465,#2466,#2467);
#1226=EDGE_LOOP('',(#2468,#2469,#2470,#2471));
#1227=AXIS2_PLACEMENT_3D('',#2472,#2473,#2474);
#1228=EDGE_LOOP('',(#2475,#2476,#2477,#2478,#2479));
#1229=EDGE_LOOP('',(#2480,#2481,#2482,#2483));
#1230=EDGE_LOOP('',(#2484,#2485,#2486,#2487));
#1231=EDGE_LOOP('',(#2488,#2489));
#1232=AXIS2_PLACEMENT_3D('',#2490,#2491,#2492);
#1233=EDGE_LOOP('',(#2493,#2494,#2495,#2496));
#1234=AXIS2_PLACEMENT_3D('',#2497,#2498,#2499);
#1235=EDGE_LOOP('',(#2500,#2501,#2502,#2503));
#1236=AXIS2_PLACEMENT_3D('',#2504,#2505,#2506);
#1237=EDGE_LOOP('',(#2507,#2508,#2509,#2510));
#1238=AXIS2_PLACEMENT_3D('',#2511,#2512,#2513);
#1239=EDGE_LOOP('',(#2514,#2515,#2516,#2517));
#1240=AXIS2_PLACEMENT_3D('',#2518,#2519,#2520);
#1241=EDGE_LOOP('',(#2521,#2522,#2523,#2524));
#1242=AXIS2_PLACEMENT_3D('',#2525,#2526,#2527);
#1243=EDGE_LOOP('',(#2528,#2529,#2530,#2531));
#1244=AXIS2_PLACEMENT_3D('',#2532,#2533,#2534);
#1245=EDGE_LOOP('',(#2535,#2536,#2537,#2538));
#1246=AXIS2_PLACEMENT_3D('',#2539,#2540,#2541);
#1247=EDGE_LOOP('',(#2542,#2543,#2544,#2545));
#1248=AXIS2_PLACEMENT_3D('',#2546,#2547,#2548);
#1249=EDGE_LOOP('',(#2549,#2550,#2551,#2552));
#1250=AXIS2_PLACEMENT_3D('',#2553,#2554,#2555);
#1251=EDGE_LOOP('',(#2556,#2557,#2558,#2559));
#1252=AXIS2_PLACEMENT_3D('',#2560,#2561,#2562);
#1253=EDGE_LOOP('',(#2563,#2564,#2565,#2566));
#1254=AXIS2_PLACEMENT_3D('',#2567,#2568,#2569);
#1255=EDGE_LOOP('',(#2570,#2571,#2572,#2573));
#1256=AXIS2_PLACEMENT_3D('',#2574,#2575,#2576);
#1257=EDGE_LOOP('',(#2577,#2578,#2579,#2580));
#1258=AXIS2_PLACEMENT_3D('',#2581,#2582,#2583);
#1259=EDGE_LOOP('',(#2584,#2585,#2586,#2587));
#1260=AXIS2_PLACEMENT_3D('',#2588,#2589,#2590);
#1261=EDGE_LOOP('',(#2591,#2592,#2593,#2594));
#1262=AXIS2_PLACEMENT_3D('',#2595,#2596,#2597);
#1263=EDGE_LOOP('',(#2598,#2599,#2600,#2601));
#1264=AXIS2_PLACEMENT_3D('',#2602,#2603,#2604);
#1265=EDGE_LOOP('',(#2605,#2606,#2607,#2608));
#1266=AXIS2_PLACEMENT_3D('',#2609,#2610,#2611);
#1267=EDGE_LOOP('',(#2612,#2613,#2614,#2615));
#1268=AXIS2_PLACEMENT_3D('',#2616,#2617,#2618);
#1269=EDGE_LOOP('',(#2619,#2620,#2621,#2622));
#1270=AXIS2_PLACEMENT_3D('',#2623,#2624,#2625);
#1271=EDGE_LOOP('',(#2626,#2627,#2628,#2629,#2630,#2631));
#1272=AXIS2_PLACEMENT_3D('',#2632,#2633,#2634);
#1273=EDGE_LOOP('',(#2635,#2636,#2637,#2638,#2639,#2640));
#1274=AXIS2_PLACEMENT_3D('',#2641,#2642,#2643);
#1275=EDGE_LOOP('',(#2644,#2645,#2646,#2647));
#1276=AXIS2_PLACEMENT_3D('',#2648,#2649,#2650);
#1277=EDGE_LOOP('',(#2651,#2652,#2653,#2654));
#1278=AXIS2_PLACEMENT_3D('',#2655,#2656,#2657);
#1279=EDGE_LOOP('',(#2658,#2659,#2660,#2661));
#1280=AXIS2_PLACEMENT_3D('',#2662,#2663,#2664);
#1281=EDGE_LOOP('',(#2665,#2666,#2667,#2668));
#1282=AXIS2_PLACEMENT_3D('',#2669,#2670,#2671);
#1283=EDGE_LOOP('',(#2672,#2673,#2674,#2675));
#1284=AXIS2_PLACEMENT_3D('',#2676,#2677,#2678);
#1285=EDGE_LOOP('',(#2679,#2680,#2681,#2682,#2683,#2684));
#1286=AXIS2_PLACEMENT_3D('',#2685,#2686,#2687);
#1287=EDGE_LOOP('',(#2688,#2689,#2690,#2691,#2692,#2693));
#1288=AXIS2_PLACEMENT_3D('',#2694,#2695,#2696);
#1289=EDGE_LOOP('',(#2697,#2698,#2699,#2700));
#1290=AXIS2_PLACEMENT_3D('',#2701,#2702,#2703);
#1291=EDGE_LOOP('',(#2704,#2705,#2706));
#1292=AXIS2_PLACEMENT_3D('',#2707,#2708,#2709);
#1293=EDGE_LOOP('',(#2710,#2711,#2712,#2713,#2714));
#1294=AXIS2_PLACEMENT_3D('',#2715,#2716,#2717);
#1295=EDGE_LOOP('',(#2718,#2719,#2720,#2721,#2722,#2723));
#1296=AXIS2_PLACEMENT_3D('',#2724,#2725,#2726);
#1297=EDGE_LOOP('',(#2727,#2728,#2729,#2730));
#1298=AXIS2_PLACEMENT_3D('',#2731,#2732,#2733);
#1299=EDGE_LOOP('',(#2734,#2735,#2736,#2737));
#1300=AXIS2_PLACEMENT_3D('',#2738,#2739,#2740);
#1301=EDGE_LOOP('',(#2741,#2742,#2743,#2744,#2745,#2746,#2747,#2748));
#1302=AXIS2_PLACEMENT_3D('',#2749,#2750,#2751);
#1303=EDGE_LOOP('',(#2752,#2753,#2754,#2755,#2756,#2757,#2758,#2759,#2760,#2761,#2762,#2763));
#1304=AXIS2_PLACEMENT_3D('',#2764,#2765,#2766);
#1305=EDGE_LOOP('',(#2767,#2768,#2769,#2770));
#1306=AXIS2_PLACEMENT_3D('',#2771,#2772,#2773);
#1307=EDGE_LOOP('',(#2774,#2775,#2776,#2777));
#1308=AXIS2_PLACEMENT_3D('',#2778,#2779,#2780);
#1309=EDGE_LOOP('',(#2781,#2782,#2783,#2784,#2785,#2786,#2787,#2788));
#1310=AXIS2_PLACEMENT_3D('',#2789,#2790,#2791);
#1311=EDGE_LOOP('',(#2792,#2793,#2794,#2795));
#1312=AXIS2_PLACEMENT_3D('',#2796,#2797,#2798);
#1313=EDGE_LOOP('',(#2799,#2800,#2801,#2802));
#1314=AXIS2_PLACEMENT_3D('',#2803,#2804,#2805);
#1315=EDGE_LOOP('',(#2806,#2807,#2808,#2809));
#1316=AXIS2_PLACEMENT_3D('',#2810,#2811,#2812);
#1317=EDGE_LOOP('',(#2813,#2814,#2815,#2816,#2817,#2818,#2819,#2820,#2821,#2822));
#1318=AXIS2_PLACEMENT_3D('',#2823,#2824,#2825);
#1319=EDGE_LOOP('',(#2826,#2827,#2828,#2829,#2830,#2831));
#1320=AXIS2_PLACEMENT_3D('',#2832,#2833,#2834);
#1321=EDGE_LOOP('',(#2835,#2836,#2837,#2838));
#1322=AXIS2_PLACEMENT_3D('',#2839,#2840,#2841);
#1323=EDGE_LOOP('',(#2842,#2843,#2844,#2845,#2846,#2847));
#1324=AXIS2_PLACEMENT_3D('',#2848,#2849,#2850);
#1325=EDGE_LOOP('',(#2851,#2852,#2853,#2854));
#1326=AXIS2_PLACEMENT_3D('',#2855,#2856,#2857);
#1327=EDGE_LOOP('',(#2858,#2859,#2860,#2861));
#1328=AXIS2_PLACEMENT_3D('',#2862,#2863,#2864);
#1329=EDGE_LOOP('',(#2865,#2866));
#1330=EDGE_LOOP('',(#2867,#2868));
#1331=AXIS2_PLACEMENT_3D('',#2869,#2870,#2871);
#1332=EDGE_LOOP('',(#2872,#2873,#2874));
#1333=EDGE_LOOP('',(#2875,#2876,#2877,#2878,#2879,#2880));
#1334=AXIS2_PLACEMENT_3D('',#2881,#2882,#2883);
#1335=EDGE_LOOP('',(#2884,#2885,#2886,#2887));
#1336=AXIS2_PLACEMENT_3D('',#2888,#2889,#2890);
#1337=EDGE_LOOP('',(#2891,#2892,#2893,#2894));
#1338=EDGE_LOOP('',(#2895,#2896,#2897,#2898,#2899,#2900));
#1339=AXIS2_PLACEMENT_3D('',#2901,#2902,#2903);
#1340=EDGE_LOOP('',(#2904,#2905,#2906,#2907,#2908));
#1341=AXIS2_PLACEMENT_3D('',#2909,#2910,#2911);
#1342=EDGE_LOOP('',(#2912,#2913,#2914,#2915,#2916));
#1343=AXIS2_PLACEMENT_3D('',#2917,#2918,#2919);
#1344=EDGE_LOOP('',(#2920,#2921,#2922,#2923));
#1345=AXIS2_PLACEMENT_3D('',#2924,#2925,#2926);
#1346=EDGE_LOOP('',(#2927,#2928,#2929,#2930));
#1347=AXIS2_PLACEMENT_3D('',#2931,#2932,#2933);
#1348=EDGE_LOOP('',(#2934,#2935,#2936,#2937,#2938,#2939,#2940,#2941));
#1349=AXIS2_PLACEMENT_3D('',#2942,#2943,#2944);
#1350=EDGE_LOOP('',(#2945,#2946,#2947,#2948,#2949,#2950,#2951,#2952));
#1351=AXIS2_PLACEMENT_3D('',#2953,#2954,#2955);
#1352=EDGE_LOOP('',(#2956,#2957,#2958,#2959));
#1353=AXIS2_PLACEMENT_3D('',#2960,#2961,#2962);
#1354=EDGE_LOOP('',(#2963,#2964,#2965,#2966));
#1355=AXIS2_PLACEMENT_3D('',#2967,#2968,#2969);
#1356=EDGE_LOOP('',(#2970,#2971,#2972,#2973));
#1357=AXIS2_PLACEMENT_3D('',#2974,#2975,#2976);
#1358=EDGE_LOOP('',(#2977,#2978,#2979,#2980,#2981,#2982,#2983,#2984));
#1359=AXIS2_PLACEMENT_3D('',#2985,#2986,#2987);
#1360=EDGE_LOOP('',(#2988,#2989,#2990,#2991));
#1361=AXIS2_PLACEMENT_3D('',#2992,#2993,#2994);
#1362=EDGE_LOOP('',(#2995,#2996,#2997,#2998));
#1363=AXIS2_PLACEMENT_3D('',#2999,#3000,#3001);
#1364=EDGE_LOOP('',(#3002,#3003,#3004,#3005));
#1365=AXIS2_PLACEMENT_3D('',#3006,#3007,#3008);
#1366=EDGE_LOOP('',(#3009,#3010,#3011,#3012));
#1367=AXIS2_PLACEMENT_3D('',#3013,#3014,#3015);
#1368=EDGE_LOOP('',(#3016,#3017));
#1369=EDGE_LOOP('',(#3018,#3019,#3020,#3021));
#1370=AXIS2_PLACEMENT_3D('',#3022,#3023,#3024);
#1371=EDGE_LOOP('',(#3025,#3026,#3027,#3028));
#1372=AXIS2_PLACEMENT_3D('',#3029,#3030,#3031);
#1373=EDGE_LOOP('',(#3032,#3033,#3034,#3035));
#1374=AXIS2_PLACEMENT_3D('',#3036,#3037,#3038);
#1375=EDGE_LOOP('',(#3039,#3040,#3041,#3042));
#1376=AXIS2_PLACEMENT_3D('',#3043,#3044,#3045);
#1377=EDGE_LOOP('',(#3046,#3047,#3048,#3049));
#1378=AXIS2_PLACEMENT_3D('',#3050,#3051,#3052);
#1379=EDGE_LOOP('',(#3053,#3054,#3055,#3056));
#1380=AXIS2_PLACEMENT_3D('',#3057,#3058,#3059);
#1381=EDGE_LOOP('',(#3060,#3061,#3062,#3063));
#1382=AXIS2_PLACEMENT_3D('',#3064,#3065,#3066);
#1383=EDGE_LOOP('',(#3067,#3068,#3069,#3070));
#1384=AXIS2_PLACEMENT_3D('',#3071,#3072,#3073);
#1385=EDGE_LOOP('',(#3074,#3075,#3076,#3077));
#1386=AXIS2_PLACEMENT_3D('',#3078,#3079,#3080);
#1387=EDGE_LOOP('',(#3081,#3082,#3083,#3084));
#1388=AXIS2_PLACEMENT_3D('',#3085,#3086,#3087);
#1389=EDGE_LOOP('',(#3088,#3089,#3090,#3091));
#1390=AXIS2_PLACEMENT_3D('',#3092,#3093,#3094);
#1391=EDGE_LOOP('',(#3095,#3096));
#1392=EDGE_LOOP('',(#3097,#3098));
#1393=AXIS2_PLACEMENT_3D('',#3099,#3100,#3101);
#1394=EDGE_LOOP('',(#3102,#3103));
#1395=AXIS2_PLACEMENT_3D('',#3104,#3105,#3106);
#1396=EDGE_LOOP('',(#3107,#3108,#3109,#3110));
#1397=AXIS2_PLACEMENT_3D('',#3111,#3112,#3113);
#1398=EDGE_LOOP('',(#3114,#3115,#3116,#3117));
#1399=AXIS2_PLACEMENT_3D('',#3118,#3119,#3120);
#1400=EDGE_LOOP('',(#3121,#3122,#3123,#3124));
#1401=AXIS2_PLACEMENT_3D('',#3125,#3126,#3127);
#1402=EDGE_LOOP('',(#3128,#3129,#3130,#3131));
#1403=AXIS2_PLACEMENT_3D('',#3132,#3133,#3134);
#1404=EDGE_LOOP('',(#3135,#3136,#3137,#3138));
#1405=AXIS2_PLACEMENT_3D('',#3139,#3140,#3141);
#1406=EDGE_LOOP('',(#3142,#3143,#3144,#3145,#3146));
#1407=EDGE_LOOP('',(#3147,#3148,#3149,#3150,#3151));
#1408=AXIS2_PLACEMENT_3D('',#3152,#3153,#3154);
#1409=EDGE_LOOP('',(#3155,#3156,#3157,#3158,#3159));
#1410=EDGE_LOOP('',(#3160,#3161,#3162,#3163,#3164));
#1411=AXIS2_PLACEMENT_3D('',#3165,#3166,#3167);
#1412=EDGE_LOOP('',(#3168,#3169,#3170,#3171));
#1413=AXIS2_PLACEMENT_3D('',#3172,#3173,#3174);
#1414=EDGE_LOOP('',(#3175,#3176,#3177,#3178,#3179,#3180));
#1415=AXIS2_PLACEMENT_3D('',#3181,#3182,#3183);
#1416=EDGE_LOOP('',(#3184,#3185,#3186,#3187,#3188,#3189));
#1417=AXIS2_PLACEMENT_3D('',#3190,#3191,#3192);
#1418=EDGE_LOOP('',(#3193,#3194,#3195,#3196,#3197));
#1419=EDGE_LOOP('',(#3198,#3199));
#1420=AXIS2_PLACEMENT_3D('',#3200,#3201,#3202);
#1421=EDGE_LOOP('',(#3203,#3204,#3205,#3206,#3207));
#1422=EDGE_LOOP('',(#3208,#3209));
#1423=AXIS2_PLACEMENT_3D('',#3210,#3211,#3212);
#1424=EDGE_LOOP('',(#3213,#3214,#3215,#3216));
#1425=AXIS2_PLACEMENT_3D('',#3217,#3218,#3219);
#1426=EDGE_LOOP('',(#3220,#3221,#3222,#3223));
#1427=AXIS2_PLACEMENT_3D('',#3224,#3225,#3226);
#1428=EDGE_LOOP('',(#3227,#3228));
#1429=EDGE_LOOP('',(#3229,#3230));
#1430=AXIS2_PLACEMENT_3D('',#3231,#3232,#3233);
#1431=EDGE_LOOP('',(#3234,#3235,#3236,#3237));
#1432=AXIS2_PLACEMENT_3D('',#3238,#3239,#3240);
#1433=EDGE_LOOP('',(#3241,#3242,#3243,#3244));
#1434=AXIS2_PLACEMENT_3D('',#3245,#3246,#3247);
#1435=EDGE_LOOP('',(#3248,#3249));
#1436=EDGE_LOOP('',(#3250,#3251));
#1437=AXIS2_PLACEMENT_3D('',#3252,#3253,#3254);
#1438=EDGE_LOOP('',(#3255,#3256,#3257,#3258));
#1439=AXIS2_PLACEMENT_3D('',#3259,#3260,#3261);
#1440=EDGE_LOOP('',(#3262,#3263));
#1441=AXIS2_PLACEMENT_3D('',#3264,#3265,#3266);
#1442=EDGE_LOOP('',(#3267,#3268,#3269,#3270));
#1443=AXIS2_PLACEMENT_3D('',#3271,#3272,#3273);
#1444=EDGE_LOOP('',(#3274,#3275,#3276,#3277));
#1445=AXIS2_PLACEMENT_3D('',#3278,#3279,#3280);
#1446=EDGE_LOOP('',(#3281,#3282,#3283,#3284));
#1447=AXIS2_PLACEMENT_3D('',#3285,#3286,#3287);
#1448=EDGE_LOOP('',(#3288,#3289,#3290,#3291));
#1449=AXIS2_PLACEMENT_3D('',#3292,#3293,#3294);
#1450=EDGE_LOOP('',(#3295,#3296,#3297,#3298));
#1451=AXIS2_PLACEMENT_3D('',#3299,#3300,#3301);
#1452=EDGE_LOOP('',(#3302,#3303,#3304,#3305));
#1453=AXIS2_PLACEMENT_3D('',#3306,#3307,#3308);
#1454=EDGE_LOOP('',(#3309,#3310,#3311,#3312));
#1455=AXIS2_PLACEMENT_3D('',#3313,#3314,#3315);
#1456=EDGE_LOOP('',(#3316,#3317,#3318,#3319));
#1457=AXIS2_PLACEMENT_3D('',#3320,#3321,#3322);
#1458=EDGE_LOOP('',(#3323,#3324,#3325,#3326,#3327,#3328,#3329,#3330,#3331,#3332,#3333,#3334));
#1459=AXIS2_PLACEMENT_3D('',#3335,#3336,#3337);
#1460=EDGE_LOOP('',(#3338,#3339,#3340,#3341,#3342,#3343,#3344,#3345,#3346,#3347,#3348,#3349));
#1461=AXIS2_PLACEMENT_3D('',#3350,#3351,#3352);
#1462=EDGE_LOOP('',(#3353,#3354,#3355,#3356));
#1463=AXIS2_PLACEMENT_3D('',#3357,#3358,#3359);
#1464=EDGE_LOOP('',(#3360,#3361,#3362,#3363,#3364,#3365,#3366,#3367,#3368,#3369,#3370,#3371,#3372,#3373));
#1465=AXIS2_PLACEMENT_3D('',#3374,#3375,#3376);
#1466=EDGE_LOOP('',(#3377,#3378,#3379,#3380,#3381,#3382,#3383,#3384,#3385,#3386,#3387,#3388,#3389,#3390));
#1467=AXIS2_PLACEMENT_3D('',#3391,#3392,#3393);
#1468=EDGE_LOOP('',(#3394,#3395,#3396,#3397));
#1469=AXIS2_PLACEMENT_3D('',#3398,#3399,#3400);
#1470=EDGE_LOOP('',(#3401,#3402,#3403,#3404));
#1471=AXIS2_PLACEMENT_3D('',#3405,#3406,#3407);
#1472=EDGE_LOOP('',(#3408,#3409,#3410,#3411));
#1473=AXIS2_PLACEMENT_3D('',#3412,#3413,#3414);
#1474=EDGE_LOOP('',(#3415,#3416,#3417,#3418));
#1475=AXIS2_PLACEMENT_3D('',#3419,#3420,#3421);
#1476=EDGE_LOOP('',(#3422,#3423,#3424,#3425));
#1477=AXIS2_PLACEMENT_3D('',#3426,#3427,#3428);
#1478=EDGE_LOOP('',(#3429,#3430,#3431,#3432));
#1479=AXIS2_PLACEMENT_3D('',#3433,#3434,#3435);
#1480=EDGE_LOOP('',(#3436,#3437,#3438,#3439));
#1481=AXIS2_PLACEMENT_3D('',#3440,#3441,#3442);
#1482=EDGE_LOOP('',(#3443,#3444,#3445,#3446,#3447,#3448,#3449,#3450,#3451,#3452,#3453));
#1483=EDGE_LOOP('',(#3454,#3455));
#1484=AXIS2_PLACEMENT_3D('',#3456,#3457,#3458);
#1485=EDGE_LOOP('',(#3459,#3460,#3461,#3462));
#1486=AXIS2_PLACEMENT_3D('',#3463,#3464,#3465);
#1487=EDGE_LOOP('',(#3466,#3467,#3468,#3469));
#1488=AXIS2_PLACEMENT_3D('',#3470,#3471,#3472);
#1489=EDGE_LOOP('',(#3473,#3474,#3475,#3476));
#1490=AXIS2_PLACEMENT_3D('',#3477,#3478,#3479);
#1491=EDGE_LOOP('',(#3480,#3481,#3482,#3483));
#1492=AXIS2_PLACEMENT_3D('',#3484,#3485,#3486);
#1493=EDGE_LOOP('',(#3487,#3488,#3489,#3490));
#1494=AXIS2_PLACEMENT_3D('',#3491,#3492,#3493);
#1495=EDGE_LOOP('',(#3494,#3495,#3496,#3497));
#1496=AXIS2_PLACEMENT_3D('',#3498,#3499,#3500);
#1497=EDGE_LOOP('',(#3501,#3502,#3503,#3504));
#1498=AXIS2_PLACEMENT_3D('',#3505,#3506,#3507);
#1499=EDGE_LOOP('',(#3508,#3509,#3510,#3511));
#1500=AXIS2_PLACEMENT_3D('',#3512,#3513,#3514);
#1501=EDGE_LOOP('',(#3515,#3516,#3517,#3518));
#1502=AXIS2_PLACEMENT_3D('',#3519,#3520,#3521);
#1503=EDGE_LOOP('',(#3522,#3523,#3524,#3525));
#1504=CARTESIAN_POINT('',(0.0368002238911717,0.105190914075341,-0.0458447075430543));
#1505=CARTESIAN_POINT('',(0.0373335572245051,0.105190914075341,-0.0458447075430543));
#1506=CARTESIAN_POINT('',(0.0378668905578384,0.105190914075341,-0.0458447075430543));
#1507=CARTESIAN_POINT('',(0.0393022337514193,0.105190914075341,-0.0458447075430543));
#1508=CARTESIAN_POINT('',(0.0402042436116668,0.105190914075341,-0.0458447075430543));
#1509=CARTESIAN_POINT('',(0.0414749299988284,0.105190914075341,-0.0458447075430543));
#1510=CARTESIAN_POINT('',(0.0418436065257425,0.105190914075341,-0.0458447075430543));
#1511=CARTESIAN_POINT('',(0.0422122830526566,0.105190914075341,-0.0458447075430543));
#1512=CARTESIAN_POINT('',(0.0368002238911717,0.104843905513278,-0.0454066518802538));
#1513=CARTESIAN_POINT('',(0.0373335572245051,0.104843905513278,-0.0454066518802538));
#1514=CARTESIAN_POINT('',(0.0378668905578384,0.104843905513278,-0.0454066518802538));
#1515=CARTESIAN_POINT('',(0.0393022337514193,0.104843905513278,-0.0454066518802538));
#1516=CARTESIAN_POINT('',(0.0402042436116667,0.104843905513278,-0.0454066518802538));
#1517=CARTESIAN_POINT('',(0.0414749299988284,0.104843905513278,-0.0454066518802538));
#1518=CARTESIAN_POINT('',(0.0418436065257425,0.104843905513278,-0.0454066518802538));
#1519=CARTESIAN_POINT('',(0.0422122830526566,0.104843905513278,-0.0454066518802538));
#1520=CARTESIAN_POINT('',(0.0368002238911717,0.104496896951215,-0.0449685962174533));
#1521=CARTESIAN_POINT('',(0.0373335572245051,0.104496896951215,-0.0449685962174533));
#1522=CARTESIAN_POINT('',(0.0378668905578384,0.104496896951215,-0.0449685962174533));
#1523=CARTESIAN_POINT('',(0.0393022337514193,0.104496896951215,-0.0449685962174532));
#1524=CARTESIAN_POINT('',(0.0402042436116667,0.104496896951215,-0.0449685962174532));
#1525=CARTESIAN_POINT('',(0.0414749299988284,0.104496896951215,-0.0449685962174532));
#1526=CARTESIAN_POINT('',(0.0418436065257425,0.104496896951215,-0.0449685962174532));
#1527=CARTESIAN_POINT('',(0.0422122830526566,0.104496896951215,-0.0449685962174532));
#1528=CARTESIAN_POINT('',(0.0368002238911717,0.104149888389153,-0.0445305405546527));
#1529=CARTESIAN_POINT('',(0.0373335572245051,0.104149888389153,-0.0445305405546527));
#1530=CARTESIAN_POINT('',(0.0378668905578384,0.104149888389153,-0.0445305405546527));
#1531=CARTESIAN_POINT('',(0.0393022337514192,0.104149888389153,-0.0445305405546527));
#1532=CARTESIAN_POINT('',(0.0402042436116667,0.104149888389153,-0.0445305405546527));
#1533=CARTESIAN_POINT('',(0.0414749299988284,0.104149888389153,-0.0445305405546527));
#1534=CARTESIAN_POINT('',(0.0418436065257425,0.104149888389153,-0.0445305405546527));
#1535=CARTESIAN_POINT('',(0.0422122830526566,0.104149888389153,-0.0445305405546527));
#1536=EDGE_LOOP('',(#3526,#3527,#3528,#3529));
#1537=CARTESIAN_POINT('',(0.0422122830526566,0.106985568770579,-0.0458447075430543));
#1538=CARTESIAN_POINT('',(0.041421596665495,0.106985568770579,-0.0458447075430543));
#1539=CARTESIAN_POINT('',(0.0406309102783334,0.106985568770579,-0.0458447075430543));
#1540=CARTESIAN_POINT('',(0.0393602238911718,0.106985568770579,-0.0458447075430543));
#1541=CARTESIAN_POINT('',(0.0388802238911718,0.106985568770579,-0.0458447075430543));
#1542=CARTESIAN_POINT('',(0.0378668905578384,0.106985568770579,-0.0458447075430543));
#1543=CARTESIAN_POINT('',(0.0373335572245051,0.106985568770579,-0.0458447075430543));
#1544=CARTESIAN_POINT('',(0.0368002238911717,0.106985568770579,-0.0458447075430543));
#1545=CARTESIAN_POINT('',(0.0422122830526566,0.107285461295199,-0.0454204814879434));
#1546=CARTESIAN_POINT('',(0.041421596665495,0.107285461295199,-0.0454204814879434));
#1547=CARTESIAN_POINT('',(0.0406309102783334,0.107285461295199,-0.0454204814879434));
#1548=CARTESIAN_POINT('',(0.0393602238911718,0.107285461295199,-0.0454204814879434));
#1549=CARTESIAN_POINT('',(0.0388802238911718,0.107285461295199,-0.0454204814879434));
#1550=CARTESIAN_POINT('',(0.0378668905578384,0.107285461295199,-0.0454204814879434));
#1551=CARTESIAN_POINT('',(0.0373335572245051,0.107285461295199,-0.0454204814879434));
#1552=CARTESIAN_POINT('',(0.0368002238911717,0.107285461295199,-0.0454204814879434));
#1553=CARTESIAN_POINT('',(0.0422122830526566,0.107585353819819,-0.0449962554328324));
#1554=CARTESIAN_POINT('',(0.041421596665495,0.107585353819819,-0.0449962554328324));
#1555=CARTESIAN_POINT('',(0.0406309102783334,0.107585353819819,-0.0449962554328324));
#1556=CARTESIAN_POINT('',(0.0393602238911718,0.107585353819819,-0.0449962554328324));
#1557=CARTESIAN_POINT('',(0.0388802238911718,0.107585353819819,-0.0449962554328324));
#1558=CARTESIAN_POINT('',(0.0378668905578384,0.107585353819819,-0.0449962554328324));
#1559=CARTESIAN_POINT('',(0.0373335572245051,0.107585353819819,-0.0449962554328325));
#1560=CARTESIAN_POINT('',(0.0368002238911717,0.107585353819819,-0.0449962554328325));
#1561=CARTESIAN_POINT('',(0.0422122830526566,0.107885246344438,-0.0445720293777215));
#1562=CARTESIAN_POINT('',(0.041421596665495,0.107885246344438,-0.0445720293777215));
#1563=CARTESIAN_POINT('',(0.0406309102783334,0.107885246344438,-0.0445720293777215));
#1564=CARTESIAN_POINT('',(0.0393602238911718,0.107885246344438,-0.0445720293777215));
#1565=CARTESIAN_POINT('',(0.0388802238911718,0.107885246344438,-0.0445720293777215));
#1566=CARTESIAN_POINT('',(0.0378668905578384,0.107885246344438,-0.0445720293777215));
#1567=CARTESIAN_POINT('',(0.0373335572245051,0.107885246344438,-0.0445720293777215));
#1568=CARTESIAN_POINT('',(0.0368002238911717,0.107885246344438,-0.0445720293777215));
#1569=EDGE_LOOP('',(#3530,#3531,#3532,#3533,#3534,#3535,#3536,#3537,#3538,#3539,#3540));
#1570=EDGE_LOOP('',(#3541,#3542));
#1571=AXIS2_PLACEMENT_3D('',#3543,#3544,#3545);
#1572=EDGE_LOOP('',(#3546,#3547,#3548,#3549));
#1573=AXIS2_PLACEMENT_3D('',#3550,#3551,#3552);
#1574=EDGE_LOOP('',(#3553,#3554,#3555,#3556));
#1575=AXIS2_PLACEMENT_3D('',#3557,#3558,#3559);
#1576=EDGE_LOOP('',(#3560,#3561,#3562,#3563));
#1577=AXIS2_PLACEMENT_3D('',#3564,#3565,#3566);
#1578=EDGE_LOOP('',(#3567,#3568,#3569,#3570));
#1579=AXIS2_PLACEMENT_3D('',#3571,#3572,#3573);
#1580=EDGE_LOOP('',(#3574,#3575,#3576,#3577,#3578,#3579));
#1581=AXIS2_PLACEMENT_3D('',#3580,#3581,#3582);
#1582=EDGE_LOOP('',(#3583,#3584,#3585,#3586,#3587));
#1583=AXIS2_PLACEMENT_3D('',#3588,#3589,#3590);
#1584=EDGE_LOOP('',(#3591,#3592,#3593,#3594));
#1585=AXIS2_PLACEMENT_3D('',#3595,#3596,#3597);
#1586=EDGE_LOOP('',(#3598,#3599,#3600,#3601,#3602,#3603,#3604,#3605,#3606,#3607));
#1587=AXIS2_PLACEMENT_3D('',#3608,#3609,#3610);
#1588=EDGE_LOOP('',(#3611,#3612,#3613,#3614));
#1589=AXIS2_PLACEMENT_3D('',#3615,#3616,#3617);
#1590=EDGE_LOOP('',(#3618,#3619,#3620,#3621,#3622,#3623,#3624,#3625,#3626,#3627));
#1591=AXIS2_PLACEMENT_3D('',#3628,#3629,#3630);
#1592=EDGE_LOOP('',(#3631,#3632,#3633));
#1593=AXIS2_PLACEMENT_3D('',#3634,#3635,#3636);
#1594=EDGE_LOOP('',(#3637,#3638));
#1595=EDGE_LOOP('',(#3639,#3640,#3641,#3642,#3643,#3644,#3645));
#1596=AXIS2_PLACEMENT_3D('',#3646,#3647,#3648);
#1597=EDGE_LOOP('',(#3649,#3650,#3651,#3652,#3653,#3654,#3655,#3656));
#1598=AXIS2_PLACEMENT_3D('',#3657,#3658,#3659);
#1599=EDGE_LOOP('',(#3660,#3661,#3662,#3663,#3664,#3665,#3666,#3667,#3668,#3669));
#1600=AXIS2_PLACEMENT_3D('',#3670,#3671,#3672);
#1601=EDGE_LOOP('',(#3673,#3674,#3675,#3676));
#1602=AXIS2_PLACEMENT_3D('',#3677,#3678,#3679);
#1603=EDGE_LOOP('',(#3680,#3681,#3682,#3683,#3684,#3685));
#1604=CARTESIAN_POINT('',(0.0389295680946975,0.107192239463558,-0.0435447075430542));
#1605=CARTESIAN_POINT('',(0.0389295680946975,0.107192239463558,-0.0440780408763876));
#1606=CARTESIAN_POINT('',(0.0389295680946975,0.107192239463558,-0.0446113742097209));
#1607=CARTESIAN_POINT('',(0.0389295680946975,0.107192239463558,-0.0460467174033018));
#1608=CARTESIAN_POINT('',(0.0389295680946975,0.107192239463558,-0.0469487272635493));
#1609=CARTESIAN_POINT('',(0.0389295680946975,0.107192239463558,-0.0482194136507109));
#1610=CARTESIAN_POINT('',(0.0389295680946975,0.107192239463558,-0.048588090177625));
#1611=CARTESIAN_POINT('',(0.0389295680946976,0.107192239463558,-0.0489567667045391));
#1612=CARTESIAN_POINT('',(0.0385825595326348,0.106754183800758,-0.0435447075430542));
#1613=CARTESIAN_POINT('',(0.0385825595326348,0.106754183800758,-0.0440780408763876));
#1614=CARTESIAN_POINT('',(0.0385825595326348,0.106754183800758,-0.0446113742097209));
#1615=CARTESIAN_POINT('',(0.0385825595326348,0.106754183800758,-0.0460467174033018));
#1616=CARTESIAN_POINT('',(0.0385825595326348,0.106754183800758,-0.0469487272635492));
#1617=CARTESIAN_POINT('',(0.0385825595326348,0.106754183800758,-0.0482194136507109));
#1618=CARTESIAN_POINT('',(0.0385825595326348,0.106754183800758,-0.048588090177625));
#1619=CARTESIAN_POINT('',(0.0385825595326348,0.106754183800758,-0.0489567667045391));
#1620=CARTESIAN_POINT('',(0.0382355509705721,0.106316128137957,-0.0435447075430542));
#1621=CARTESIAN_POINT('',(0.0382355509705721,0.106316128137957,-0.0440780408763876));
#1622=CARTESIAN_POINT('',(0.0382355509705721,0.106316128137957,-0.0446113742097209));
#1623=CARTESIAN_POINT('',(0.0382355509705721,0.106316128137957,-0.0460467174033018));
#1624=CARTESIAN_POINT('',(0.0382355509705721,0.106316128137957,-0.0469487272635493));
#1625=CARTESIAN_POINT('',(0.0382355509705721,0.106316128137957,-0.0482194136507109));
#1626=CARTESIAN_POINT('',(0.0382355509705721,0.106316128137957,-0.048588090177625));
#1627=CARTESIAN_POINT('',(0.0382355509705721,0.106316128137957,-0.0489567667045391));
#1628=CARTESIAN_POINT('',(0.0378885424085093,0.105878072475157,-0.0435447075430542));
#1629=CARTESIAN_POINT('',(0.0378885424085093,0.105878072475157,-0.0440780408763876));
#1630=CARTESIAN_POINT('',(0.0378885424085093,0.105878072475157,-0.0446113742097209));
#1631=CARTESIAN_POINT('',(0.0378885424085094,0.105878072475157,-0.0460467174033018));
#1632=CARTESIAN_POINT('',(0.0378885424085094,0.105878072475157,-0.0469487272635492));
#1633=CARTESIAN_POINT('',(0.0378885424085094,0.105878072475157,-0.0482194136507109));
#1634=CARTESIAN_POINT('',(0.0378885424085094,0.105878072475157,-0.048588090177625));
#1635=CARTESIAN_POINT('',(0.0378885424085094,0.105878072475157,-0.0489567667045391));
#1636=EDGE_LOOP('',(#3686,#3687,#3688,#3689));
#1637=AXIS2_PLACEMENT_3D('',#3690,#3691,#3692);
#1638=EDGE_LOOP('',(#3693,#3694,#3695,#3696));
#1639=AXIS2_PLACEMENT_3D('',#3697,#3698,#3699);
#1640=EDGE_LOOP('',(#3700,#3701,#3702,#3703,#3704,#3705));
#1641=AXIS2_PLACEMENT_3D('',#3706,#3707,#3708);
#1642=EDGE_LOOP('',(#3709,#3710,#3711,#3712));
#1643=AXIS2_PLACEMENT_3D('',#3713,#3714,#3715);
#1644=EDGE_LOOP('',(#3716,#3717,#3718,#3719));
#1645=AXIS2_PLACEMENT_3D('',#3720,#3721,#3722);
#1646=EDGE_LOOP('',(#3723,#3724,#3725,#3726,#3727,#3728));
#1647=AXIS2_PLACEMENT_3D('',#3729,#3730,#3731);
#1648=EDGE_LOOP('',(#3732,#3733,#3734,#3735));
#1649=AXIS2_PLACEMENT_3D('',#3736,#3737,#3738);
#1650=EDGE_LOOP('',(#3739,#3740,#3741,#3742));
#1651=AXIS2_PLACEMENT_3D('',#3743,#3744,#3745);
#1652=EDGE_LOOP('',(#3746,#3747,#3748,#3749));
#1653=AXIS2_PLACEMENT_3D('',#3750,#3751,#3752);
#1654=EDGE_LOOP('',(#3753,#3754,#3755,#3756));
#1655=AXIS2_PLACEMENT_3D('',#3757,#3758,#3759);
#1656=EDGE_LOOP('',(#3760,#3761,#3762,#3763));
#1657=AXIS2_PLACEMENT_3D('',#3764,#3765,#3766);
#1658=EDGE_LOOP('',(#3767,#3768,#3769,#3770,#3771,#3772,#3773));
#1659=EDGE_LOOP('',(#3774,#3775));
#1660=AXIS2_PLACEMENT_3D('',#3776,#3777,#3778);
#1661=EDGE_LOOP('',(#3779,#3780,#3781,#3782));
#1662=AXIS2_PLACEMENT_3D('',#3783,#3784,#3785);
#1663=EDGE_LOOP('',(#3786,#3787,#3788,#3789));
#1664=AXIS2_PLACEMENT_3D('',#3790,#3791,#3792);
#1665=EDGE_LOOP('',(#3793,#3794,#3795,#3796,#3797,#3798,#3799));
#1666=AXIS2_PLACEMENT_3D('',#3800,#3801,#3802);
#1667=EDGE_LOOP('',(#3803,#3804,#3805,#3806));
#1668=AXIS2_PLACEMENT_3D('',#3807,#3808,#3809);
#1669=EDGE_LOOP('',(#3810,#3811,#3812,#3813));
#1670=AXIS2_PLACEMENT_3D('',#3814,#3815,#3816);
#1671=EDGE_LOOP('',(#3817,#3818,#3819,#3820));
#1672=AXIS2_PLACEMENT_3D('',#3821,#3822,#3823);
#1673=EDGE_LOOP('',(#3824,#3825,#3826,#3827));
#1674=AXIS2_PLACEMENT_3D('',#3828,#3829,#3830);
#1675=EDGE_LOOP('',(#3831,#3832,#3833,#3834));
#1676=AXIS2_PLACEMENT_3D('',#3835,#3836,#3837);
#1677=EDGE_LOOP('',(#3838,#3839,#3840,#3841));
#1678=AXIS2_PLACEMENT_3D('',#3842,#3843,#3844);
#1679=EDGE_LOOP('',(#3845,#3846,#3847,#3848));
#1680=AXIS2_PLACEMENT_3D('',#3849,#3850,#3851);
#1681=EDGE_LOOP('',(#3852,#3853,#3854,#3855));
#1682=AXIS2_PLACEMENT_3D('',#3856,#3857,#3858);
#1683=EDGE_LOOP('',(#3859,#3860,#3861,#3862,#3863,#3864));
#1684=AXIS2_PLACEMENT_3D('',#3865,#3866,#3867);
#1685=EDGE_LOOP('',(#3868,#3869,#3870,#3871,#3872,#3873,#3874));
#1686=AXIS2_PLACEMENT_3D('',#3875,#3876,#3877);
#1687=EDGE_LOOP('',(#3878,#3879));
#1688=EDGE_LOOP('',(#3880,#3881,#3882));
#1689=AXIS2_PLACEMENT_3D('',#3883,#3884,#3885);
#1690=EDGE_LOOP('',(#3886,#3887,#3888,#3889,#3890,#3891,#3892,#3893));
#1691=AXIS2_PLACEMENT_3D('',#3894,#3895,#3896);
#1692=EDGE_LOOP('',(#3897,#3898));
#1693=EDGE_LOOP('',(#3899,#3900,#3901,#3902,#3903,#3904,#3905,#3906,#3907,#3908,#3909,#3910));
#1694=AXIS2_PLACEMENT_3D('',#3911,#3912,#3913);
#1695=EDGE_LOOP('',(#3914,#3915,#3916,#3917,#3918,#3919));
#1696=AXIS2_PLACEMENT_3D('',#3920,#3921,#3922);
#1697=EDGE_LOOP('',(#3923,#3924,#3925,#3926,#3927,#3928,#3929));
#1698=AXIS2_PLACEMENT_3D('',#3930,#3931,#3932);
#1699=EDGE_LOOP('',(#3933,#3934,#3935,#3936,#3937,#3938));
#1700=AXIS2_PLACEMENT_3D('',#3939,#3940,#3941);
#1701=EDGE_LOOP('',(#3942,#3943,#3944,#3945,#3946,#3947));
#1702=AXIS2_PLACEMENT_3D('',#3948,#3949,#3950);
#1703=EDGE_LOOP('',(#3951,#3952,#3953));
#1704=AXIS2_PLACEMENT_3D('',#3954,#3955,#3956);
#1705=EDGE_LOOP('',(#3957,#3958,#3959));
#1706=AXIS2_PLACEMENT_3D('',#3960,#3961,#3962);
#1707=EDGE_LOOP('',(#3963,#3964,#3965));
#1708=AXIS2_PLACEMENT_3D('',#3966,#3967,#3968);
#1709=EDGE_LOOP('',(#3969,#3970,#3971));
#1710=AXIS2_PLACEMENT_3D('',#3972,#3973,#3974);
#1711=EDGE_LOOP('',(#3975,#3976,#3977));
#1712=AXIS2_PLACEMENT_3D('',#3978,#3979,#3980);
#1713=EDGE_LOOP('',(#3981,#3982,#3983));
#1714=AXIS2_PLACEMENT_3D('',#3984,#3985,#3986);
#1715=EDGE_LOOP('',(#3987,#3988,#3989,#3990));
#1716=AXIS2_PLACEMENT_3D('',#3991,#3992,#3993);
#1717=EDGE_LOOP('',(#3994,#3995,#3996,#3997));
#1718=AXIS2_PLACEMENT_3D('',#3998,#3999,#4000);
#1719=FILL_AREA_STYLE('',(#4001));
#1720=FILL_AREA_STYLE('',(#4002));
#1721=FILL_AREA_STYLE('',(#4003));
#1722=FILL_AREA_STYLE('',(#4004));
#1723=FILL_AREA_STYLE('',(#4005));
#1724=ORIENTED_EDGE('',*,*,#4006,.F.);
#1725=ORIENTED_EDGE('',*,*,#4007,.F.);
#1726=ORIENTED_EDGE('',*,*,#4008,.F.);
#1727=ORIENTED_EDGE('',*,*,#4009,.T.);
#1728=ORIENTED_EDGE('',*,*,#4010,.T.);
#1729=CARTESIAN_POINT('',(0.0668300000000004,-1.47563134431997E-05,-0.00511470754305421));
#1730=DIRECTION('',(-3.71549020609038E-29,-6.72256846544206E-15,-1.0));
#1731=DIRECTION('',(-3.71352796603441E-15,-1.0,6.72256846544206E-15));
#1732=ORIENTED_EDGE('',*,*,#4011,.T.);
#1733=ORIENTED_EDGE('',*,*,#4012,.T.);
#1734=ORIENTED_EDGE('',*,*,#4013,.T.);
#1735=ORIENTED_EDGE('',*,*,#4014,.F.);
#1736=CARTESIAN_POINT('',(0.0668300000000003,7.45360261914657E-06,-0.01593265660946));
#1737=DIRECTION('',(2.77555756156292E-15,7.67732033691237E-15,1.0));
#1738=DIRECTION('',(8.83174152397601E-15,1.0,-7.6773203369124E-15));
#1739=ORIENTED_EDGE('',*,*,#4015,.F.);
#1740=ORIENTED_EDGE('',*,*,#4016,.T.);
#1741=ORIENTED_EDGE('',*,*,#4017,.T.);
#1742=ORIENTED_EDGE('',*,*,#4011,.F.);
#1743=ORIENTED_EDGE('',*,*,#4018,.F.);
#1744=ORIENTED_EDGE('',*,*,#4019,.T.);
#1745=ORIENTED_EDGE('',*,*,#4020,.F.);
#1746=CARTESIAN_POINT('',(0.0668300000000003,7.45360261914657E-06,-0.01593265660946));
#1747=DIRECTION('',(2.77555756156292E-15,7.67732033691237E-15,1.0));
#1748=DIRECTION('',(8.83174152397601E-15,1.0,-7.6773203369124E-15));
#1749=ORIENTED_EDGE('',*,*,#4021,.F.);
#1750=ORIENTED_EDGE('',*,*,#4022,.T.);
#1751=ORIENTED_EDGE('',*,*,#4023,.T.);
#1752=ORIENTED_EDGE('',*,*,#4012,.F.);
#1753=CARTESIAN_POINT('',(0.0668300000000004,-1.47563134432205E-05,-0.00711470754305421));
#1754=DIRECTION('',(-2.77555756156292E-15,-6.88317499601623E-15,-1.0));
#1755=DIRECTION('',(8.83174152397601E-15,1.0,-6.88317499601625E-15));
#1756=ORIENTED_EDGE('',*,*,#4024,.F.);
#1757=ORIENTED_EDGE('',*,*,#4025,.T.);
#1758=ORIENTED_EDGE('',*,*,#4026,.F.);
#1759=ORIENTED_EDGE('',*,*,#4027,.F.);
#1760=ORIENTED_EDGE('',*,*,#4028,.T.);
#1761=ORIENTED_EDGE('',*,*,#4029,.T.);
#1762=CARTESIAN_POINT('',(0.0668300000000004,-0.0021847563134432,-0.00511470754305419));
#1763=DIRECTION('',(3.71549020609038E-29,6.72256846544206E-15,1.0));
#1764=DIRECTION('',(-3.71352796603441E-15,-1.0,6.72256846544206E-15));
#1765=ORIENTED_EDGE('',*,*,#4030,.F.);
#1766=ORIENTED_EDGE('',*,*,#4031,.F.);
#1767=ORIENTED_EDGE('',*,*,#4032,.F.);
#1768=ORIENTED_EDGE('',*,*,#4033,.F.);
#1769=ORIENTED_EDGE('',*,*,#4034,.F.);
#1770=CARTESIAN_POINT('',(0.0693283211852194,0.000634632993480634,-0.0133947075430542));
#1771=DIRECTION('',(-9.86825552649287E-15,-1.0,6.43646794902224E-15));
#1772=DIRECTION('',(0.707106781186547,-2.42664026762124E-15,0.707106781186547));
#1773=ORIENTED_EDGE('',*,*,#4035,.F.);
#1774=ORIENTED_EDGE('',*,*,#4036,.F.);
#1775=ORIENTED_EDGE('',*,*,#4037,.F.);
#1776=ORIENTED_EDGE('',*,*,#4038,.T.);
#1777=ORIENTED_EDGE('',*,*,#4039,.F.);
#1778=CARTESIAN_POINT('',(0.0693283211852194,0.00121876681590621,-0.0133947075430542));
#1779=DIRECTION('',(9.96785334973008E-15,1.0,-6.82215243498485E-15));
#1780=DIRECTION('',(0.707106781186547,-2.22434644840108E-15,0.707106781186547));
#1781=ORIENTED_EDGE('',*,*,#4040,.F.);
#1782=ORIENTED_EDGE('',*,*,#4041,.F.);
#1783=ORIENTED_EDGE('',*,*,#4042,.F.);
#1784=ORIENTED_EDGE('',*,*,#4043,.F.);
#1785=CARTESIAN_POINT('',(0.0668300000000004,-0.00218475631344325,-0.0123347075430542));
#1786=DIRECTION('',(-2.77555756156292E-15,-7.10799812807928E-15,-1.0));
#1787=DIRECTION('',(3.71352796603441E-15,1.0,-7.1079981280793E-15));
#1788=ORIENTED_EDGE('',*,*,#4044,.F.);
#1789=ORIENTED_EDGE('',*,*,#4045,.T.);
#1790=ORIENTED_EDGE('',*,*,#4046,.T.);
#1791=ORIENTED_EDGE('',*,*,#4047,.F.);
#1792=CARTESIAN_POINT('',(0.0668300000000004,7.45360261916045E-06,-0.014062428369313));
#1793=DIRECTION('',(2.77555756156292E-15,7.67732033691237E-15,1.0));
#1794=DIRECTION('',(8.83174152397601E-15,1.0,-7.6773203369124E-15));
#1795=ORIENTED_EDGE('',*,*,#4048,.F.);
#1796=ORIENTED_EDGE('',*,*,#4049,.F.);
#1797=ORIENTED_EDGE('',*,*,#4050,.F.);
#1798=ORIENTED_EDGE('',*,*,#4051,.F.);
#1799=ORIENTED_EDGE('',*,*,#4052,.T.);
#1800=ORIENTED_EDGE('',*,*,#4053,.F.);
#1801=CARTESIAN_POINT('',(0.0668300000000004,-1.47563134432205E-05,-0.00711470754305421));
#1802=DIRECTION('',(-2.77555756156292E-15,-6.88317499601623E-15,-1.0));
#1803=DIRECTION('',(8.83174152397601E-15,1.0,-6.88317499601625E-15));
#1804=ORIENTED_EDGE('',*,*,#4054,.F.);
#1805=ORIENTED_EDGE('',*,*,#4047,.T.);
#1806=ORIENTED_EDGE('',*,*,#4055,.T.);
#1807=ORIENTED_EDGE('',*,*,#4056,.T.);
#1808=ORIENTED_EDGE('',*,*,#4057,.F.);
#1809=CARTESIAN_POINT('',(0.0668300000000004,7.45360261916045E-06,-0.0137508891459506));
#1810=DIRECTION('',(2.77555756156292E-15,7.67732033691237E-15,1.0));
#1811=DIRECTION('',(8.83174152397601E-15,1.0,-7.6773203369124E-15));
#1812=ORIENTED_EDGE('',*,*,#4058,.F.);
#1813=ORIENTED_EDGE('',*,*,#4059,.F.);
#1814=ORIENTED_EDGE('',*,*,#4049,.T.);
#1815=CARTESIAN_POINT('',(0.0668300000000004,7.45360261916045E-06,-0.0141097514462131));
#1816=DIRECTION('',(-2.77555756156292E-15,-7.67732033691237E-15,-1.0));
#1817=DIRECTION('',(8.83174152397601E-15,1.0,-7.6773203369124E-15));
#1818=ORIENTED_EDGE('',*,*,#4060,.F.);
#1819=ORIENTED_EDGE('',*,*,#4061,.T.);
#1820=ORIENTED_EDGE('',*,*,#4062,.T.);
#1821=ORIENTED_EDGE('',*,*,#4063,.T.);
#1822=CARTESIAN_POINT('',(0.0668300000000004,7.45360261916045E-06,-0.0143332122228508));
#1823=DIRECTION('',(-2.77555756156292E-15,-7.67732033691237E-15,-1.0));
#1824=DIRECTION('',(8.83174152397601E-15,1.0,-7.67732033691239E-15));
#1825=ORIENTED_EDGE('',*,*,#4064,.F.);
#1826=ORIENTED_EDGE('',*,*,#4065,.F.);
#1827=ORIENTED_EDGE('',*,*,#4066,.T.);
#1828=ORIENTED_EDGE('',*,*,#4067,.F.);
#1829=ORIENTED_EDGE('',*,*,#4068,.F.);
#1830=ORIENTED_EDGE('',*,*,#4069,.F.);
#1831=CARTESIAN_POINT('',(0.0668300000000004,-1.47563134432205E-05,-0.00711470754305421));
#1832=DIRECTION('',(-2.77555756156292E-15,-6.88317499601623E-15,-1.0));
#1833=DIRECTION('',(8.83174152397601E-15,1.0,-6.88317499601625E-15));
#1834=ORIENTED_EDGE('',*,*,#4070,.F.);
#1835=ORIENTED_EDGE('',*,*,#4020,.T.);
#1836=ORIENTED_EDGE('',*,*,#4071,.T.);
#1837=ORIENTED_EDGE('',*,*,#4072,.T.);
#1838=ORIENTED_EDGE('',*,*,#4073,.T.);
#1839=ORIENTED_EDGE('',*,*,#4074,.F.);
#1840=CARTESIAN_POINT('',(0.0668300000000003,7.45360261914657E-06,-0.0154449796863602));
#1841=DIRECTION('',(-2.77555756156292E-15,-7.67732033691237E-15,-1.0));
#1842=DIRECTION('',(8.83174152397601E-15,1.0,-7.6773203369124E-15));
#1843=ORIENTED_EDGE('',*,*,#4075,.F.);
#1844=ORIENTED_EDGE('',*,*,#4074,.T.);
#1845=ORIENTED_EDGE('',*,*,#4076,.T.);
#1846=ORIENTED_EDGE('',*,*,#4077,.F.);
#1847=CARTESIAN_POINT('',(0.0668300000000003,7.45360261915351E-06,-0.0152168345424346));
#1848=DIRECTION('',(2.77555756156292E-15,7.67732033691237E-15,1.0));
#1849=DIRECTION('',(8.83174152397601E-15,1.0,-7.6773203369124E-15));
#1850=ORIENTED_EDGE('',*,*,#4078,.F.);
#1851=ORIENTED_EDGE('',*,*,#4077,.T.);
#1852=ORIENTED_EDGE('',*,*,#4079,.T.);
#1853=ORIENTED_EDGE('',*,*,#4080,.T.);
#1854=CARTESIAN_POINT('',(0.0668300000000003,7.45360261915351E-06,-0.0151695114655345));
#1855=DIRECTION('',(-2.77555756156292E-15,-7.67732033691237E-15,-1.0));
#1856=DIRECTION('',(8.83174152397601E-15,1.0,-7.6773203369124E-15));
#1857=ORIENTED_EDGE('',*,*,#4081,.F.);
#1858=ORIENTED_EDGE('',*,*,#4082,.T.);
#1859=ORIENTED_EDGE('',*,*,#4083,.T.);
#1860=ORIENTED_EDGE('',*,*,#4061,.F.);
#1861=CARTESIAN_POINT('',(0.0668300000000003,7.45360261915351E-06,-0.01486265660946));
#1862=DIRECTION('',(2.77555756156292E-15,7.67732033691237E-15,1.0));
#1863=DIRECTION('',(8.83174152397601E-15,1.0,-7.6773203369124E-15));
#1864=ORIENTED_EDGE('',*,*,#4084,.F.);
#1865=ORIENTED_EDGE('',*,*,#4085,.F.);
#1866=ORIENTED_EDGE('',*,*,#4086,.T.);
#1867=ORIENTED_EDGE('',*,*,#4087,.F.);
#1868=ORIENTED_EDGE('',*,*,#4088,.F.);
#1869=ORIENTED_EDGE('',*,*,#4089,.F.);
#1870=CARTESIAN_POINT('',(0.0668300000000004,-1.47563134432205E-05,-0.00711470754305421));
#1871=DIRECTION('',(-2.77555756156292E-15,-6.88317499601623E-15,-1.0));
#1872=DIRECTION('',(8.83174152397601E-15,1.0,-6.88317499601625E-15));
#1873=ORIENTED_EDGE('',*,*,#4090,.F.);
#1874=ORIENTED_EDGE('',*,*,#4057,.T.);
#1875=ORIENTED_EDGE('',*,*,#4091,.T.);
#1876=ORIENTED_EDGE('',*,*,#4092,.T.);
#1877=ORIENTED_EDGE('',*,*,#4093,.T.);
#1878=ORIENTED_EDGE('',*,*,#4094,.F.);
#1879=CARTESIAN_POINT('',(0.0668300000000004,7.45360261916739E-06,-0.0133049796863601));
#1880=DIRECTION('',(-2.77555756156292E-15,-7.67732033691237E-15,-1.0));
#1881=DIRECTION('',(8.83174152397601E-15,1.0,-7.6773203369124E-15));
#1882=ORIENTED_EDGE('',*,*,#4095,.F.);
#1883=ORIENTED_EDGE('',*,*,#4094,.T.);
#1884=ORIENTED_EDGE('',*,*,#4096,.T.);
#1885=ORIENTED_EDGE('',*,*,#4097,.F.);
#1886=CARTESIAN_POINT('',(0.0668300000000004,7.45360261916739E-06,-0.0130768345424346));
#1887=DIRECTION('',(2.77555756156292E-15,7.67732033691237E-15,1.0));
#1888=DIRECTION('',(8.83174152397601E-15,1.0,-7.6773203369124E-15));
#1889=ORIENTED_EDGE('',*,*,#4098,.F.);
#1890=ORIENTED_EDGE('',*,*,#4097,.T.);
#1891=ORIENTED_EDGE('',*,*,#4099,.T.);
#1892=ORIENTED_EDGE('',*,*,#4100,.T.);
#1893=CARTESIAN_POINT('',(0.0668300000000004,7.45360261916739E-06,-0.0130295114655345));
#1894=DIRECTION('',(-2.77555756156292E-15,-7.67732033691237E-15,-1.0));
#1895=DIRECTION('',(8.83174152397601E-15,1.0,-7.67732033691239E-15));
#1896=ORIENTED_EDGE('',*,*,#4101,.F.);
#1897=ORIENTED_EDGE('',*,*,#4102,.T.);
#1898=ORIENTED_EDGE('',*,*,#4103,.T.);
#1899=ORIENTED_EDGE('',*,*,#4104,.F.);
#1900=CARTESIAN_POINT('',(0.0668300000000004,7.45360261916739E-06,-0.01272265660946));
#1901=DIRECTION('',(2.77555756156292E-15,7.67732033691237E-15,1.0));
#1902=DIRECTION('',(8.83174152397601E-15,1.0,-7.6773203369124E-15));
#1903=ORIENTED_EDGE('',*,*,#4105,.F.);
#1904=ORIENTED_EDGE('',*,*,#4106,.F.);
#1905=ORIENTED_EDGE('',*,*,#4107,.T.);
#1906=ORIENTED_EDGE('',*,*,#4108,.F.);
#1907=CARTESIAN_POINT('',(0.0668300000000004,-1.47563134432205E-05,-0.00711470754305421));
#1908=DIRECTION('',(-2.77555756156292E-15,-6.88317499601623E-15,-1.0));
#1909=DIRECTION('',(8.83174152397601E-15,1.0,-6.88317499601625E-15));
#1910=ORIENTED_EDGE('',*,*,#4109,.F.);
#1911=ORIENTED_EDGE('',*,*,#4104,.T.);
#1912=ORIENTED_EDGE('',*,*,#4110,.T.);
#1913=ORIENTED_EDGE('',*,*,#4111,.T.);
#1914=CARTESIAN_POINT('',(0.0668300000000004,7.45360261917433E-06,-0.0122349796863601));
#1915=DIRECTION('',(-2.77555756156292E-15,-7.67732033691237E-15,-1.0));
#1916=DIRECTION('',(8.83174152397601E-15,1.0,-7.6773203369124E-15));
#1917=ORIENTED_EDGE('',*,*,#4112,.F.);
#1918=ORIENTED_EDGE('',*,*,#4113,.T.);
#1919=ORIENTED_EDGE('',*,*,#4114,.T.);
#1920=ORIENTED_EDGE('',*,*,#4115,.F.);
#1921=CARTESIAN_POINT('',(0.0668300000000004,7.45360261917433E-06,-0.01165515660946));
#1922=DIRECTION('',(2.77555756156292E-15,7.67732033691237E-15,1.0));
#1923=DIRECTION('',(8.83174152397601E-15,1.0,-7.6773203369124E-15));
#1924=ORIENTED_EDGE('',*,*,#4116,.F.);
#1925=ORIENTED_EDGE('',*,*,#4117,.F.);
#1926=ORIENTED_EDGE('',*,*,#4118,.T.);
#1927=ORIENTED_EDGE('',*,*,#4119,.F.);
#1928=CARTESIAN_POINT('',(0.0668300000000004,-1.47563134432205E-05,-0.00711470754305421));
#1929=DIRECTION('',(-2.77555756156292E-15,-6.88317499601623E-15,-1.0));
#1930=DIRECTION('',(8.83174152397601E-15,1.0,-6.88317499601625E-15));
#1931=ORIENTED_EDGE('',*,*,#4120,.F.);
#1932=ORIENTED_EDGE('',*,*,#4115,.T.);
#1933=ORIENTED_EDGE('',*,*,#4121,.T.);
#1934=ORIENTED_EDGE('',*,*,#4122,.T.);
#1935=CARTESIAN_POINT('',(0.0668300000000004,7.45360261918127E-06,-0.0111724796863601));
#1936=DIRECTION('',(-2.77555756156292E-15,-7.67732033691237E-15,-1.0));
#1937=DIRECTION('',(8.83174152397601E-15,1.0,-7.67732033691239E-15));
#1938=ORIENTED_EDGE('',*,*,#4123,.F.);
#1939=ORIENTED_EDGE('',*,*,#4124,.T.);
#1940=ORIENTED_EDGE('',*,*,#4125,.T.);
#1941=ORIENTED_EDGE('',*,*,#4126,.F.);
#1942=CARTESIAN_POINT('',(0.0668300000000004,7.4536026191882E-06,-0.0105926566094599));
#1943=DIRECTION('',(2.77555756156292E-15,7.67732033691237E-15,1.0));
#1944=DIRECTION('',(8.83174152397601E-15,1.0,-7.6773203369124E-15));
#1945=ORIENTED_EDGE('',*,*,#4127,.F.);
#1946=ORIENTED_EDGE('',*,*,#4128,.F.);
#1947=ORIENTED_EDGE('',*,*,#4129,.T.);
#1948=ORIENTED_EDGE('',*,*,#4130,.F.);
#1949=CARTESIAN_POINT('',(0.0668300000000004,-1.47563134432205E-05,-0.00711470754305421));
#1950=DIRECTION('',(-2.77555756156292E-15,-6.88317499601623E-15,-1.0));
#1951=DIRECTION('',(8.83174152397601E-15,1.0,-6.88317499601625E-15));
#1952=ORIENTED_EDGE('',*,*,#4131,.F.);
#1953=ORIENTED_EDGE('',*,*,#4126,.T.);
#1954=ORIENTED_EDGE('',*,*,#4132,.T.);
#1955=ORIENTED_EDGE('',*,*,#4133,.T.);
#1956=CARTESIAN_POINT('',(0.0668300000000004,7.4536026191882E-06,-0.0101049796863601));
#1957=DIRECTION('',(-2.77555756156292E-15,-7.67732033691237E-15,-1.0));
#1958=DIRECTION('',(8.83174152397601E-15,1.0,-7.6773203369124E-15));
#1959=ORIENTED_EDGE('',*,*,#4134,.F.);
#1960=ORIENTED_EDGE('',*,*,#4135,.T.);
#1961=ORIENTED_EDGE('',*,*,#4136,.T.);
#1962=ORIENTED_EDGE('',*,*,#4137,.F.);
#1963=CARTESIAN_POINT('',(0.0668300000000004,7.45360261919514E-06,-0.00952265660945999));
#1964=DIRECTION('',(2.77555756156292E-15,7.67732033691237E-15,1.0));
#1965=DIRECTION('',(8.83174152397601E-15,1.0,-7.67732033691239E-15));
#1966=ORIENTED_EDGE('',*,*,#4138,.F.);
#1967=ORIENTED_EDGE('',*,*,#4139,.F.);
#1968=ORIENTED_EDGE('',*,*,#4140,.T.);
#1969=ORIENTED_EDGE('',*,*,#4141,.F.);
#1970=CARTESIAN_POINT('',(0.0668300000000004,-1.47563134432205E-05,-0.00711470754305421));
#1971=DIRECTION('',(-2.77555756156292E-15,-6.88317499601623E-15,-1.0));
#1972=DIRECTION('',(8.83174152397601E-15,1.0,-6.88317499601625E-15));
#1973=ORIENTED_EDGE('',*,*,#4142,.F.);
#1974=ORIENTED_EDGE('',*,*,#4137,.T.);
#1975=ORIENTED_EDGE('',*,*,#4143,.T.);
#1976=ORIENTED_EDGE('',*,*,#4144,.T.);
#1977=CARTESIAN_POINT('',(0.0668300000000004,7.45360261919514E-06,-0.00903497968636013));
#1978=DIRECTION('',(-2.77555756156292E-15,-7.67732033691237E-15,-1.0));
#1979=DIRECTION('',(8.83174152397601E-15,1.0,-7.6773203369124E-15));
#1980=ORIENTED_EDGE('',*,*,#4145,.F.);
#1981=ORIENTED_EDGE('',*,*,#4146,.T.);
#1982=ORIENTED_EDGE('',*,*,#4147,.T.);
#1983=ORIENTED_EDGE('',*,*,#4148,.F.);
#1984=CARTESIAN_POINT('',(0.0668300000000004,7.45360261920208E-06,-0.00845265660945999));
#1985=DIRECTION('',(2.77555756156292E-15,7.67732033691237E-15,1.0));
#1986=DIRECTION('',(8.83174152397601E-15,1.0,-7.67732033691239E-15));
#1987=ORIENTED_EDGE('',*,*,#4149,.F.);
#1988=ORIENTED_EDGE('',*,*,#4150,.F.);
#1989=ORIENTED_EDGE('',*,*,#4151,.T.);
#1990=ORIENTED_EDGE('',*,*,#4152,.F.);
#1991=CARTESIAN_POINT('',(0.0668300000000004,-1.47563134432205E-05,-0.00711470754305421));
#1992=DIRECTION('',(-2.77555756156292E-15,-6.88317499601623E-15,-1.0));
#1993=DIRECTION('',(8.83174152397601E-15,1.0,-6.88317499601625E-15));
#1994=ORIENTED_EDGE('',*,*,#4153,.F.);
#1995=ORIENTED_EDGE('',*,*,#4148,.T.);
#1996=ORIENTED_EDGE('',*,*,#4154,.T.);
#1997=ORIENTED_EDGE('',*,*,#4155,.T.);
#1998=CARTESIAN_POINT('',(0.0668300000000004,7.45360261920902E-06,-0.00796497968636013));
#1999=DIRECTION('',(-2.77555756156292E-15,-7.67732033691237E-15,-1.0));
#2000=DIRECTION('',(8.83174152397601E-15,1.0,-7.67732033691239E-15));
#2001=ORIENTED_EDGE('',*,*,#4156,.F.);
#2002=ORIENTED_EDGE('',*,*,#4157,.T.);
#2003=ORIENTED_EDGE('',*,*,#4158,.T.);
#2004=ORIENTED_EDGE('',*,*,#4016,.F.);
#2005=CARTESIAN_POINT('',(0.0668300000000003,7.45360261913963E-06,-0.0166560431729094));
#2006=DIRECTION('',(2.77555756156292E-15,7.67732033691237E-15,1.0));
#2007=DIRECTION('',(8.83174152397601E-15,1.0,-7.6773203369124E-15));
#2008=ORIENTED_EDGE('',*,*,#4159,.F.);
#2009=ORIENTED_EDGE('',*,*,#4160,.T.);
#2010=ORIENTED_EDGE('',*,*,#4161,.T.);
#2011=ORIENTED_EDGE('',*,*,#4018,.T.);
#2012=CARTESIAN_POINT('',(0.0668300000000003,7.45360261914657E-06,-0.0154449796863602));
#2013=DIRECTION('',(-2.77555756156292E-15,-7.67732033691237E-15,-1.0));
#2014=DIRECTION('',(8.83174152397601E-15,1.0,-7.6773203369124E-15));
#2015=ORIENTED_EDGE('',*,*,#4162,.F.);
#2016=ORIENTED_EDGE('',*,*,#4163,.F.);
#2017=ORIENTED_EDGE('',*,*,#4164,.T.);
#2018=ORIENTED_EDGE('',*,*,#4165,.F.);
#2019=CARTESIAN_POINT('',(0.0668300000000004,-1.47563134432205E-05,-0.00711470754305421));
#2020=DIRECTION('',(-2.77555756156292E-15,-6.88317499601623E-15,-1.0));
#2021=DIRECTION('',(8.83174152397601E-15,1.0,-6.88317499601625E-15));
#2022=ORIENTED_EDGE('',*,*,#4166,.F.);
#2023=ORIENTED_EDGE('',*,*,#4167,.F.);
#2024=ORIENTED_EDGE('',*,*,#4168,.T.);
#2025=ORIENTED_EDGE('',*,*,#4169,.T.);
#2026=CARTESIAN_POINT('',(0.0668300000000003,7.45360261915351E-06,-0.01486265660946));
#2027=DIRECTION('',(2.77555756156292E-15,7.67732033691237E-15,1.0));
#2028=DIRECTION('',(8.83174152397601E-15,1.0,-7.6773203369124E-15));
#2029=ORIENTED_EDGE('',*,*,#4170,.F.);
#2030=ORIENTED_EDGE('',*,*,#4171,.T.);
#2031=ORIENTED_EDGE('',*,*,#4172,.T.);
#2032=ORIENTED_EDGE('',*,*,#4167,.T.);
#2033=CARTESIAN_POINT('',(0.0668300000000004,7.45360261916045E-06,-0.0143332122228508));
#2034=DIRECTION('',(-2.77555756156292E-15,-7.67732033691237E-15,-1.0));
#2035=DIRECTION('',(8.83174152397601E-15,1.0,-7.67732033691239E-15));
#2036=ORIENTED_EDGE('',*,*,#4173,.F.);
#2037=ORIENTED_EDGE('',*,*,#4174,.F.);
#2038=ORIENTED_EDGE('',*,*,#4175,.T.);
#2039=ORIENTED_EDGE('',*,*,#4176,.F.);
#2040=CARTESIAN_POINT('',(0.0668300000000004,-1.47563134432205E-05,-0.00711470754305421));
#2041=DIRECTION('',(-2.77555756156292E-15,-6.88317499601623E-15,-1.0));
#2042=DIRECTION('',(8.83174152397601E-15,1.0,-6.88317499601625E-15));
#2043=ORIENTED_EDGE('',*,*,#4177,.F.);
#2044=ORIENTED_EDGE('',*,*,#4178,.F.);
#2045=ORIENTED_EDGE('',*,*,#4179,.T.);
#2046=ORIENTED_EDGE('',*,*,#4180,.T.);
#2047=CARTESIAN_POINT('',(0.0668300000000004,7.45360261916045E-06,-0.0137508891459506));
#2048=DIRECTION('',(2.77555756156292E-15,7.67732033691237E-15,1.0));
#2049=DIRECTION('',(8.83174152397601E-15,1.0,-7.6773203369124E-15));
#2050=ORIENTED_EDGE('',*,*,#4181,.F.);
#2051=ORIENTED_EDGE('',*,*,#4182,.T.);
#2052=ORIENTED_EDGE('',*,*,#4183,.T.);
#2053=ORIENTED_EDGE('',*,*,#4178,.T.);
#2054=CARTESIAN_POINT('',(0.0668300000000004,7.45360261916739E-06,-0.0133049796863601));
#2055=DIRECTION('',(-2.77555756156292E-15,-7.67732033691237E-15,-1.0));
#2056=DIRECTION('',(8.83174152397601E-15,1.0,-7.6773203369124E-15));
#2057=ORIENTED_EDGE('',*,*,#4184,.F.);
#2058=ORIENTED_EDGE('',*,*,#4185,.F.);
#2059=ORIENTED_EDGE('',*,*,#4186,.T.);
#2060=ORIENTED_EDGE('',*,*,#4187,.F.);
#2061=CARTESIAN_POINT('',(0.0668300000000004,-1.47563134432205E-05,-0.00711470754305421));
#2062=DIRECTION('',(-2.77555756156292E-15,-6.88317499601623E-15,-1.0));
#2063=DIRECTION('',(8.83174152397601E-15,1.0,-6.88317499601625E-15));
#2064=ORIENTED_EDGE('',*,*,#4188,.F.);
#2065=ORIENTED_EDGE('',*,*,#4189,.F.);
#2066=ORIENTED_EDGE('',*,*,#4190,.T.);
#2067=ORIENTED_EDGE('',*,*,#4191,.T.);
#2068=CARTESIAN_POINT('',(0.0668300000000004,7.45360261916739E-06,-0.01272265660946));
#2069=DIRECTION('',(2.77555756156292E-15,7.67732033691237E-15,1.0));
#2070=DIRECTION('',(8.83174152397601E-15,1.0,-7.6773203369124E-15));
#2071=ORIENTED_EDGE('',*,*,#4192,.F.);
#2072=ORIENTED_EDGE('',*,*,#4193,.T.);
#2073=ORIENTED_EDGE('',*,*,#4194,.T.);
#2074=ORIENTED_EDGE('',*,*,#4189,.T.);
#2075=CARTESIAN_POINT('',(0.0668300000000004,7.45360261917433E-06,-0.0122349796863601));
#2076=DIRECTION('',(-2.77555756156292E-15,-7.67732033691237E-15,-1.0));
#2077=DIRECTION('',(8.83174152397601E-15,1.0,-7.6773203369124E-15));
#2078=ORIENTED_EDGE('',*,*,#4195,.F.);
#2079=ORIENTED_EDGE('',*,*,#4196,.F.);
#2080=ORIENTED_EDGE('',*,*,#4197,.T.);
#2081=ORIENTED_EDGE('',*,*,#4198,.F.);
#2082=CARTESIAN_POINT('',(0.0668300000000004,-1.47563134432205E-05,-0.00711470754305421));
#2083=DIRECTION('',(-2.77555756156292E-15,-6.88317499601623E-15,-1.0));
#2084=DIRECTION('',(8.83174152397601E-15,1.0,-6.88317499601625E-15));
#2085=ORIENTED_EDGE('',*,*,#4199,.F.);
#2086=ORIENTED_EDGE('',*,*,#4200,.F.);
#2087=ORIENTED_EDGE('',*,*,#4201,.T.);
#2088=ORIENTED_EDGE('',*,*,#4202,.T.);
#2089=CARTESIAN_POINT('',(0.0668300000000004,7.45360261917433E-06,-0.01165515660946));
#2090=DIRECTION('',(2.77555756156292E-15,7.67732033691237E-15,1.0));
#2091=DIRECTION('',(8.83174152397601E-15,1.0,-7.6773203369124E-15));
#2092=ORIENTED_EDGE('',*,*,#4203,.F.);
#2093=ORIENTED_EDGE('',*,*,#4204,.T.);
#2094=ORIENTED_EDGE('',*,*,#4205,.T.);
#2095=ORIENTED_EDGE('',*,*,#4200,.T.);
#2096=CARTESIAN_POINT('',(0.0668300000000004,7.45360261918127E-06,-0.0111724796863601));
#2097=DIRECTION('',(-2.77555756156292E-15,-7.67732033691237E-15,-1.0));
#2098=DIRECTION('',(8.83174152397601E-15,1.0,-7.67732033691239E-15));
#2099=ORIENTED_EDGE('',*,*,#4206,.F.);
#2100=ORIENTED_EDGE('',*,*,#4207,.F.);
#2101=ORIENTED_EDGE('',*,*,#4208,.T.);
#2102=ORIENTED_EDGE('',*,*,#4209,.F.);
#2103=CARTESIAN_POINT('',(0.0668300000000004,-1.47563134432205E-05,-0.00711470754305421));
#2104=DIRECTION('',(-2.77555756156292E-15,-6.88317499601623E-15,-1.0));
#2105=DIRECTION('',(8.83174152397601E-15,1.0,-6.88317499601625E-15));
#2106=ORIENTED_EDGE('',*,*,#4210,.F.);
#2107=ORIENTED_EDGE('',*,*,#4211,.F.);
#2108=ORIENTED_EDGE('',*,*,#4212,.T.);
#2109=ORIENTED_EDGE('',*,*,#4213,.T.);
#2110=CARTESIAN_POINT('',(0.0668300000000004,7.4536026191882E-06,-0.0105926566094599));
#2111=DIRECTION('',(2.77555756156292E-15,7.67732033691237E-15,1.0));
#2112=DIRECTION('',(8.83174152397601E-15,1.0,-7.6773203369124E-15));
#2113=ORIENTED_EDGE('',*,*,#4214,.F.);
#2114=ORIENTED_EDGE('',*,*,#4215,.T.);
#2115=ORIENTED_EDGE('',*,*,#4216,.T.);
#2116=ORIENTED_EDGE('',*,*,#4211,.T.);
#2117=CARTESIAN_POINT('',(0.0668300000000004,7.4536026191882E-06,-0.0101049796863601));
#2118=DIRECTION('',(-2.77555756156292E-15,-7.67732033691237E-15,-1.0));
#2119=DIRECTION('',(8.83174152397601E-15,1.0,-7.6773203369124E-15));
#2120=ORIENTED_EDGE('',*,*,#4217,.F.);
#2121=ORIENTED_EDGE('',*,*,#4218,.F.);
#2122=ORIENTED_EDGE('',*,*,#4219,.T.);
#2123=ORIENTED_EDGE('',*,*,#4220,.F.);
#2124=CARTESIAN_POINT('',(0.0668300000000004,-1.47563134432205E-05,-0.00711470754305421));
#2125=DIRECTION('',(-2.77555756156292E-15,-6.88317499601623E-15,-1.0));
#2126=DIRECTION('',(8.83174152397601E-15,1.0,-6.88317499601625E-15));
#2127=ORIENTED_EDGE('',*,*,#4221,.F.);
#2128=ORIENTED_EDGE('',*,*,#4222,.F.);
#2129=ORIENTED_EDGE('',*,*,#4223,.T.);
#2130=ORIENTED_EDGE('',*,*,#4224,.T.);
#2131=CARTESIAN_POINT('',(0.0668300000000004,7.45360261919514E-06,-0.00952265660945999));
#2132=DIRECTION('',(2.77555756156292E-15,7.67732033691237E-15,1.0));
#2133=DIRECTION('',(8.83174152397601E-15,1.0,-7.67732033691239E-15));
#2134=ORIENTED_EDGE('',*,*,#4225,.F.);
#2135=ORIENTED_EDGE('',*,*,#4226,.T.);
#2136=ORIENTED_EDGE('',*,*,#4227,.T.);
#2137=ORIENTED_EDGE('',*,*,#4222,.T.);
#2138=CARTESIAN_POINT('',(0.0668300000000004,7.45360261919514E-06,-0.00903497968636013));
#2139=DIRECTION('',(-2.77555756156292E-15,-7.67732033691237E-15,-1.0));
#2140=DIRECTION('',(8.83174152397601E-15,1.0,-7.6773203369124E-15));
#2141=ORIENTED_EDGE('',*,*,#4228,.F.);
#2142=ORIENTED_EDGE('',*,*,#4229,.F.);
#2143=ORIENTED_EDGE('',*,*,#4230,.T.);
#2144=ORIENTED_EDGE('',*,*,#4231,.F.);
#2145=CARTESIAN_POINT('',(0.0668300000000004,-1.47563134432205E-05,-0.00711470754305421));
#2146=DIRECTION('',(-2.77555756156292E-15,-6.88317499601623E-15,-1.0));
#2147=DIRECTION('',(8.83174152397601E-15,1.0,-6.88317499601625E-15));
#2148=ORIENTED_EDGE('',*,*,#4232,.F.);
#2149=ORIENTED_EDGE('',*,*,#4233,.F.);
#2150=ORIENTED_EDGE('',*,*,#4234,.T.);
#2151=ORIENTED_EDGE('',*,*,#4235,.T.);
#2152=CARTESIAN_POINT('',(0.0668300000000004,7.45360261920208E-06,-0.00845265660945999));
#2153=DIRECTION('',(2.77555756156292E-15,7.67732033691237E-15,1.0));
#2154=DIRECTION('',(8.83174152397601E-15,1.0,-7.67732033691239E-15));
#2155=ORIENTED_EDGE('',*,*,#4236,.F.);
#2156=ORIENTED_EDGE('',*,*,#4237,.T.);
#2157=ORIENTED_EDGE('',*,*,#4238,.T.);
#2158=ORIENTED_EDGE('',*,*,#4233,.T.);
#2159=CARTESIAN_POINT('',(0.0668300000000004,7.45360261920902E-06,-0.00796497968636013));
#2160=DIRECTION('',(-2.77555756156292E-15,-7.67732033691237E-15,-1.0));
#2161=DIRECTION('',(8.83174152397601E-15,1.0,-7.67732033691239E-15));
#2162=ORIENTED_EDGE('',*,*,#4239,.F.);
#2163=ORIENTED_EDGE('',*,*,#4240,.F.);
#2164=ORIENTED_EDGE('',*,*,#4241,.T.);
#2165=ORIENTED_EDGE('',*,*,#4242,.F.);
#2166=CARTESIAN_POINT('',(0.0668300000000004,-1.47563134432205E-05,-0.00711470754305421));
#2167=DIRECTION('',(-2.77555756156292E-15,-6.88317499601623E-15,-1.0));
#2168=DIRECTION('',(8.83174152397601E-15,1.0,-6.88317499601625E-15));
#2169=ORIENTED_EDGE('',*,*,#4243,.F.);
#2170=ORIENTED_EDGE('',*,*,#4244,.T.);
#2171=ORIENTED_EDGE('',*,*,#4245,.T.);
#2172=ORIENTED_EDGE('',*,*,#4246,.F.);
#2173=CARTESIAN_POINT('',(0.0668300000000004,7.45360261920902E-06,-0.00733927570940003));
#2174=DIRECTION('',(2.77555756156292E-15,7.67732033691237E-15,1.0));
#2175=DIRECTION('',(8.83174152397601E-15,1.0,-7.6773203369124E-15));
#2176=ORIENTED_EDGE('',*,*,#4247,.F.);
#2177=ORIENTED_EDGE('',*,*,#4248,.F.);
#2178=ORIENTED_EDGE('',*,*,#4249,.T.);
#2179=ORIENTED_EDGE('',*,*,#4250,.T.);
#2180=CARTESIAN_POINT('',(0.0668300000000004,7.45360261920902E-06,-0.00733927570940003));
#2181=DIRECTION('',(2.77555756156292E-15,7.67732033691237E-15,1.0));
#2182=DIRECTION('',(8.83174152397601E-15,1.0,-7.6773203369124E-15));
#2183=ORIENTED_EDGE('',*,*,#4251,.F.);
#2184=ORIENTED_EDGE('',*,*,#4252,.F.);
#2185=ORIENTED_EDGE('',*,*,#4253,.F.);
#2186=ORIENTED_EDGE('',*,*,#4241,.F.);
#2187=ORIENTED_EDGE('',*,*,#4254,.F.);
#2188=ORIENTED_EDGE('',*,*,#4255,.F.);
#2189=ORIENTED_EDGE('',*,*,#4230,.F.);
#2190=ORIENTED_EDGE('',*,*,#4256,.F.);
#2191=ORIENTED_EDGE('',*,*,#4257,.F.);
#2192=ORIENTED_EDGE('',*,*,#4219,.F.);
#2193=ORIENTED_EDGE('',*,*,#4258,.F.);
#2194=ORIENTED_EDGE('',*,*,#4259,.F.);
#2195=ORIENTED_EDGE('',*,*,#4208,.F.);
#2196=ORIENTED_EDGE('',*,*,#4260,.F.);
#2197=ORIENTED_EDGE('',*,*,#4261,.F.);
#2198=ORIENTED_EDGE('',*,*,#4197,.F.);
#2199=ORIENTED_EDGE('',*,*,#4262,.F.);
#2200=ORIENTED_EDGE('',*,*,#4263,.F.);
#2201=ORIENTED_EDGE('',*,*,#4186,.F.);
#2202=ORIENTED_EDGE('',*,*,#4264,.F.);
#2203=ORIENTED_EDGE('',*,*,#4265,.F.);
#2204=ORIENTED_EDGE('',*,*,#4175,.F.);
#2205=ORIENTED_EDGE('',*,*,#4266,.F.);
#2206=ORIENTED_EDGE('',*,*,#4267,.F.);
#2207=ORIENTED_EDGE('',*,*,#4164,.F.);
#2208=ORIENTED_EDGE('',*,*,#4268,.F.);
#2209=ORIENTED_EDGE('',*,*,#4013,.F.);
#2210=ORIENTED_EDGE('',*,*,#4023,.F.);
#2211=ORIENTED_EDGE('',*,*,#4269,.F.);
#2212=ORIENTED_EDGE('',*,*,#4270,.F.);
#2213=ORIENTED_EDGE('',*,*,#4271,.F.);
#2214=ORIENTED_EDGE('',*,*,#4272,.F.);
#2215=ORIENTED_EDGE('',*,*,#4066,.F.);
#2216=ORIENTED_EDGE('',*,*,#4273,.F.);
#2217=ORIENTED_EDGE('',*,*,#4274,.F.);
#2218=ORIENTED_EDGE('',*,*,#4052,.F.);
#2219=ORIENTED_EDGE('',*,*,#4275,.F.);
#2220=ORIENTED_EDGE('',*,*,#4276,.F.);
#2221=ORIENTED_EDGE('',*,*,#4086,.F.);
#2222=ORIENTED_EDGE('',*,*,#4277,.F.);
#2223=ORIENTED_EDGE('',*,*,#4278,.F.);
#2224=ORIENTED_EDGE('',*,*,#4107,.F.);
#2225=ORIENTED_EDGE('',*,*,#4279,.F.);
#2226=ORIENTED_EDGE('',*,*,#4280,.F.);
#2227=ORIENTED_EDGE('',*,*,#4118,.F.);
#2228=ORIENTED_EDGE('',*,*,#4281,.F.);
#2229=ORIENTED_EDGE('',*,*,#4282,.F.);
#2230=ORIENTED_EDGE('',*,*,#4129,.F.);
#2231=ORIENTED_EDGE('',*,*,#4283,.F.);
#2232=ORIENTED_EDGE('',*,*,#4284,.F.);
#2233=ORIENTED_EDGE('',*,*,#4140,.F.);
#2234=ORIENTED_EDGE('',*,*,#4285,.F.);
#2235=ORIENTED_EDGE('',*,*,#4286,.F.);
#2236=ORIENTED_EDGE('',*,*,#4151,.F.);
#2237=CARTESIAN_POINT('',(0.0718153475198865,-0.000278543841217414,-0.00711470754305421));
#2238=DIRECTION('',(-1.0,6.58495269647184E-15,-7.11289328282545E-30));
#2239=DIRECTION('',(6.58495269647184E-15,1.0,-6.7392875252954E-15));
#2240=ORIENTED_EDGE('',*,*,#4245,.F.);
#2241=ORIENTED_EDGE('',*,*,#4287,.F.);
#2242=ORIENTED_EDGE('',*,*,#4154,.F.);
#2243=ORIENTED_EDGE('',*,*,#4147,.F.);
#2244=ORIENTED_EDGE('',*,*,#4288,.F.);
#2245=ORIENTED_EDGE('',*,*,#4143,.F.);
#2246=ORIENTED_EDGE('',*,*,#4136,.F.);
#2247=ORIENTED_EDGE('',*,*,#4289,.F.);
#2248=ORIENTED_EDGE('',*,*,#4132,.F.);
#2249=ORIENTED_EDGE('',*,*,#4125,.F.);
#2250=ORIENTED_EDGE('',*,*,#4290,.F.);
#2251=ORIENTED_EDGE('',*,*,#4121,.F.);
#2252=ORIENTED_EDGE('',*,*,#4114,.F.);
#2253=ORIENTED_EDGE('',*,*,#4291,.F.);
#2254=ORIENTED_EDGE('',*,*,#4110,.F.);
#2255=ORIENTED_EDGE('',*,*,#4103,.F.);
#2256=ORIENTED_EDGE('',*,*,#4292,.F.);
#2257=ORIENTED_EDGE('',*,*,#4091,.F.);
#2258=ORIENTED_EDGE('',*,*,#4056,.F.);
#2259=ORIENTED_EDGE('',*,*,#4293,.F.);
#2260=ORIENTED_EDGE('',*,*,#4062,.F.);
#2261=ORIENTED_EDGE('',*,*,#4083,.F.);
#2262=ORIENTED_EDGE('',*,*,#4294,.F.);
#2263=ORIENTED_EDGE('',*,*,#4071,.F.);
#2264=ORIENTED_EDGE('',*,*,#4019,.F.);
#2265=ORIENTED_EDGE('',*,*,#4161,.F.);
#2266=ORIENTED_EDGE('',*,*,#4295,.F.);
#2267=ORIENTED_EDGE('',*,*,#4168,.F.);
#2268=ORIENTED_EDGE('',*,*,#4172,.F.);
#2269=ORIENTED_EDGE('',*,*,#4296,.F.);
#2270=ORIENTED_EDGE('',*,*,#4179,.F.);
#2271=ORIENTED_EDGE('',*,*,#4183,.F.);
#2272=ORIENTED_EDGE('',*,*,#4297,.F.);
#2273=ORIENTED_EDGE('',*,*,#4190,.F.);
#2274=ORIENTED_EDGE('',*,*,#4194,.F.);
#2275=ORIENTED_EDGE('',*,*,#4298,.F.);
#2276=ORIENTED_EDGE('',*,*,#4201,.F.);
#2277=ORIENTED_EDGE('',*,*,#4205,.F.);
#2278=ORIENTED_EDGE('',*,*,#4299,.F.);
#2279=ORIENTED_EDGE('',*,*,#4212,.F.);
#2280=ORIENTED_EDGE('',*,*,#4216,.F.);
#2281=ORIENTED_EDGE('',*,*,#4300,.F.);
#2282=ORIENTED_EDGE('',*,*,#4223,.F.);
#2283=ORIENTED_EDGE('',*,*,#4227,.F.);
#2284=ORIENTED_EDGE('',*,*,#4301,.F.);
#2285=ORIENTED_EDGE('',*,*,#4234,.F.);
#2286=ORIENTED_EDGE('',*,*,#4238,.F.);
#2287=ORIENTED_EDGE('',*,*,#4302,.F.);
#2288=ORIENTED_EDGE('',*,*,#4249,.F.);
#2289=ORIENTED_EDGE('',*,*,#4303,.F.);
#2290=CARTESIAN_POINT('',(0.0616150000000004,-0.000278543841217345,-0.00711470754305421));
#2291=DIRECTION('',(1.0,-6.99651224000133E-15,9.87963049180852E-30));
#2292=DIRECTION('',(-6.99651224000133E-15,-1.0,6.7392875252954E-15));
#2293=ORIENTED_EDGE('',*,*,#4247,.T.);
#2294=ORIENTED_EDGE('',*,*,#4242,.T.);
#2295=ORIENTED_EDGE('',*,*,#4253,.T.);
#2296=ORIENTED_EDGE('',*,*,#4304,.F.);
#2297=CARTESIAN_POINT('',(0.0668300000000004,7.45360261920902E-06,-0.00733927570940003));
#2298=DIRECTION('',(2.77555756156292E-15,7.67732033691237E-15,1.0));
#2299=DIRECTION('',(8.83174152397601E-15,1.0,-7.6773203369124E-15));
#2300=ORIENTED_EDGE('',*,*,#4243,.T.);
#2301=ORIENTED_EDGE('',*,*,#4305,.F.);
#2302=ORIENTED_EDGE('',*,*,#4251,.T.);
#2303=ORIENTED_EDGE('',*,*,#4150,.T.);
#2304=CARTESIAN_POINT('',(0.0668300000000004,7.45360261920902E-06,-0.00733927570940003));
#2305=DIRECTION('',(2.77555756156292E-15,7.67732033691237E-15,1.0));
#2306=DIRECTION('',(8.83174152397601E-15,1.0,-7.6773203369124E-15));
#2307=ORIENTED_EDGE('',*,*,#4239,.T.);
#2308=ORIENTED_EDGE('',*,*,#4250,.F.);
#2309=ORIENTED_EDGE('',*,*,#4302,.T.);
#2310=ORIENTED_EDGE('',*,*,#4237,.F.);
#2311=CARTESIAN_POINT('',(0.0668300000000004,-1.47563134432205E-05,-0.00711470754305421));
#2312=DIRECTION('',(-2.77555756156292E-15,-6.88317499601623E-15,-1.0));
#2313=DIRECTION('',(8.83174152397601E-15,1.0,-6.88317499601625E-15));
#2314=ORIENTED_EDGE('',*,*,#4236,.T.);
#2315=ORIENTED_EDGE('',*,*,#4306,.T.);
#2316=ORIENTED_EDGE('',*,*,#4254,.T.);
#2317=ORIENTED_EDGE('',*,*,#4240,.T.);
#2318=CARTESIAN_POINT('',(0.0668300000000004,7.45360261920902E-06,-0.00796497968636013));
#2319=DIRECTION('',(-2.77555756156292E-15,-7.67732033691237E-15,-1.0));
#2320=DIRECTION('',(8.83174152397601E-15,1.0,-7.67732033691239E-15));
#2321=ORIENTED_EDGE('',*,*,#4232,.T.);
#2322=ORIENTED_EDGE('',*,*,#4231,.T.);
#2323=ORIENTED_EDGE('',*,*,#4255,.T.);
#2324=ORIENTED_EDGE('',*,*,#4306,.F.);
#2325=CARTESIAN_POINT('',(0.0668300000000004,7.45360261920208E-06,-0.00845265660945999));
#2326=DIRECTION('',(2.77555756156292E-15,7.67732033691237E-15,1.0));
#2327=DIRECTION('',(8.83174152397601E-15,1.0,-7.67732033691239E-15));
#2328=ORIENTED_EDGE('',*,*,#4228,.T.);
#2329=ORIENTED_EDGE('',*,*,#4235,.F.);
#2330=ORIENTED_EDGE('',*,*,#4301,.T.);
#2331=ORIENTED_EDGE('',*,*,#4226,.F.);
#2332=CARTESIAN_POINT('',(0.0668300000000004,-1.47563134432205E-05,-0.00711470754305421));
#2333=DIRECTION('',(-2.77555756156292E-15,-6.88317499601623E-15,-1.0));
#2334=DIRECTION('',(8.83174152397601E-15,1.0,-6.88317499601625E-15));
#2335=ORIENTED_EDGE('',*,*,#4225,.T.);
#2336=ORIENTED_EDGE('',*,*,#4307,.T.);
#2337=ORIENTED_EDGE('',*,*,#4256,.T.);
#2338=ORIENTED_EDGE('',*,*,#4229,.T.);
#2339=CARTESIAN_POINT('',(0.0668300000000004,7.45360261919514E-06,-0.00903497968636013));
#2340=DIRECTION('',(-2.77555756156292E-15,-7.67732033691237E-15,-1.0));
#2341=DIRECTION('',(8.83174152397601E-15,1.0,-7.6773203369124E-15));
#2342=ORIENTED_EDGE('',*,*,#4221,.T.);
#2343=ORIENTED_EDGE('',*,*,#4220,.T.);
#2344=ORIENTED_EDGE('',*,*,#4257,.T.);
#2345=ORIENTED_EDGE('',*,*,#4307,.F.);
#2346=CARTESIAN_POINT('',(0.0668300000000004,7.45360261919514E-06,-0.00952265660945999));
#2347=DIRECTION('',(2.77555756156292E-15,7.67732033691237E-15,1.0));
#2348=DIRECTION('',(8.83174152397601E-15,1.0,-7.67732033691239E-15));
#2349=ORIENTED_EDGE('',*,*,#4217,.T.);
#2350=ORIENTED_EDGE('',*,*,#4224,.F.);
#2351=ORIENTED_EDGE('',*,*,#4300,.T.);
#2352=ORIENTED_EDGE('',*,*,#4215,.F.);
#2353=CARTESIAN_POINT('',(0.0668300000000004,-1.47563134432205E-05,-0.00711470754305421));
#2354=DIRECTION('',(-2.77555756156292E-15,-6.88317499601623E-15,-1.0));
#2355=DIRECTION('',(8.83174152397601E-15,1.0,-6.88317499601625E-15));
#2356=ORIENTED_EDGE('',*,*,#4214,.T.);
#2357=ORIENTED_EDGE('',*,*,#4308,.T.);
#2358=ORIENTED_EDGE('',*,*,#4258,.T.);
#2359=ORIENTED_EDGE('',*,*,#4218,.T.);
#2360=CARTESIAN_POINT('',(0.0668300000000004,7.4536026191882E-06,-0.0101049796863601));
#2361=DIRECTION('',(-2.77555756156292E-15,-7.67732033691237E-15,-1.0));
#2362=DIRECTION('',(8.83174152397601E-15,1.0,-7.6773203369124E-15));
#2363=ORIENTED_EDGE('',*,*,#4210,.T.);
#2364=ORIENTED_EDGE('',*,*,#4209,.T.);
#2365=ORIENTED_EDGE('',*,*,#4259,.T.);
#2366=ORIENTED_EDGE('',*,*,#4308,.F.);
#2367=CARTESIAN_POINT('',(0.0668300000000004,7.4536026191882E-06,-0.0105926566094599));
#2368=DIRECTION('',(2.77555756156292E-15,7.67732033691237E-15,1.0));
#2369=DIRECTION('',(8.83174152397601E-15,1.0,-7.6773203369124E-15));
#2370=ORIENTED_EDGE('',*,*,#4206,.T.);
#2371=ORIENTED_EDGE('',*,*,#4213,.F.);
#2372=ORIENTED_EDGE('',*,*,#4299,.T.);
#2373=ORIENTED_EDGE('',*,*,#4204,.F.);
#2374=CARTESIAN_POINT('',(0.0668300000000004,-1.47563134432205E-05,-0.00711470754305421));
#2375=DIRECTION('',(-2.77555756156292E-15,-6.88317499601623E-15,-1.0));
#2376=DIRECTION('',(8.83174152397601E-15,1.0,-6.88317499601625E-15));
#2377=ORIENTED_EDGE('',*,*,#4203,.T.);
#2378=ORIENTED_EDGE('',*,*,#4309,.T.);
#2379=ORIENTED_EDGE('',*,*,#4260,.T.);
#2380=ORIENTED_EDGE('',*,*,#4207,.T.);
#2381=CARTESIAN_POINT('',(0.0668300000000004,7.45360261918127E-06,-0.0111724796863601));
#2382=DIRECTION('',(-2.77555756156292E-15,-7.67732033691237E-15,-1.0));
#2383=DIRECTION('',(8.83174152397601E-15,1.0,-7.67732033691239E-15));
#2384=ORIENTED_EDGE('',*,*,#4199,.T.);
#2385=ORIENTED_EDGE('',*,*,#4198,.T.);
#2386=ORIENTED_EDGE('',*,*,#4261,.T.);
#2387=ORIENTED_EDGE('',*,*,#4309,.F.);
#2388=CARTESIAN_POINT('',(0.0668300000000004,7.45360261917433E-06,-0.01165515660946));
#2389=DIRECTION('',(2.77555756156292E-15,7.67732033691237E-15,1.0));
#2390=DIRECTION('',(8.83174152397601E-15,1.0,-7.6773203369124E-15));
#2391=ORIENTED_EDGE('',*,*,#4195,.T.);
#2392=ORIENTED_EDGE('',*,*,#4202,.F.);
#2393=ORIENTED_EDGE('',*,*,#4298,.T.);
#2394=ORIENTED_EDGE('',*,*,#4193,.F.);
#2395=CARTESIAN_POINT('',(0.0668300000000004,-1.47563134432205E-05,-0.00711470754305421));
#2396=DIRECTION('',(-2.77555756156292E-15,-6.88317499601623E-15,-1.0));
#2397=DIRECTION('',(8.83174152397601E-15,1.0,-6.88317499601625E-15));
#2398=ORIENTED_EDGE('',*,*,#4192,.T.);
#2399=ORIENTED_EDGE('',*,*,#4310,.T.);
#2400=ORIENTED_EDGE('',*,*,#4262,.T.);
#2401=ORIENTED_EDGE('',*,*,#4196,.T.);
#2402=CARTESIAN_POINT('',(0.0668300000000004,7.45360261917433E-06,-0.0122349796863601));
#2403=DIRECTION('',(-2.77555756156292E-15,-7.67732033691237E-15,-1.0));
#2404=DIRECTION('',(8.83174152397601E-15,1.0,-7.6773203369124E-15));
#2405=ORIENTED_EDGE('',*,*,#4188,.T.);
#2406=ORIENTED_EDGE('',*,*,#4187,.T.);
#2407=ORIENTED_EDGE('',*,*,#4263,.T.);
#2408=ORIENTED_EDGE('',*,*,#4310,.F.);
#2409=CARTESIAN_POINT('',(0.0668300000000004,7.45360261916739E-06,-0.01272265660946));
#2410=DIRECTION('',(2.77555756156292E-15,7.67732033691237E-15,1.0));
#2411=DIRECTION('',(8.83174152397601E-15,1.0,-7.6773203369124E-15));
#2412=ORIENTED_EDGE('',*,*,#4184,.T.);
#2413=ORIENTED_EDGE('',*,*,#4191,.F.);
#2414=ORIENTED_EDGE('',*,*,#4297,.T.);
#2415=ORIENTED_EDGE('',*,*,#4182,.F.);
#2416=CARTESIAN_POINT('',(0.0668300000000004,-1.47563134432205E-05,-0.00711470754305421));
#2417=DIRECTION('',(-2.77555756156292E-15,-6.88317499601623E-15,-1.0));
#2418=DIRECTION('',(8.83174152397601E-15,1.0,-6.88317499601625E-15));
#2419=ORIENTED_EDGE('',*,*,#4181,.T.);
#2420=ORIENTED_EDGE('',*,*,#4311,.T.);
#2421=ORIENTED_EDGE('',*,*,#4264,.T.);
#2422=ORIENTED_EDGE('',*,*,#4185,.T.);
#2423=CARTESIAN_POINT('',(0.0668300000000004,7.45360261916739E-06,-0.0133049796863601));
#2424=DIRECTION('',(-2.77555756156292E-15,-7.67732033691237E-15,-1.0));
#2425=DIRECTION('',(8.83174152397601E-15,1.0,-7.6773203369124E-15));
#2426=ORIENTED_EDGE('',*,*,#4177,.T.);
#2427=ORIENTED_EDGE('',*,*,#4176,.T.);
#2428=ORIENTED_EDGE('',*,*,#4265,.T.);
#2429=ORIENTED_EDGE('',*,*,#4311,.F.);
#2430=CARTESIAN_POINT('',(0.0668300000000004,7.45360261916045E-06,-0.0137508891459506));
#2431=DIRECTION('',(2.77555756156292E-15,7.67732033691237E-15,1.0));
#2432=DIRECTION('',(8.83174152397601E-15,1.0,-7.6773203369124E-15));
#2433=ORIENTED_EDGE('',*,*,#4173,.T.);
#2434=ORIENTED_EDGE('',*,*,#4180,.F.);
#2435=ORIENTED_EDGE('',*,*,#4296,.T.);
#2436=ORIENTED_EDGE('',*,*,#4171,.F.);
#2437=CARTESIAN_POINT('',(0.0668300000000004,-1.47563134432205E-05,-0.00711470754305421));
#2438=DIRECTION('',(-2.77555756156292E-15,-6.88317499601623E-15,-1.0));
#2439=DIRECTION('',(8.83174152397601E-15,1.0,-6.88317499601625E-15));
#2440=ORIENTED_EDGE('',*,*,#4170,.T.);
#2441=ORIENTED_EDGE('',*,*,#4312,.T.);
#2442=ORIENTED_EDGE('',*,*,#4266,.T.);
#2443=ORIENTED_EDGE('',*,*,#4174,.T.);
#2444=CARTESIAN_POINT('',(0.0668300000000004,7.45360261916045E-06,-0.0143332122228508));
#2445=DIRECTION('',(-2.77555756156292E-15,-7.67732033691237E-15,-1.0));
#2446=DIRECTION('',(8.83174152397601E-15,1.0,-7.67732033691239E-15));
#2447=ORIENTED_EDGE('',*,*,#4166,.T.);
#2448=ORIENTED_EDGE('',*,*,#4165,.T.);
#2449=ORIENTED_EDGE('',*,*,#4267,.T.);
#2450=ORIENTED_EDGE('',*,*,#4312,.F.);
#2451=CARTESIAN_POINT('',(0.0668300000000003,7.45360261915351E-06,-0.01486265660946));
#2452=DIRECTION('',(2.77555756156292E-15,7.67732033691237E-15,1.0));
#2453=DIRECTION('',(8.83174152397601E-15,1.0,-7.6773203369124E-15));
#2454=ORIENTED_EDGE('',*,*,#4162,.T.);
#2455=ORIENTED_EDGE('',*,*,#4169,.F.);
#2456=ORIENTED_EDGE('',*,*,#4295,.T.);
#2457=ORIENTED_EDGE('',*,*,#4160,.F.);
#2458=CARTESIAN_POINT('',(0.0668300000000004,-1.47563134432205E-05,-0.00711470754305421));
#2459=DIRECTION('',(-2.77555756156292E-15,-6.88317499601623E-15,-1.0));
#2460=DIRECTION('',(8.83174152397601E-15,1.0,-6.88317499601625E-15));
#2461=ORIENTED_EDGE('',*,*,#4159,.T.);
#2462=ORIENTED_EDGE('',*,*,#4014,.T.);
#2463=ORIENTED_EDGE('',*,*,#4268,.T.);
#2464=ORIENTED_EDGE('',*,*,#4163,.T.);
#2465=CARTESIAN_POINT('',(0.0668300000000003,7.45360261914657E-06,-0.0154449796863602));
#2466=DIRECTION('',(-2.77555756156292E-15,-7.67732033691237E-15,-1.0));
#2467=DIRECTION('',(8.83174152397601E-15,1.0,-7.6773203369124E-15));
#2468=ORIENTED_EDGE('',*,*,#4156,.T.);
#2469=ORIENTED_EDGE('',*,*,#4313,.F.);
#2470=ORIENTED_EDGE('',*,*,#4270,.T.);
#2471=ORIENTED_EDGE('',*,*,#4314,.T.);
#2472=CARTESIAN_POINT('',(0.0668300000000003,7.45360261913963E-06,-0.0166560431729094));
#2473=DIRECTION('',(2.77555756156292E-15,7.67732033691237E-15,1.0));
#2474=DIRECTION('',(8.83174152397601E-15,1.0,-7.6773203369124E-15));
#2475=ORIENTED_EDGE('',*,*,#4269,.T.);
#2476=ORIENTED_EDGE('',*,*,#4022,.F.);
#2477=ORIENTED_EDGE('',*,*,#4315,.F.);
#2478=ORIENTED_EDGE('',*,*,#4157,.F.);
#2479=ORIENTED_EDGE('',*,*,#4314,.F.);
#2480=ORIENTED_EDGE('',*,*,#4316,.T.);
#2481=ORIENTED_EDGE('',*,*,#4317,.T.);
#2482=ORIENTED_EDGE('',*,*,#4318,.T.);
#2483=ORIENTED_EDGE('',*,*,#4319,.T.);
#2484=ORIENTED_EDGE('',*,*,#4320,.T.);
#2485=ORIENTED_EDGE('',*,*,#4321,.T.);
#2486=ORIENTED_EDGE('',*,*,#4322,.T.);
#2487=ORIENTED_EDGE('',*,*,#4323,.T.);
#2488=ORIENTED_EDGE('',*,*,#4043,.T.);
#2489=ORIENTED_EDGE('',*,*,#4324,.T.);
#2490=CARTESIAN_POINT('',(0.0668300000000004,0.00252769095962489,-0.0171147075430542));
#2491=DIRECTION('',(-2.77555756156292E-15,-6.88317499601623E-15,-1.0));
#2492=DIRECTION('',(-7.27150201415781E-15,-1.0,6.88317499601625E-15));
#2493=ORIENTED_EDGE('',*,*,#4153,.T.);
#2494=ORIENTED_EDGE('',*,*,#4152,.T.);
#2495=ORIENTED_EDGE('',*,*,#4286,.T.);
#2496=ORIENTED_EDGE('',*,*,#4325,.T.);
#2497=CARTESIAN_POINT('',(0.0668300000000004,7.45360261920902E-06,-0.00796497968636013));
#2498=DIRECTION('',(-2.77555756156292E-15,-7.67732033691237E-15,-1.0));
#2499=DIRECTION('',(8.83174152397601E-15,1.0,-7.67732033691239E-15));
#2500=ORIENTED_EDGE('',*,*,#4149,.T.);
#2501=ORIENTED_EDGE('',*,*,#4155,.F.);
#2502=ORIENTED_EDGE('',*,*,#4287,.T.);
#2503=ORIENTED_EDGE('',*,*,#4244,.F.);
#2504=CARTESIAN_POINT('',(0.0668300000000004,-1.47563134432205E-05,-0.00711470754305421));
#2505=DIRECTION('',(-2.77555756156292E-15,-6.88317499601623E-15,-1.0));
#2506=DIRECTION('',(8.83174152397601E-15,1.0,-6.88317499601625E-15));
#2507=ORIENTED_EDGE('',*,*,#4145,.T.);
#2508=ORIENTED_EDGE('',*,*,#4325,.F.);
#2509=ORIENTED_EDGE('',*,*,#4285,.T.);
#2510=ORIENTED_EDGE('',*,*,#4139,.T.);
#2511=CARTESIAN_POINT('',(0.0668300000000004,7.45360261920208E-06,-0.00845265660945999));
#2512=DIRECTION('',(2.77555756156292E-15,7.67732033691237E-15,1.0));
#2513=DIRECTION('',(8.83174152397601E-15,1.0,-7.67732033691239E-15));
#2514=ORIENTED_EDGE('',*,*,#4142,.T.);
#2515=ORIENTED_EDGE('',*,*,#4141,.T.);
#2516=ORIENTED_EDGE('',*,*,#4284,.T.);
#2517=ORIENTED_EDGE('',*,*,#4326,.T.);
#2518=CARTESIAN_POINT('',(0.0668300000000004,7.45360261919514E-06,-0.00903497968636013));
#2519=DIRECTION('',(-2.77555756156292E-15,-7.67732033691237E-15,-1.0));
#2520=DIRECTION('',(8.83174152397601E-15,1.0,-7.6773203369124E-15));
#2521=ORIENTED_EDGE('',*,*,#4138,.T.);
#2522=ORIENTED_EDGE('',*,*,#4144,.F.);
#2523=ORIENTED_EDGE('',*,*,#4288,.T.);
#2524=ORIENTED_EDGE('',*,*,#4146,.F.);
#2525=CARTESIAN_POINT('',(0.0668300000000004,-1.47563134432205E-05,-0.00711470754305421));
#2526=DIRECTION('',(-2.77555756156292E-15,-6.88317499601623E-15,-1.0));
#2527=DIRECTION('',(8.83174152397601E-15,1.0,-6.88317499601625E-15));
#2528=ORIENTED_EDGE('',*,*,#4134,.T.);
#2529=ORIENTED_EDGE('',*,*,#4326,.F.);
#2530=ORIENTED_EDGE('',*,*,#4283,.T.);
#2531=ORIENTED_EDGE('',*,*,#4128,.T.);
#2532=CARTESIAN_POINT('',(0.0668300000000004,7.45360261919514E-06,-0.00952265660945999));
#2533=DIRECTION('',(2.77555756156292E-15,7.67732033691237E-15,1.0));
#2534=DIRECTION('',(8.83174152397601E-15,1.0,-7.67732033691239E-15));
#2535=ORIENTED_EDGE('',*,*,#4131,.T.);
#2536=ORIENTED_EDGE('',*,*,#4130,.T.);
#2537=ORIENTED_EDGE('',*,*,#4282,.T.);
#2538=ORIENTED_EDGE('',*,*,#4327,.T.);
#2539=CARTESIAN_POINT('',(0.0668300000000004,7.4536026191882E-06,-0.0101049796863601));
#2540=DIRECTION('',(-2.77555756156292E-15,-7.67732033691237E-15,-1.0));
#2541=DIRECTION('',(8.83174152397601E-15,1.0,-7.6773203369124E-15));
#2542=ORIENTED_EDGE('',*,*,#4127,.T.);
#2543=ORIENTED_EDGE('',*,*,#4133,.F.);
#2544=ORIENTED_EDGE('',*,*,#4289,.T.);
#2545=ORIENTED_EDGE('',*,*,#4135,.F.);
#2546=CARTESIAN_POINT('',(0.0668300000000004,-1.47563134432205E-05,-0.00711470754305421));
#2547=DIRECTION('',(-2.77555756156292E-15,-6.88317499601623E-15,-1.0));
#2548=DIRECTION('',(8.83174152397601E-15,1.0,-6.88317499601625E-15));
#2549=ORIENTED_EDGE('',*,*,#4123,.T.);
#2550=ORIENTED_EDGE('',*,*,#4327,.F.);
#2551=ORIENTED_EDGE('',*,*,#4281,.T.);
#2552=ORIENTED_EDGE('',*,*,#4117,.T.);
#2553=CARTESIAN_POINT('',(0.0668300000000004,7.4536026191882E-06,-0.0105926566094599));
#2554=DIRECTION('',(2.77555756156292E-15,7.67732033691237E-15,1.0));
#2555=DIRECTION('',(8.83174152397601E-15,1.0,-7.6773203369124E-15));
#2556=ORIENTED_EDGE('',*,*,#4120,.T.);
#2557=ORIENTED_EDGE('',*,*,#4119,.T.);
#2558=ORIENTED_EDGE('',*,*,#4280,.T.);
#2559=ORIENTED_EDGE('',*,*,#4328,.T.);
#2560=CARTESIAN_POINT('',(0.0668300000000004,7.45360261918127E-06,-0.0111724796863601));
#2561=DIRECTION('',(-2.77555756156292E-15,-7.67732033691237E-15,-1.0));
#2562=DIRECTION('',(8.83174152397601E-15,1.0,-7.67732033691239E-15));
#2563=ORIENTED_EDGE('',*,*,#4116,.T.);
#2564=ORIENTED_EDGE('',*,*,#4122,.F.);
#2565=ORIENTED_EDGE('',*,*,#4290,.T.);
#2566=ORIENTED_EDGE('',*,*,#4124,.F.);
#2567=CARTESIAN_POINT('',(0.0668300000000004,-1.47563134432205E-05,-0.00711470754305421));
#2568=DIRECTION('',(-2.77555756156292E-15,-6.88317499601623E-15,-1.0));
#2569=DIRECTION('',(8.83174152397601E-15,1.0,-6.88317499601625E-15));
#2570=ORIENTED_EDGE('',*,*,#4112,.T.);
#2571=ORIENTED_EDGE('',*,*,#4328,.F.);
#2572=ORIENTED_EDGE('',*,*,#4279,.T.);
#2573=ORIENTED_EDGE('',*,*,#4106,.T.);
#2574=CARTESIAN_POINT('',(0.0668300000000004,7.45360261917433E-06,-0.01165515660946));
#2575=DIRECTION('',(2.77555756156292E-15,7.67732033691237E-15,1.0));
#2576=DIRECTION('',(8.83174152397601E-15,1.0,-7.6773203369124E-15));
#2577=ORIENTED_EDGE('',*,*,#4109,.T.);
#2578=ORIENTED_EDGE('',*,*,#4108,.T.);
#2579=ORIENTED_EDGE('',*,*,#4278,.T.);
#2580=ORIENTED_EDGE('',*,*,#4329,.T.);
#2581=CARTESIAN_POINT('',(0.0668300000000004,7.45360261917433E-06,-0.0122349796863601));
#2582=DIRECTION('',(-2.77555756156292E-15,-7.67732033691237E-15,-1.0));
#2583=DIRECTION('',(8.83174152397601E-15,1.0,-7.6773203369124E-15));
#2584=ORIENTED_EDGE('',*,*,#4105,.T.);
#2585=ORIENTED_EDGE('',*,*,#4111,.F.);
#2586=ORIENTED_EDGE('',*,*,#4291,.T.);
#2587=ORIENTED_EDGE('',*,*,#4113,.F.);
#2588=CARTESIAN_POINT('',(0.0668300000000004,-1.47563134432205E-05,-0.00711470754305421));
#2589=DIRECTION('',(-2.77555756156292E-15,-6.88317499601623E-15,-1.0));
#2590=DIRECTION('',(8.83174152397601E-15,1.0,-6.88317499601625E-15));
#2591=ORIENTED_EDGE('',*,*,#4096,.F.);
#2592=ORIENTED_EDGE('',*,*,#4093,.F.);
#2593=ORIENTED_EDGE('',*,*,#4330,.T.);
#2594=ORIENTED_EDGE('',*,*,#4099,.F.);
#2595=CARTESIAN_POINT('',(0.062394300787465,0.0026604955430929,-0.0130768345424347));
#2596=DIRECTION('',(0.513303440041122,0.858207188528476,-7.33189350586298E-15));
#2597=DIRECTION('',(3.17256624530183E-29,8.54326741125834E-15,1.0));
#2598=ORIENTED_EDGE('',*,*,#4331,.F.);
#2599=ORIENTED_EDGE('',*,*,#4332,.T.);
#2600=ORIENTED_EDGE('',*,*,#4088,.T.);
#2601=ORIENTED_EDGE('',*,*,#4333,.F.);
#2602=CARTESIAN_POINT('',(0.0712656992125353,0.00266049554309841,-0.0130768345424347));
#2603=DIRECTION('',(-0.513303440041945,0.858207188527984,-4.48248701709253E-15));
#2604=DIRECTION('',(1.89911382162339E-29,5.2230825807705E-15,1.0));
#2605=ORIENTED_EDGE('',*,*,#4101,.T.);
#2606=ORIENTED_EDGE('',*,*,#4329,.F.);
#2607=ORIENTED_EDGE('',*,*,#4277,.T.);
#2608=ORIENTED_EDGE('',*,*,#4085,.T.);
#2609=CARTESIAN_POINT('',(0.0668300000000004,7.45360261916739E-06,-0.01272265660946));
#2610=DIRECTION('',(2.77555756156292E-15,7.67732033691237E-15,1.0));
#2611=DIRECTION('',(8.83174152397601E-15,1.0,-7.6773203369124E-15));
#2612=ORIENTED_EDGE('',*,*,#4098,.T.);
#2613=ORIENTED_EDGE('',*,*,#4089,.T.);
#2614=ORIENTED_EDGE('',*,*,#4332,.F.);
#2615=ORIENTED_EDGE('',*,*,#4334,.T.);
#2616=CARTESIAN_POINT('',(0.0668300000000004,7.45360261916739E-06,-0.0130295114655345));
#2617=DIRECTION('',(-2.77555756156292E-15,-7.67732033691237E-15,-1.0));
#2618=DIRECTION('',(8.83174152397601E-15,1.0,-7.67732033691239E-15));
#2619=ORIENTED_EDGE('',*,*,#4095,.T.);
#2620=ORIENTED_EDGE('',*,*,#4334,.F.);
#2621=ORIENTED_EDGE('',*,*,#4331,.T.);
#2622=ORIENTED_EDGE('',*,*,#4335,.T.);
#2623=CARTESIAN_POINT('',(0.0668300000000004,7.45360261916739E-06,-0.0130768345424346));
#2624=DIRECTION('',(2.77555756156292E-15,7.67732033691237E-15,1.0));
#2625=DIRECTION('',(8.83174152397601E-15,1.0,-7.6773203369124E-15));
#2626=ORIENTED_EDGE('',*,*,#4090,.T.);
#2627=ORIENTED_EDGE('',*,*,#4335,.F.);
#2628=ORIENTED_EDGE('',*,*,#4333,.T.);
#2629=ORIENTED_EDGE('',*,*,#4087,.T.);
#2630=ORIENTED_EDGE('',*,*,#4276,.T.);
#2631=ORIENTED_EDGE('',*,*,#4336,.T.);
#2632=CARTESIAN_POINT('',(0.0668300000000004,7.45360261916739E-06,-0.0133049796863601));
#2633=DIRECTION('',(-2.77555756156292E-15,-7.67732033691237E-15,-1.0));
#2634=DIRECTION('',(8.83174152397601E-15,1.0,-7.6773203369124E-15));
#2635=ORIENTED_EDGE('',*,*,#4084,.T.);
#2636=ORIENTED_EDGE('',*,*,#4100,.F.);
#2637=ORIENTED_EDGE('',*,*,#4330,.F.);
#2638=ORIENTED_EDGE('',*,*,#4092,.F.);
#2639=ORIENTED_EDGE('',*,*,#4292,.T.);
#2640=ORIENTED_EDGE('',*,*,#4102,.F.);
#2641=CARTESIAN_POINT('',(0.0668300000000004,-1.47563134432205E-05,-0.00711470754305421));
#2642=DIRECTION('',(-2.77555756156292E-15,-6.88317499601623E-15,-1.0));
#2643=DIRECTION('',(8.83174152397601E-15,1.0,-6.88317499601625E-15));
#2644=ORIENTED_EDGE('',*,*,#4076,.F.);
#2645=ORIENTED_EDGE('',*,*,#4073,.F.);
#2646=ORIENTED_EDGE('',*,*,#4337,.T.);
#2647=ORIENTED_EDGE('',*,*,#4079,.F.);
#2648=CARTESIAN_POINT('',(0.0623943007874642,0.00266049554309467,-0.0152168345424349));
#2649=DIRECTION('',(0.513303440041306,0.858207188528365,-7.33189350586274E-15));
#2650=DIRECTION('',(3.17256624530213E-29,8.54326741125915E-15,1.0));
#2651=ORIENTED_EDGE('',*,*,#4338,.F.);
#2652=ORIENTED_EDGE('',*,*,#4339,.T.);
#2653=ORIENTED_EDGE('',*,*,#4068,.T.);
#2654=ORIENTED_EDGE('',*,*,#4340,.F.);
#2655=CARTESIAN_POINT('',(0.0712656992125325,0.00266049554310017,-0.0152168345424349));
#2656=DIRECTION('',(-0.513303440042432,0.858207188527692,-4.48248701708917E-15));
#2657=DIRECTION('',(1.93960632325905E-29,5.22308258076836E-15,1.0));
#2658=ORIENTED_EDGE('',*,*,#4081,.T.);
#2659=ORIENTED_EDGE('',*,*,#4341,.F.);
#2660=ORIENTED_EDGE('',*,*,#4273,.T.);
#2661=ORIENTED_EDGE('',*,*,#4065,.T.);
#2662=CARTESIAN_POINT('',(0.0668300000000003,7.45360261915351E-06,-0.01486265660946));
#2663=DIRECTION('',(2.77555756156292E-15,7.67732033691237E-15,1.0));
#2664=DIRECTION('',(8.83174152397601E-15,1.0,-7.6773203369124E-15));
#2665=ORIENTED_EDGE('',*,*,#4078,.T.);
#2666=ORIENTED_EDGE('',*,*,#4069,.T.);
#2667=ORIENTED_EDGE('',*,*,#4339,.F.);
#2668=ORIENTED_EDGE('',*,*,#4342,.T.);
#2669=CARTESIAN_POINT('',(0.0668300000000003,7.45360261915351E-06,-0.0151695114655345));
#2670=DIRECTION('',(-2.77555756156292E-15,-7.67732033691237E-15,-1.0));
#2671=DIRECTION('',(8.83174152397601E-15,1.0,-7.6773203369124E-15));
#2672=ORIENTED_EDGE('',*,*,#4075,.T.);
#2673=ORIENTED_EDGE('',*,*,#4342,.F.);
#2674=ORIENTED_EDGE('',*,*,#4338,.T.);
#2675=ORIENTED_EDGE('',*,*,#4343,.T.);
#2676=CARTESIAN_POINT('',(0.0668300000000003,7.45360261915351E-06,-0.0152168345424346));
#2677=DIRECTION('',(2.77555756156292E-15,7.67732033691237E-15,1.0));
#2678=DIRECTION('',(8.83174152397601E-15,1.0,-7.6773203369124E-15));
#2679=ORIENTED_EDGE('',*,*,#4070,.T.);
#2680=ORIENTED_EDGE('',*,*,#4343,.F.);
#2681=ORIENTED_EDGE('',*,*,#4340,.T.);
#2682=ORIENTED_EDGE('',*,*,#4067,.T.);
#2683=ORIENTED_EDGE('',*,*,#4272,.T.);
#2684=ORIENTED_EDGE('',*,*,#4344,.T.);
#2685=CARTESIAN_POINT('',(0.0668300000000003,7.45360261914657E-06,-0.0154449796863602));
#2686=DIRECTION('',(-2.77555756156292E-15,-7.67732033691237E-15,-1.0));
#2687=DIRECTION('',(8.83174152397601E-15,1.0,-7.6773203369124E-15));
#2688=ORIENTED_EDGE('',*,*,#4064,.T.);
#2689=ORIENTED_EDGE('',*,*,#4080,.F.);
#2690=ORIENTED_EDGE('',*,*,#4337,.F.);
#2691=ORIENTED_EDGE('',*,*,#4072,.F.);
#2692=ORIENTED_EDGE('',*,*,#4294,.T.);
#2693=ORIENTED_EDGE('',*,*,#4082,.F.);
#2694=CARTESIAN_POINT('',(0.0668300000000004,-1.47563134432205E-05,-0.00711470754305421));
#2695=DIRECTION('',(-2.77555756156292E-15,-6.88317499601623E-15,-1.0));
#2696=DIRECTION('',(8.83174152397601E-15,1.0,-6.88317499601625E-15));
#2697=ORIENTED_EDGE('',*,*,#4060,.T.);
#2698=ORIENTED_EDGE('',*,*,#4053,.T.);
#2699=ORIENTED_EDGE('',*,*,#4274,.T.);
#2700=ORIENTED_EDGE('',*,*,#4341,.T.);
#2701=CARTESIAN_POINT('',(0.0668300000000004,7.45360261916045E-06,-0.0143332122228508));
#2702=DIRECTION('',(-2.77555756156292E-15,-7.67732033691237E-15,-1.0));
#2703=DIRECTION('',(8.83174152397601E-15,1.0,-7.67732033691239E-15));
#2704=ORIENTED_EDGE('',*,*,#4058,.T.);
#2705=ORIENTED_EDGE('',*,*,#4345,.T.);
#2706=ORIENTED_EDGE('',*,*,#4045,.F.);
#2707=CARTESIAN_POINT('',(0.0668300000000004,7.45360261916045E-06,-0.0141097514462131));
#2708=DIRECTION('',(-2.77555756156292E-15,-7.67732033691237E-15,-1.0));
#2709=DIRECTION('',(8.83174152397601E-15,1.0,-7.6773203369124E-15));
#2710=ORIENTED_EDGE('',*,*,#4054,.T.);
#2711=ORIENTED_EDGE('',*,*,#4336,.F.);
#2712=ORIENTED_EDGE('',*,*,#4275,.T.);
#2713=ORIENTED_EDGE('',*,*,#4051,.T.);
#2714=ORIENTED_EDGE('',*,*,#4346,.T.);
#2715=CARTESIAN_POINT('',(0.0668300000000004,7.45360261916045E-06,-0.0137508891459506));
#2716=DIRECTION('',(2.77555756156292E-15,7.67732033691237E-15,1.0));
#2717=DIRECTION('',(8.83174152397601E-15,1.0,-7.6773203369124E-15));
#2718=ORIENTED_EDGE('',*,*,#4048,.T.);
#2719=ORIENTED_EDGE('',*,*,#4063,.F.);
#2720=ORIENTED_EDGE('',*,*,#4293,.T.);
#2721=ORIENTED_EDGE('',*,*,#4055,.F.);
#2722=ORIENTED_EDGE('',*,*,#4046,.F.);
#2723=ORIENTED_EDGE('',*,*,#4345,.F.);
#2724=CARTESIAN_POINT('',(0.0668300000000004,-1.47563134432205E-05,-0.00711470754305421));
#2725=DIRECTION('',(-2.77555756156292E-15,-6.88317499601623E-15,-1.0));
#2726=DIRECTION('',(8.83174152397601E-15,1.0,-6.88317499601625E-15));
#2727=ORIENTED_EDGE('',*,*,#4044,.T.);
#2728=ORIENTED_EDGE('',*,*,#4346,.F.);
#2729=ORIENTED_EDGE('',*,*,#4050,.T.);
#2730=ORIENTED_EDGE('',*,*,#4059,.T.);
#2731=CARTESIAN_POINT('',(0.0668300000000004,7.45360261916045E-06,-0.014062428369313));
#2732=DIRECTION('',(2.77555756156292E-15,7.67732033691237E-15,1.0));
#2733=DIRECTION('',(8.83174152397601E-15,1.0,-7.6773203369124E-15));
#2734=ORIENTED_EDGE('',*,*,#4040,.T.);
#2735=ORIENTED_EDGE('',*,*,#4324,.F.);
#2736=ORIENTED_EDGE('',*,*,#4042,.T.);
#2737=ORIENTED_EDGE('',*,*,#4347,.F.);
#2738=CARTESIAN_POINT('',(0.0668300000000004,-0.00218475631344325,-0.0123347075430542));
#2739=DIRECTION('',(-2.77555756156292E-15,-7.10799812807928E-15,-1.0));
#2740=DIRECTION('',(3.71352796603441E-15,1.0,-7.1079981280793E-15));
#2741=ORIENTED_EDGE('',*,*,#4348,.T.);
#2742=ORIENTED_EDGE('',*,*,#4349,.T.);
#2743=ORIENTED_EDGE('',*,*,#4350,.T.);
#2744=ORIENTED_EDGE('',*,*,#4351,.T.);
#2745=ORIENTED_EDGE('',*,*,#4352,.T.);
#2746=ORIENTED_EDGE('',*,*,#4353,.T.);
#2747=ORIENTED_EDGE('',*,*,#4354,.T.);
#2748=ORIENTED_EDGE('',*,*,#4355,.T.);
#2749=CARTESIAN_POINT('',(0.0668300000000004,-1.47563134434842E-05,-0.0139147075430542));
#2750=DIRECTION('',(3.71549020609038E-29,6.72256846544206E-15,1.0));
#2751=DIRECTION('',(-7.2050113271438E-15,-1.0,6.72256846544206E-15));
#2752=ORIENTED_EDGE('',*,*,#4351,.F.);
#2753=ORIENTED_EDGE('',*,*,#4356,.T.);
#2754=ORIENTED_EDGE('',*,*,#4357,.F.);
#2755=ORIENTED_EDGE('',*,*,#4358,.F.);
#2756=ORIENTED_EDGE('',*,*,#4359,.F.);
#2757=ORIENTED_EDGE('',*,*,#4360,.F.);
#2758=ORIENTED_EDGE('',*,*,#4361,.F.);
#2759=ORIENTED_EDGE('',*,*,#4362,.F.);
#2760=ORIENTED_EDGE('',*,*,#4355,.F.);
#2761=ORIENTED_EDGE('',*,*,#4363,.F.);
#2762=ORIENTED_EDGE('',*,*,#4364,.F.);
#2763=ORIENTED_EDGE('',*,*,#4365,.T.);
#2764=CARTESIAN_POINT('',(0.066777323680239,0.00287501979538544,-0.00619470754305423));
#2765=DIRECTION('',(6.66288653549778E-15,1.0,-6.72256846544206E-15));
#2766=DIRECTION('',(1.0,-6.66288653549778E-15,0.0));
#2767=ORIENTED_EDGE('',*,*,#4035,.T.);
#2768=ORIENTED_EDGE('',*,*,#4366,.F.);
#2769=ORIENTED_EDGE('',*,*,#4367,.F.);
#2770=ORIENTED_EDGE('',*,*,#4368,.F.);
#2771=CARTESIAN_POINT('',(0.0693283211852194,0.00121876681590621,-0.0133947075430542));
#2772=DIRECTION('',(9.96785334973008E-15,1.0,-6.82215243498485E-15));
#2773=DIRECTION('',(0.707106781186547,-2.22434644840108E-15,0.707106781186547));
#2774=ORIENTED_EDGE('',*,*,#4030,.T.);
#2775=ORIENTED_EDGE('',*,*,#4369,.F.);
#2776=ORIENTED_EDGE('',*,*,#4370,.F.);
#2777=ORIENTED_EDGE('',*,*,#4371,.F.);
#2778=CARTESIAN_POINT('',(0.0693283211852194,0.000634632993480634,-0.0133947075430542));
#2779=DIRECTION('',(-9.86825552649287E-15,-1.0,6.43646794902224E-15));
#2780=DIRECTION('',(0.707106781186547,-2.42664026762124E-15,0.707106781186547));
#2781=ORIENTED_EDGE('',*,*,#4318,.F.);
#2782=ORIENTED_EDGE('',*,*,#4372,.F.);
#2783=ORIENTED_EDGE('',*,*,#4366,.T.);
#2784=ORIENTED_EDGE('',*,*,#4039,.T.);
#2785=ORIENTED_EDGE('',*,*,#4373,.T.);
#2786=ORIENTED_EDGE('',*,*,#4031,.T.);
#2787=ORIENTED_EDGE('',*,*,#4371,.T.);
#2788=ORIENTED_EDGE('',*,*,#4374,.T.);
#2789=CARTESIAN_POINT('',(0.0723912825558601,0.000301020896621582,-0.0123947075430542));
#2790=DIRECTION('',(1.57253325626877E-15,-1.0,6.82215243498481E-15));
#2791=DIRECTION('',(-1.0,-1.57253325626879E-15,-3.24656209034482E-15));
#2792=ORIENTED_EDGE('',*,*,#4317,.F.);
#2793=ORIENTED_EDGE('',*,*,#4375,.T.);
#2794=ORIENTED_EDGE('',*,*,#4367,.T.);
#2795=ORIENTED_EDGE('',*,*,#4372,.T.);
#2796=CARTESIAN_POINT('',(0.0698283211852193,0.00121876681590619,-0.0167747075430542));
#2797=DIRECTION('',(-1.0,9.96785334973013E-15,6.88317499601625E-15));
#2798=DIRECTION('',(9.96785334973015E-15,1.0,2.56367408350077E-15));
#2799=ORIENTED_EDGE('',*,*,#4319,.F.);
#2800=ORIENTED_EDGE('',*,*,#4374,.F.);
#2801=ORIENTED_EDGE('',*,*,#4370,.T.);
#2802=ORIENTED_EDGE('',*,*,#4376,.T.);
#2803=CARTESIAN_POINT('',(0.0703283211852194,-1.47563134436368E-05,-0.0181073594563609));
#2804=DIRECTION('',(-1.0,9.86825552649285E-15,-3.24656209034492E-15));
#2805=DIRECTION('',(-9.86825552649288E-15,-1.0,9.58499445757114E-15));
#2806=ORIENTED_EDGE('',*,*,#4377,.F.);
#2807=ORIENTED_EDGE('',*,*,#4378,.T.);
#2808=ORIENTED_EDGE('',*,*,#4037,.T.);
#2809=ORIENTED_EDGE('',*,*,#4379,.T.);
#2810=CARTESIAN_POINT('',(0.0710683211852193,0.00121876681590618,-0.0128947075430542));
#2811=DIRECTION('',(-3.63661290567141E-15,-6.82215243498481E-15,-1.0));
#2812=DIRECTION('',(5.82026831244469E-16,1.0,-6.82215243498482E-15));
#2813=ORIENTED_EDGE('',*,*,#4316,.F.);
#2814=ORIENTED_EDGE('',*,*,#4376,.F.);
#2815=ORIENTED_EDGE('',*,*,#4369,.T.);
#2816=ORIENTED_EDGE('',*,*,#4034,.T.);
#2817=ORIENTED_EDGE('',*,*,#4380,.F.);
#2818=ORIENTED_EDGE('',*,*,#4381,.F.);
#2819=ORIENTED_EDGE('',*,*,#4379,.F.);
#2820=ORIENTED_EDGE('',*,*,#4036,.T.);
#2821=ORIENTED_EDGE('',*,*,#4368,.T.);
#2822=ORIENTED_EDGE('',*,*,#4375,.F.);
#2823=CARTESIAN_POINT('',(0.0723912825558601,0.00209567559185961,-0.0123947075430542));
#2824=DIRECTION('',(3.14570091474526E-15,1.0,-6.82215243498483E-15));
#2825=DIRECTION('',(1.0,-3.14570091474523E-15,3.24656209034486E-15));
#2826=ORIENTED_EDGE('',*,*,#4382,.F.);
#2827=ORIENTED_EDGE('',*,*,#4383,.F.);
#2828=ORIENTED_EDGE('',*,*,#4032,.T.);
#2829=ORIENTED_EDGE('',*,*,#4373,.F.);
#2830=ORIENTED_EDGE('',*,*,#4038,.F.);
#2831=ORIENTED_EDGE('',*,*,#4378,.F.);
#2832=CARTESIAN_POINT('',(0.069047223681057,0.000751020896621574,-0.0125197075430542));
#2833=DIRECTION('',(-0.70710678118655,-0.707106781186545,2.52832417944002E-15));
#2834=DIRECTION('',(-1.32780547399029E-29,-3.57559034463991E-15,-1.0));
#2835=ORIENTED_EDGE('',*,*,#4384,.F.);
#2836=ORIENTED_EDGE('',*,*,#4380,.T.);
#2837=ORIENTED_EDGE('',*,*,#4033,.T.);
#2838=ORIENTED_EDGE('',*,*,#4383,.T.);
#2839=CARTESIAN_POINT('',(0.0604883211852194,0.00128402230040497,-0.0123947075430541));
#2840=DIRECTION('',(3.47600637509722E-15,6.4364679490222E-15,1.0));
#2841=DIRECTION('',(-3.14570091474524E-15,-1.0,6.43646794902222E-15));
#2842=ORIENTED_EDGE('',*,*,#4024,.T.);
#2843=ORIENTED_EDGE('',*,*,#4385,.T.);
#2844=ORIENTED_EDGE('',*,*,#4386,.T.);
#2845=ORIENTED_EDGE('',*,*,#4387,.F.);
#2846=ORIENTED_EDGE('',*,*,#4026,.T.);
#2847=ORIENTED_EDGE('',*,*,#4388,.T.);
#2848=CARTESIAN_POINT('',(0.0668300000000004,-0.0021847563134432,-0.00511470754305419));
#2849=DIRECTION('',(3.71549020609038E-29,6.72256846544206E-15,1.0));
#2850=DIRECTION('',(-3.71352796603441E-15,-1.0,6.72256846544206E-15));
#2851=ORIENTED_EDGE('',*,*,#4021,.T.);
#2852=ORIENTED_EDGE('',*,*,#4017,.F.);
#2853=ORIENTED_EDGE('',*,*,#4158,.F.);
#2854=ORIENTED_EDGE('',*,*,#4315,.T.);
#2855=CARTESIAN_POINT('',(0.0668300000000004,-1.47563134432205E-05,-0.00711470754305421));
#2856=DIRECTION('',(-2.77555756156292E-15,-6.88317499601623E-15,-1.0));
#2857=DIRECTION('',(8.83174152397601E-15,1.0,-6.88317499601625E-15));
#2858=ORIENTED_EDGE('',*,*,#4015,.T.);
#2859=ORIENTED_EDGE('',*,*,#4344,.F.);
#2860=ORIENTED_EDGE('',*,*,#4271,.T.);
#2861=ORIENTED_EDGE('',*,*,#4313,.T.);
#2862=CARTESIAN_POINT('',(0.0668300000000003,7.45360261914657E-06,-0.01593265660946));
#2863=DIRECTION('',(2.77555756156292E-15,7.67732033691237E-15,1.0));
#2864=DIRECTION('',(8.83174152397601E-15,1.0,-7.6773203369124E-15));
#2865=ORIENTED_EDGE('',*,*,#4025,.F.);
#2866=ORIENTED_EDGE('',*,*,#4388,.F.);
#2867=ORIENTED_EDGE('',*,*,#4389,.T.);
#2868=ORIENTED_EDGE('',*,*,#4007,.T.);
#2869=CARTESIAN_POINT('',(0.00212894775170777,-1.47563134427348E-05,-0.00511470754305421));
#2870=DIRECTION('',(3.71549020609038E-29,6.72256846544206E-15,1.0));
#2871=DIRECTION('',(-7.2050113271438E-15,-1.0,6.72256846544206E-15));
#2872=ORIENTED_EDGE('',*,*,#4010,.F.);
#2873=ORIENTED_EDGE('',*,*,#4009,.F.);
#2874=ORIENTED_EDGE('',*,*,#4390,.F.);
#2875=ORIENTED_EDGE('',*,*,#4305,.T.);
#2876=ORIENTED_EDGE('',*,*,#4246,.T.);
#2877=ORIENTED_EDGE('',*,*,#4303,.T.);
#2878=ORIENTED_EDGE('',*,*,#4248,.T.);
#2879=ORIENTED_EDGE('',*,*,#4304,.T.);
#2880=ORIENTED_EDGE('',*,*,#4252,.T.);
#2881=CARTESIAN_POINT('',(0.00212894775170777,-1.47563134427486E-05,-0.00711470754305421));
#2882=DIRECTION('',(3.71549020609038E-29,6.72256846544206E-15,1.0));
#2883=DIRECTION('',(-7.2050113271438E-15,-1.0,6.72256846544206E-15));
#2884=ORIENTED_EDGE('',*,*,#4006,.T.);
#2885=ORIENTED_EDGE('',*,*,#4390,.T.);
#2886=ORIENTED_EDGE('',*,*,#4008,.T.);
#2887=ORIENTED_EDGE('',*,*,#4389,.F.);
#2888=CARTESIAN_POINT('',(0.0668300000000004,-1.47563134431997E-05,-0.00511470754305421));
#2889=DIRECTION('',(-3.71549020609038E-29,-6.72256846544206E-15,-1.0));
#2890=DIRECTION('',(-3.71352796603441E-15,-1.0,6.72256846544206E-15));
#2891=ORIENTED_EDGE('',*,*,#4384,.T.);
#2892=ORIENTED_EDGE('',*,*,#4382,.T.);
#2893=ORIENTED_EDGE('',*,*,#4377,.T.);
#2894=ORIENTED_EDGE('',*,*,#4381,.T.);
#2895=ORIENTED_EDGE('',*,*,#4391,.F.);
#2896=ORIENTED_EDGE('',*,*,#4386,.F.);
#2897=ORIENTED_EDGE('',*,*,#4392,.F.);
#2898=ORIENTED_EDGE('',*,*,#4363,.T.);
#2899=ORIENTED_EDGE('',*,*,#4354,.F.);
#2900=ORIENTED_EDGE('',*,*,#4393,.F.);
#2901=CARTESIAN_POINT('',(0.0691300026578818,0.00124155043405614,-0.00619470754305422));
#2902=DIRECTION('',(1.0,-7.96147657662878E-15,1.63666693114964E-29));
#2903=DIRECTION('',(-7.96147657662878E-15,-1.0,6.37192291589155E-15));
#2904=ORIENTED_EDGE('',*,*,#4029,.F.);
#2905=ORIENTED_EDGE('',*,*,#4394,.T.);
#2906=ORIENTED_EDGE('',*,*,#4364,.T.);
#2907=ORIENTED_EDGE('',*,*,#4392,.T.);
#2908=ORIENTED_EDGE('',*,*,#4385,.F.);
#2909=CARTESIAN_POINT('',(0.0668300000000004,-1.47563134434356E-05,-0.00619470754305421));
#2910=DIRECTION('',(3.71549020609038E-29,6.72256846544206E-15,1.0));
#2911=DIRECTION('',(-7.2050113271438E-15,-1.0,6.72256846544206E-15));
#2912=ORIENTED_EDGE('',*,*,#4352,.F.);
#2913=ORIENTED_EDGE('',*,*,#4365,.F.);
#2914=ORIENTED_EDGE('',*,*,#4394,.F.);
#2915=ORIENTED_EDGE('',*,*,#4028,.F.);
#2916=ORIENTED_EDGE('',*,*,#4395,.T.);
#2917=CARTESIAN_POINT('',(0.0644246447025961,0.00124155043405617,-0.00619470754305422));
#2918=DIRECTION('',(-1.0,7.96147657662878E-15,-1.63666693114964E-29));
#2919=DIRECTION('',(7.96147657662878E-15,1.0,-6.37192291589155E-15));
#2920=ORIENTED_EDGE('',*,*,#4396,.F.);
#2921=ORIENTED_EDGE('',*,*,#4393,.T.);
#2922=ORIENTED_EDGE('',*,*,#4353,.F.);
#2923=ORIENTED_EDGE('',*,*,#4395,.F.);
#2924=CARTESIAN_POINT('',(0.0667773236802389,-0.000391918927273145,-0.00619470754305421));
#2925=DIRECTION('',(-6.66288653549778E-15,-1.0,6.72256846544206E-15));
#2926=DIRECTION('',(-1.0,6.66288653549778E-15,0.0));
#2927=ORIENTED_EDGE('',*,*,#4320,.F.);
#2928=ORIENTED_EDGE('',*,*,#4397,.F.);
#2929=ORIENTED_EDGE('',*,*,#4398,.T.);
#2930=ORIENTED_EDGE('',*,*,#4399,.F.);
#2931=CARTESIAN_POINT('',(0.0665925791647377,0.00174811101943201,-0.0180976689136949));
#2932=DIRECTION('',(-2.54079741766131E-15,-1.0,-1.68079949879722E-29));
#2933=DIRECTION('',(-3.84510884770893E-46,1.68079949879722E-29,-1.0));
#2934=ORIENTED_EDGE('',*,*,#4323,.F.);
#2935=ORIENTED_EDGE('',*,*,#4400,.T.);
#2936=ORIENTED_EDGE('',*,*,#4401,.F.);
#2937=ORIENTED_EDGE('',*,*,#4358,.T.);
#2938=ORIENTED_EDGE('',*,*,#4402,.T.);
#2939=ORIENTED_EDGE('',*,*,#4403,.T.);
#2940=ORIENTED_EDGE('',*,*,#4404,.F.);
#2941=ORIENTED_EDGE('',*,*,#4397,.T.);
#2942=CARTESIAN_POINT('',(0.0665925791647376,0.0025597643108867,-0.00619470754305423));
#2943=DIRECTION('',(-1.0,2.92648190362392E-15,-6.72256846544206E-15));
#2944=DIRECTION('',(2.92648190362392E-15,1.0,0.0));
#2945=ORIENTED_EDGE('',*,*,#4321,.F.);
#2946=ORIENTED_EDGE('',*,*,#4399,.T.);
#2947=ORIENTED_EDGE('',*,*,#4405,.F.);
#2948=ORIENTED_EDGE('',*,*,#4406,.T.);
#2949=ORIENTED_EDGE('',*,*,#4407,.T.);
#2950=ORIENTED_EDGE('',*,*,#4360,.T.);
#2951=ORIENTED_EDGE('',*,*,#4408,.F.);
#2952=ORIENTED_EDGE('',*,*,#4409,.T.);
#2953=CARTESIAN_POINT('',(0.0670925791647377,0.00262501979538544,-0.0167747075430542));
#2954=DIRECTION('',(1.0,-2.54079741766131E-15,6.88317499601625E-15));
#2955=DIRECTION('',(-2.54079741766133E-15,-1.0,2.56367408350077E-15));
#2956=ORIENTED_EDGE('',*,*,#4322,.F.);
#2957=ORIENTED_EDGE('',*,*,#4409,.F.);
#2958=ORIENTED_EDGE('',*,*,#4410,.T.);
#2959=ORIENTED_EDGE('',*,*,#4400,.F.);
#2960=CARTESIAN_POINT('',(0.0665925791647377,0.00354276571467003,-0.0180976689136949));
#2961=DIRECTION('',(2.54079741766134E-15,1.0,-4.71823417101401E-15));
#2962=DIRECTION('',(-1.07937466482534E-31,4.71823417101401E-15,1.0));
#2963=ORIENTED_EDGE('',*,*,#4350,.F.);
#2964=ORIENTED_EDGE('',*,*,#4411,.T.);
#2965=ORIENTED_EDGE('',*,*,#4412,.F.);
#2966=ORIENTED_EDGE('',*,*,#4356,.F.);
#2967=CARTESIAN_POINT('',(0.0659656703887843,0.00262501979538539,-0.0133447075430542));
#2968=DIRECTION('',(-1.0,3.71352796603441E-15,2.33525714650694E-29));
#2969=DIRECTION('',(3.71352796603441E-15,1.0,-1.3877787807815E-14));
#2970=ORIENTED_EDGE('',*,*,#4348,.F.);
#2971=ORIENTED_EDGE('',*,*,#4362,.T.);
#2972=ORIENTED_EDGE('',*,*,#4413,.F.);
#2973=ORIENTED_EDGE('',*,*,#4414,.F.);
#2974=CARTESIAN_POINT('',(0.0677603250840223,0.00262501979538538,-0.0133447075430542));
#2975=DIRECTION('',(1.0,-3.71352796603441E-15,-2.33525714650694E-29));
#2976=DIRECTION('',(-3.71352796603441E-15,-1.0,1.38777878078131E-14));
#2977=ORIENTED_EDGE('',*,*,#4349,.F.);
#2978=ORIENTED_EDGE('',*,*,#4414,.T.);
#2979=ORIENTED_EDGE('',*,*,#4415,.F.);
#2980=ORIENTED_EDGE('',*,*,#4406,.F.);
#2981=ORIENTED_EDGE('',*,*,#4416,.F.);
#2982=ORIENTED_EDGE('',*,*,#4403,.F.);
#2983=ORIENTED_EDGE('',*,*,#4417,.F.);
#2984=ORIENTED_EDGE('',*,*,#4411,.F.);
#2985=CARTESIAN_POINT('',(0.0668425791647377,0.00237501979538536,-0.0167747075430542));
#2986=DIRECTION('',(-6.27720204953517E-15,-1.0,6.88317499601625E-15));
#2987=DIRECTION('',(-1.0,6.27720204953518E-15,2.56367408350077E-15));
#2988=ORIENTED_EDGE('',*,*,#4416,.T.);
#2989=ORIENTED_EDGE('',*,*,#4405,.T.);
#2990=ORIENTED_EDGE('',*,*,#4398,.F.);
#2991=ORIENTED_EDGE('',*,*,#4404,.T.);
#2992=CARTESIAN_POINT('',(0.0694823552735666,0.00174810990256032,-0.0148347075430542));
#2993=DIRECTION('',(-6.72255461174763E-15,2.31987818296291E-29,1.0));
#2994=DIRECTION('',(1.0,-3.46860669526994E-15,6.72255461174763E-15));
#2995=ORIENTED_EDGE('',*,*,#4402,.F.);
#2996=ORIENTED_EDGE('',*,*,#4357,.T.);
#2997=ORIENTED_EDGE('',*,*,#4412,.T.);
#2998=ORIENTED_EDGE('',*,*,#4417,.T.);
#2999=CARTESIAN_POINT('',(0.0659656692719126,-1.47563134435397E-05,-0.0157547075430542));
#3000=DIRECTION('',(4.83169660189879E-29,6.72255461174763E-15,1.0));
#3001=DIRECTION('',(-7.2050113271438E-15,-1.0,6.72255461174763E-15));
#3002=ORIENTED_EDGE('',*,*,#4359,.T.);
#3003=ORIENTED_EDGE('',*,*,#4401,.T.);
#3004=ORIENTED_EDGE('',*,*,#4410,.F.);
#3005=ORIENTED_EDGE('',*,*,#4408,.T.);
#3006=CARTESIAN_POINT('',(0.0694823552735666,0.00174810990256032,-0.0148347075430542));
#3007=DIRECTION('',(-6.72255461174763E-15,2.31987818296291E-29,1.0));
#3008=DIRECTION('',(1.0,-3.46860669526994E-15,6.72255461174763E-15));
#3009=ORIENTED_EDGE('',*,*,#4407,.F.);
#3010=ORIENTED_EDGE('',*,*,#4415,.T.);
#3011=ORIENTED_EDGE('',*,*,#4413,.T.);
#3012=ORIENTED_EDGE('',*,*,#4361,.T.);
#3013=CARTESIAN_POINT('',(0.0659656692719126,-1.47563134435397E-05,-0.0157547075430542));
#3014=DIRECTION('',(4.83169660189879E-29,6.72255461174763E-15,1.0));
#3015=DIRECTION('',(-7.2050113271438E-15,-1.0,6.72255461174763E-15));
#3016=ORIENTED_EDGE('',*,*,#4041,.T.);
#3017=ORIENTED_EDGE('',*,*,#4347,.T.);
#3018=ORIENTED_EDGE('',*,*,#4396,.T.);
#3019=ORIENTED_EDGE('',*,*,#4027,.T.);
#3020=ORIENTED_EDGE('',*,*,#4387,.T.);
#3021=ORIENTED_EDGE('',*,*,#4391,.T.);
#3022=CARTESIAN_POINT('',(0.0668300000000004,0.00293608151396989,-0.0123347075430542));
#3023=DIRECTION('',(2.77555756156292E-15,7.10799812807928E-15,1.0));
#3024=DIRECTION('',(3.71352796603442E-15,1.0,-7.1079981280793E-15));
#3025=ORIENTED_EDGE('',*,*,#4418,.F.);
#3026=ORIENTED_EDGE('',*,*,#4419,.T.);
#3027=ORIENTED_EDGE('',*,*,#4420,.F.);
#3028=ORIENTED_EDGE('',*,*,#4421,.T.);
#3029=CARTESIAN_POINT('',(0.0432100000000004,0.106055243686557,-0.0386147075430543));
#3030=DIRECTION('',(7.1079981280793E-15,-2.77555756156289E-15,-1.0));
#3031=DIRECTION('',(-1.0,0.0,-7.1079981280793E-15));
#3032=ORIENTED_EDGE('',*,*,#4422,.F.);
#3033=ORIENTED_EDGE('',*,*,#4423,.T.);
#3034=ORIENTED_EDGE('',*,*,#4424,.F.);
#3035=ORIENTED_EDGE('',*,*,#4425,.T.);
#3036=CARTESIAN_POINT('',(0.0432100000000004,0.106055243686557,-0.0448347075430543));
#3037=DIRECTION('',(-7.1079981280793E-15,2.77555756156289E-15,1.0));
#3038=DIRECTION('',(1.0,0.0,7.1079981280793E-15));
#3039=ORIENTED_EDGE('',*,*,#4426,.F.);
#3040=ORIENTED_EDGE('',*,*,#4427,.T.);
#3041=ORIENTED_EDGE('',*,*,#4428,.F.);
#3042=ORIENTED_EDGE('',*,*,#4421,.F.);
#3043=CARTESIAN_POINT('',(0.0432100000000004,0.106055243686557,-0.0446347075430543));
#3044=DIRECTION('',(-7.1079981280793E-15,2.77555756156289E-15,1.0));
#3045=DIRECTION('',(1.0,0.0,7.1079981280793E-15));
#3046=ORIENTED_EDGE('',*,*,#4429,.F.);
#3047=ORIENTED_EDGE('',*,*,#4430,.T.);
#3048=ORIENTED_EDGE('',*,*,#4431,.F.);
#3049=ORIENTED_EDGE('',*,*,#4432,.T.);
#3050=CARTESIAN_POINT('',(0.0432100000000004,0.106055243686557,-0.0448347075430543));
#3051=DIRECTION('',(7.10799812807929E-15,-2.77555756156289E-15,-1.0));
#3052=DIRECTION('',(-1.0,0.0,-7.1079981280793E-15));
#3053=ORIENTED_EDGE('',*,*,#4433,.F.);
#3054=ORIENTED_EDGE('',*,*,#4434,.T.);
#3055=ORIENTED_EDGE('',*,*,#4435,.T.);
#3056=ORIENTED_EDGE('',*,*,#4436,.T.);
#3057=CARTESIAN_POINT('',(0.0432100000000004,0.106055243686557,-0.0496147075430543));
#3058=DIRECTION('',(6.88317499601624E-15,-2.77555756156289E-15,-1.0));
#3059=DIRECTION('',(-1.0,0.0,-6.88317499601624E-15));
#3060=ORIENTED_EDGE('',*,*,#4437,.F.);
#3061=ORIENTED_EDGE('',*,*,#4438,.T.);
#3062=ORIENTED_EDGE('',*,*,#4439,.T.);
#3063=ORIENTED_EDGE('',*,*,#4440,.T.);
#3064=CARTESIAN_POINT('',(0.0427363398475648,0.10606782284994,-0.0532913970849075));
#3065=DIRECTION('',(1.0,-7.13264312561152E-15,6.88317499601626E-15));
#3066=DIRECTION('',(-1.76400606126735E-16,-0.707106781186547,-0.707106781186547));
#3067=ORIENTED_EDGE('',*,*,#4441,.F.);
#3068=ORIENTED_EDGE('',*,*,#4442,.T.);
#3069=ORIENTED_EDGE('',*,*,#4443,.T.);
#3070=ORIENTED_EDGE('',*,*,#4444,.T.);
#3071=CARTESIAN_POINT('',(0.0459166209190028,0.10606782284994,-0.0532913970849075));
#3072=DIRECTION('',(1.0,-2.56367408350075E-15,6.88317499601625E-15));
#3073=DIRECTION('',(2.56367408350077E-15,1.0,-2.44120940358605E-15));
#3074=ORIENTED_EDGE('',*,*,#4445,.F.);
#3075=ORIENTED_EDGE('',*,*,#4446,.T.);
#3076=ORIENTED_EDGE('',*,*,#4447,.F.);
#3077=ORIENTED_EDGE('',*,*,#4448,.T.);
#3078=CARTESIAN_POINT('',(0.0432100000000004,0.106055243686557,-0.0448347075430543));
#3079=DIRECTION('',(7.10799812807929E-15,-2.77555756156289E-15,-1.0));
#3080=DIRECTION('',(-1.0,0.0,-7.1079981280793E-15));
#3081=ORIENTED_EDGE('',*,*,#4449,.F.);
#3082=ORIENTED_EDGE('',*,*,#4450,.T.);
#3083=ORIENTED_EDGE('',*,*,#4451,.F.);
#3084=ORIENTED_EDGE('',*,*,#4452,.T.);
#3085=CARTESIAN_POINT('',(0.0432100000000004,0.106055243686557,-0.0502147075430543));
#3086=DIRECTION('',(7.1079981280793E-15,-2.77555756156289E-15,-1.0));
#3087=DIRECTION('',(-1.0,0.0,-7.1079981280793E-15));
#3088=ORIENTED_EDGE('',*,*,#4449,.T.);
#3089=ORIENTED_EDGE('',*,*,#4453,.T.);
#3090=ORIENTED_EDGE('',*,*,#4451,.T.);
#3091=ORIENTED_EDGE('',*,*,#4454,.T.);
#3092=CARTESIAN_POINT('',(0.0432100000000004,0.106055243686557,-0.0502147075430543));
#3093=DIRECTION('',(7.1079981280793E-15,-2.77555756156289E-15,-1.0));
#3094=DIRECTION('',(-1.0,0.0,-7.1079981280793E-15));
#3095=ORIENTED_EDGE('',*,*,#4448,.F.);
#3096=ORIENTED_EDGE('',*,*,#4455,.F.);
#3097=ORIENTED_EDGE('',*,*,#4450,.F.);
#3098=ORIENTED_EDGE('',*,*,#4454,.F.);
#3099=CARTESIAN_POINT('',(0.0432100000000004,0.106055243686557,-0.0502147075430543));
#3100=DIRECTION('',(7.1079981280793E-15,-2.77555756156289E-15,-1.0));
#3101=DIRECTION('',(1.0,-8.23640992089447E-30,7.1079981280793E-15));
#3102=ORIENTED_EDGE('',*,*,#4453,.F.);
#3103=ORIENTED_EDGE('',*,*,#4452,.F.);
#3104=CARTESIAN_POINT('',(0.0432100000000004,0.106055243686557,-0.0503447075430543));
#3105=DIRECTION('',(-7.1079981280793E-15,2.77555756156289E-15,1.0));
#3106=DIRECTION('',(-1.0,8.23640992089447E-30,-7.1079981280793E-15));
#3107=ORIENTED_EDGE('',*,*,#4445,.T.);
#3108=ORIENTED_EDGE('',*,*,#4455,.T.);
#3109=ORIENTED_EDGE('',*,*,#4447,.T.);
#3110=ORIENTED_EDGE('',*,*,#4456,.T.);
#3111=CARTESIAN_POINT('',(0.0432100000000004,0.106055243686557,-0.0448347075430543));
#3112=DIRECTION('',(7.10799812807929E-15,-2.77555756156289E-15,-1.0));
#3113=DIRECTION('',(-1.0,0.0,-7.1079981280793E-15));
#3114=ORIENTED_EDGE('',*,*,#4441,.T.);
#3115=ORIENTED_EDGE('',*,*,#4457,.T.);
#3116=ORIENTED_EDGE('',*,*,#4458,.F.);
#3117=ORIENTED_EDGE('',*,*,#4459,.T.);
#3118=CARTESIAN_POINT('',(0.0459166209190028,0.10606782284994,-0.0532913970849075));
#3119=DIRECTION('',(1.0,-2.56367408350075E-15,6.88317499601625E-15));
#3120=DIRECTION('',(2.56367408350077E-15,1.0,-2.44120940358605E-15));
#3121=ORIENTED_EDGE('',*,*,#4460,.T.);
#3122=ORIENTED_EDGE('',*,*,#4461,.F.);
#3123=ORIENTED_EDGE('',*,*,#4462,.F.);
#3124=ORIENTED_EDGE('',*,*,#4458,.T.);
#3125=CARTESIAN_POINT('',(0.0459166209190028,0.10550616657513,-0.0524820010713411));
#3126=DIRECTION('',(2.56367408350081E-15,1.0,-8.84771471441968E-15));
#3127=DIRECTION('',(-0.0,8.84771471441968E-15,1.0));
#3128=ORIENTED_EDGE('',*,*,#4463,.T.);
#3129=ORIENTED_EDGE('',*,*,#4464,.F.);
#3130=ORIENTED_EDGE('',*,*,#4465,.F.);
#3131=ORIENTED_EDGE('',*,*,#4461,.T.);
#3132=CARTESIAN_POINT('',(0.0459166209190028,0.106068945676796,-0.0517228804389993));
#3133=DIRECTION('',(6.8831749960162E-15,-1.84945404423279E-14,-1.0));
#3134=DIRECTION('',(-1.0,0.0,-6.8831749960162E-15));
#3135=ORIENTED_EDGE('',*,*,#4466,.T.);
#3136=ORIENTED_EDGE('',*,*,#4443,.F.);
#3137=ORIENTED_EDGE('',*,*,#4467,.F.);
#3138=ORIENTED_EDGE('',*,*,#4464,.T.);
#3139=CARTESIAN_POINT('',(0.0459166209190028,0.106631724778462,-0.0525071387619534));
#3140=DIRECTION('',(-2.56367408350075E-15,-1.0,1.13413284557833E-28));
#3141=DIRECTION('',(0.0,-1.13413284557833E-28,-1.0));
#3142=ORIENTED_EDGE('',*,*,#4467,.T.);
#3143=ORIENTED_EDGE('',*,*,#4442,.F.);
#3144=ORIENTED_EDGE('',*,*,#4459,.F.);
#3145=ORIENTED_EDGE('',*,*,#4462,.T.);
#3146=ORIENTED_EDGE('',*,*,#4465,.T.);
#3147=ORIENTED_EDGE('',*,*,#4440,.F.);
#3148=ORIENTED_EDGE('',*,*,#4468,.F.);
#3149=ORIENTED_EDGE('',*,*,#4469,.T.);
#3150=ORIENTED_EDGE('',*,*,#4470,.T.);
#3151=ORIENTED_EDGE('',*,*,#4471,.F.);
#3152=CARTESIAN_POINT('',(0.0459166209190027,0.106067822851294,-0.0496147075430543));
#3153=DIRECTION('',(1.0,-2.56367408350075E-15,6.88317499601625E-15));
#3154=DIRECTION('',(-2.56367408350077E-15,-1.0,2.56367408350077E-15));
#3155=ORIENTED_EDGE('',*,*,#4472,.F.);
#3156=ORIENTED_EDGE('',*,*,#4473,.F.);
#3157=ORIENTED_EDGE('',*,*,#4474,.T.);
#3158=ORIENTED_EDGE('',*,*,#4475,.T.);
#3159=ORIENTED_EDGE('',*,*,#4438,.F.);
#3160=ORIENTED_EDGE('',*,*,#4444,.F.);
#3161=ORIENTED_EDGE('',*,*,#4466,.F.);
#3162=ORIENTED_EDGE('',*,*,#4463,.F.);
#3163=ORIENTED_EDGE('',*,*,#4460,.F.);
#3164=ORIENTED_EDGE('',*,*,#4457,.F.);
#3165=CARTESIAN_POINT('',(0.0454166209190027,0.106067822851294,-0.0496147075430543));
#3166=DIRECTION('',(-1.0,2.56367408350075E-15,-6.88317499601625E-15));
#3167=DIRECTION('',(2.56367408350077E-15,1.0,-2.56367408350077E-15));
#3168=ORIENTED_EDGE('',*,*,#4437,.T.);
#3169=ORIENTED_EDGE('',*,*,#4471,.T.);
#3170=ORIENTED_EDGE('',*,*,#4476,.T.);
#3171=ORIENTED_EDGE('',*,*,#4472,.T.);
#3172=CARTESIAN_POINT('',(0.0427363398475648,0.10606782284994,-0.0532913970849075));
#3173=DIRECTION('',(1.0,-7.13264312561152E-15,6.88317499601626E-15));
#3174=DIRECTION('',(-1.76400606126735E-16,-0.707106781186547,-0.707106781186547));
#3175=ORIENTED_EDGE('',*,*,#4439,.F.);
#3176=ORIENTED_EDGE('',*,*,#4475,.F.);
#3177=ORIENTED_EDGE('',*,*,#4477,.T.);
#3178=ORIENTED_EDGE('',*,*,#4435,.F.);
#3179=ORIENTED_EDGE('',*,*,#4478,.T.);
#3180=ORIENTED_EDGE('',*,*,#4468,.T.);
#3181=CARTESIAN_POINT('',(0.0443133104595016,0.107421133310795,-0.0496147075430543));
#3182=DIRECTION('',(6.28915809158974E-15,1.0,-2.77555756156285E-15));
#3183=DIRECTION('',(1.0,-6.28915809158973E-15,6.28915809158973E-15));
#3184=ORIENTED_EDGE('',*,*,#4476,.F.);
#3185=ORIENTED_EDGE('',*,*,#4470,.F.);
#3186=ORIENTED_EDGE('',*,*,#4479,.T.);
#3187=ORIENTED_EDGE('',*,*,#4480,.T.);
#3188=ORIENTED_EDGE('',*,*,#4481,.T.);
#3189=ORIENTED_EDGE('',*,*,#4473,.T.);
#3190=CARTESIAN_POINT('',(0.0444437846531602,0.104714512391793,-0.0496147075430543));
#3191=DIRECTION('',(-7.13264312561154E-15,-1.0,2.77555756156284E-15));
#3192=DIRECTION('',(-1.0,7.13264312561152E-15,-7.13264312561152E-15));
#3193=ORIENTED_EDGE('',*,*,#4474,.F.);
#3194=ORIENTED_EDGE('',*,*,#4481,.F.);
#3195=ORIENTED_EDGE('',*,*,#4482,.F.);
#3196=ORIENTED_EDGE('',*,*,#4436,.F.);
#3197=ORIENTED_EDGE('',*,*,#4477,.F.);
#3198=ORIENTED_EDGE('',*,*,#4456,.F.);
#3199=ORIENTED_EDGE('',*,*,#4446,.F.);
#3200=CARTESIAN_POINT('',(0.0410288950419692,0.106055243686557,-0.0501147075430543));
#3201=DIRECTION('',(6.88317499601624E-15,-2.77555756156289E-15,-1.0));
#3202=DIRECTION('',(1.0,-3.5579740481234E-15,6.88317499601625E-15));
#3203=ORIENTED_EDGE('',*,*,#4479,.F.);
#3204=ORIENTED_EDGE('',*,*,#4469,.F.);
#3205=ORIENTED_EDGE('',*,*,#4478,.F.);
#3206=ORIENTED_EDGE('',*,*,#4434,.F.);
#3207=ORIENTED_EDGE('',*,*,#4483,.F.);
#3208=ORIENTED_EDGE('',*,*,#4430,.F.);
#3209=ORIENTED_EDGE('',*,*,#4484,.F.);
#3210=CARTESIAN_POINT('',(0.0410288950419692,0.106055243686557,-0.0496147075430543));
#3211=DIRECTION('',(6.88317499601624E-15,-2.77555756156289E-15,-1.0));
#3212=DIRECTION('',(1.0,-3.5579740481234E-15,6.88317499601625E-15));
#3213=ORIENTED_EDGE('',*,*,#4433,.T.);
#3214=ORIENTED_EDGE('',*,*,#4482,.T.);
#3215=ORIENTED_EDGE('',*,*,#4480,.F.);
#3216=ORIENTED_EDGE('',*,*,#4483,.T.);
#3217=CARTESIAN_POINT('',(0.0432100000000004,0.106055243686557,-0.0496147075430543));
#3218=DIRECTION('',(6.88317499601624E-15,-2.77555756156289E-15,-1.0));
#3219=DIRECTION('',(-1.0,0.0,-6.88317499601624E-15));
#3220=ORIENTED_EDGE('',*,*,#4429,.T.);
#3221=ORIENTED_EDGE('',*,*,#4485,.T.);
#3222=ORIENTED_EDGE('',*,*,#4431,.T.);
#3223=ORIENTED_EDGE('',*,*,#4484,.T.);
#3224=CARTESIAN_POINT('',(0.0432100000000004,0.106055243686557,-0.0448347075430543));
#3225=DIRECTION('',(7.10799812807929E-15,-2.77555756156289E-15,-1.0));
#3226=DIRECTION('',(-1.0,0.0,-7.1079981280793E-15));
#3227=ORIENTED_EDGE('',*,*,#4432,.F.);
#3228=ORIENTED_EDGE('',*,*,#4485,.F.);
#3229=ORIENTED_EDGE('',*,*,#4423,.F.);
#3230=ORIENTED_EDGE('',*,*,#4486,.F.);
#3231=CARTESIAN_POINT('',(0.0432100000000004,0.106055243686557,-0.0448347075430543));
#3232=DIRECTION('',(-7.1079981280793E-15,2.77555756156289E-15,1.0));
#3233=DIRECTION('',(-1.0,8.23640992089447E-30,-7.1079981280793E-15));
#3234=ORIENTED_EDGE('',*,*,#4426,.T.);
#3235=ORIENTED_EDGE('',*,*,#4487,.F.);
#3236=ORIENTED_EDGE('',*,*,#4428,.T.);
#3237=ORIENTED_EDGE('',*,*,#4488,.T.);
#3238=CARTESIAN_POINT('',(0.0432100000000004,0.106055243686557,-0.0446347075430543));
#3239=DIRECTION('',(-7.1079981280793E-15,2.77555756156289E-15,1.0));
#3240=DIRECTION('',(1.0,0.0,7.1079981280793E-15));
#3241=ORIENTED_EDGE('',*,*,#4422,.T.);
#3242=ORIENTED_EDGE('',*,*,#4489,.T.);
#3243=ORIENTED_EDGE('',*,*,#4424,.T.);
#3244=ORIENTED_EDGE('',*,*,#4486,.T.);
#3245=CARTESIAN_POINT('',(0.0432100000000004,0.106055243686557,-0.0448347075430543));
#3246=DIRECTION('',(-7.1079981280793E-15,2.77555756156289E-15,1.0));
#3247=DIRECTION('',(1.0,0.0,7.1079981280793E-15));
#3248=ORIENTED_EDGE('',*,*,#4427,.F.);
#3249=ORIENTED_EDGE('',*,*,#4488,.F.);
#3250=ORIENTED_EDGE('',*,*,#4489,.F.);
#3251=ORIENTED_EDGE('',*,*,#4425,.F.);
#3252=CARTESIAN_POINT('',(0.0432100000000004,0.106055243686557,-0.0446347075430543));
#3253=DIRECTION('',(-7.1079981280793E-15,2.77555756156289E-15,1.0));
#3254=DIRECTION('',(-1.0,8.23640992089447E-30,-7.1079981280793E-15));
#3255=ORIENTED_EDGE('',*,*,#4418,.T.);
#3256=ORIENTED_EDGE('',*,*,#4487,.T.);
#3257=ORIENTED_EDGE('',*,*,#4420,.T.);
#3258=ORIENTED_EDGE('',*,*,#4490,.T.);
#3259=CARTESIAN_POINT('',(0.0432100000000004,0.106055243686557,-0.0386147075430543));
#3260=DIRECTION('',(7.1079981280793E-15,-2.77555756156289E-15,-1.0));
#3261=DIRECTION('',(-1.0,0.0,-7.1079981280793E-15));
#3262=ORIENTED_EDGE('',*,*,#4490,.F.);
#3263=ORIENTED_EDGE('',*,*,#4419,.F.);
#3264=CARTESIAN_POINT('',(0.0432100000000004,0.106055243686557,-0.0383747075430543));
#3265=DIRECTION('',(-7.1079981280793E-15,2.77555756156289E-15,1.0));
#3266=DIRECTION('',(-1.0,8.23640992089447E-30,-7.1079981280793E-15));
#3267=ORIENTED_EDGE('',*,*,#4491,.F.);
#3268=ORIENTED_EDGE('',*,*,#4492,.T.);
#3269=ORIENTED_EDGE('',*,*,#4493,.F.);
#3270=ORIENTED_EDGE('',*,*,#4494,.F.);
#3271=CARTESIAN_POINT('',(0.0384002238925261,0.105817822851294,-0.0529513970849075));
#3272=DIRECTION('',(1.1727305483731E-15,-1.0,-6.88317499601625E-15));
#3273=DIRECTION('',(1.0,1.1727305483731E-15,9.79561840927297E-46));
#3274=ORIENTED_EDGE('',*,*,#4495,.F.);
#3275=ORIENTED_EDGE('',*,*,#4496,.F.);
#3276=ORIENTED_EDGE('',*,*,#4497,.T.);
#3277=ORIENTED_EDGE('',*,*,#4498,.T.);
#3278=CARTESIAN_POINT('',(0.0384002238925261,0.105817822851294,-0.0529513970849075));
#3279=DIRECTION('',(1.1727305483731E-15,-1.0,-6.88317499601625E-15));
#3280=DIRECTION('',(1.0,1.1727305483731E-15,9.79561840927297E-46));
#3281=ORIENTED_EDGE('',*,*,#4499,.F.);
#3282=ORIENTED_EDGE('',*,*,#4500,.T.);
#3283=ORIENTED_EDGE('',*,*,#4501,.F.);
#3284=ORIENTED_EDGE('',*,*,#4502,.T.);
#3285=CARTESIAN_POINT('',(0.0384002238925261,0.105817822851294,-0.0529513970849075));
#3286=DIRECTION('',(1.1727305483731E-15,-1.0,-6.88317499601625E-15));
#3287=DIRECTION('',(1.0,1.1727305483731E-15,0.0));
#3288=ORIENTED_EDGE('',*,*,#4503,.F.);
#3289=ORIENTED_EDGE('',*,*,#4504,.T.);
#3290=ORIENTED_EDGE('',*,*,#4505,.T.);
#3291=ORIENTED_EDGE('',*,*,#4506,.T.);
#3292=CARTESIAN_POINT('',(0.0407354332382714,0.103649888389153,-0.0406943823951096));
#3293=DIRECTION('',(1.34833888507552E-16,1.0,-7.44706151348713E-16));
#3294=DIRECTION('',(0.984001554095048,0.0,0.178159876342935));
#3295=ORIENTED_EDGE('',*,*,#4507,.F.);
#3296=ORIENTED_EDGE('',*,*,#4508,.T.);
#3297=ORIENTED_EDGE('',*,*,#4509,.T.);
#3298=ORIENTED_EDGE('',*,*,#4510,.T.);
#3299=CARTESIAN_POINT('',(0.0409113079683212,0.106002567366796,-0.0406955851977636));
#3300=DIRECTION('',(-1.90159784973369E-16,-1.0,1.05908963013651E-15));
#3301=DIRECTION('',(0.984260414435256,0.0,0.176724182204185));
#3302=ORIENTED_EDGE('',*,*,#4511,.F.);
#3303=ORIENTED_EDGE('',*,*,#4512,.T.);
#3304=ORIENTED_EDGE('',*,*,#4513,.T.);
#3305=ORIENTED_EDGE('',*,*,#4514,.T.);
#3306=CARTESIAN_POINT('',(0.0391802238911718,0.106042695109045,-0.043498204953445));
#3307=DIRECTION('',(2.56367408350074E-15,1.0,2.19244883372443E-15));
#3308=DIRECTION('',(-0.896847643262546,1.32941816176625E-15,0.442339580836281));
#3309=ORIENTED_EDGE('',*,*,#4515,.T.);
#3310=ORIENTED_EDGE('',*,*,#4516,.T.);
#3311=ORIENTED_EDGE('',*,*,#4512,.F.);
#3312=ORIENTED_EDGE('',*,*,#4517,.F.);
#3313=CARTESIAN_POINT('',(0.039783693252501,0.104149888389153,-0.0386947075430543));
#3314=DIRECTION('',(-4.24794861059437E-15,-1.0,-1.63666693114964E-29));
#3315=DIRECTION('',(-1.0,4.24794861059437E-15,-6.37192291589155E-15));
#3316=ORIENTED_EDGE('',*,*,#4511,.T.);
#3317=ORIENTED_EDGE('',*,*,#4518,.T.);
#3318=ORIENTED_EDGE('',*,*,#4519,.T.);
#3319=ORIENTED_EDGE('',*,*,#4517,.T.);
#3320=CARTESIAN_POINT('',(0.0391802238911718,0.106042695109045,-0.043498204953445));
#3321=DIRECTION('',(2.56367408350074E-15,1.0,2.19244883372443E-15));
#3322=DIRECTION('',(-0.896847643262546,1.32941816176625E-15,0.442339580836281));
#3323=ORIENTED_EDGE('',*,*,#4513,.F.);
#3324=ORIENTED_EDGE('',*,*,#4520,.T.);
#3325=ORIENTED_EDGE('',*,*,#4521,.F.);
#3326=ORIENTED_EDGE('',*,*,#4522,.T.);
#3327=ORIENTED_EDGE('',*,*,#4523,.T.);
#3328=ORIENTED_EDGE('',*,*,#4524,.T.);
#3329=ORIENTED_EDGE('',*,*,#4525,.T.);
#3330=ORIENTED_EDGE('',*,*,#4526,.T.);
#3331=ORIENTED_EDGE('',*,*,#4527,.T.);
#3332=ORIENTED_EDGE('',*,*,#4528,.F.);
#3333=ORIENTED_EDGE('',*,*,#4529,.F.);
#3334=ORIENTED_EDGE('',*,*,#4530,.T.);
#3335=CARTESIAN_POINT('',(0.0386502238911718,0.106067822851294,-0.0492747075430543));
#3336=DIRECTION('',(1.0,-2.56367408350075E-15,6.88317499601625E-15));
#3337=DIRECTION('',(-2.56367408350077E-15,-1.0,2.56367408350077E-15));
#3338=ORIENTED_EDGE('',*,*,#4531,.T.);
#3339=ORIENTED_EDGE('',*,*,#4532,.T.);
#3340=ORIENTED_EDGE('',*,*,#4533,.T.);
#3341=ORIENTED_EDGE('',*,*,#4534,.T.);
#3342=ORIENTED_EDGE('',*,*,#4535,.F.);
#3343=ORIENTED_EDGE('',*,*,#4536,.F.);
#3344=ORIENTED_EDGE('',*,*,#4537,.F.);
#3345=ORIENTED_EDGE('',*,*,#4538,.T.);
#3346=ORIENTED_EDGE('',*,*,#4539,.T.);
#3347=ORIENTED_EDGE('',*,*,#4540,.F.);
#3348=ORIENTED_EDGE('',*,*,#4541,.T.);
#3349=ORIENTED_EDGE('',*,*,#4542,.T.);
#3350=CARTESIAN_POINT('',(0.0381502238911717,0.106002567366796,-0.0386947075430543));
#3351=DIRECTION('',(-1.0,2.94935856946336E-15,-6.72256846544206E-15));
#3352=DIRECTION('',(2.94935856946336E-15,1.0,0.0));
#3353=ORIENTED_EDGE('',*,*,#4543,.T.);
#3354=ORIENTED_EDGE('',*,*,#4544,.T.);
#3355=ORIENTED_EDGE('',*,*,#4545,.F.);
#3356=ORIENTED_EDGE('',*,*,#4546,.T.);
#3357=CARTESIAN_POINT('',(0.0381502238911717,0.106002567366796,-0.0386947075430543));
#3358=DIRECTION('',(-1.0,2.94935856946336E-15,-6.72256846544206E-15));
#3359=DIRECTION('',(2.94935856946336E-15,1.0,0.0));
#3360=ORIENTED_EDGE('',*,*,#4547,.F.);
#3361=ORIENTED_EDGE('',*,*,#4539,.F.);
#3362=ORIENTED_EDGE('',*,*,#4548,.F.);
#3363=ORIENTED_EDGE('',*,*,#4549,.F.);
#3364=ORIENTED_EDGE('',*,*,#4506,.F.);
#3365=ORIENTED_EDGE('',*,*,#4550,.F.);
#3366=ORIENTED_EDGE('',*,*,#4543,.F.);
#3367=ORIENTED_EDGE('',*,*,#4551,.T.);
#3368=ORIENTED_EDGE('',*,*,#4508,.F.);
#3369=ORIENTED_EDGE('',*,*,#4552,.F.);
#3370=ORIENTED_EDGE('',*,*,#4553,.F.);
#3371=ORIENTED_EDGE('',*,*,#4518,.F.);
#3372=ORIENTED_EDGE('',*,*,#4514,.F.);
#3373=ORIENTED_EDGE('',*,*,#4530,.F.);
#3374=CARTESIAN_POINT('',(0.039783693252501,0.107885246344438,-0.0386947075430543));
#3375=DIRECTION('',(4.24794861059437E-15,1.0,1.63666693114964E-29));
#3376=DIRECTION('',(1.0,-4.24794861059437E-15,6.37192291589155E-15));
#3377=ORIENTED_EDGE('',*,*,#4516,.F.);
#3378=ORIENTED_EDGE('',*,*,#4515,.F.);
#3379=ORIENTED_EDGE('',*,*,#4554,.F.);
#3380=ORIENTED_EDGE('',*,*,#4555,.F.);
#3381=ORIENTED_EDGE('',*,*,#4510,.F.);
#3382=ORIENTED_EDGE('',*,*,#4556,.T.);
#3383=ORIENTED_EDGE('',*,*,#4545,.T.);
#3384=ORIENTED_EDGE('',*,*,#4557,.F.);
#3385=ORIENTED_EDGE('',*,*,#4504,.F.);
#3386=ORIENTED_EDGE('',*,*,#4558,.F.);
#3387=ORIENTED_EDGE('',*,*,#4559,.F.);
#3388=ORIENTED_EDGE('',*,*,#4537,.T.);
#3389=ORIENTED_EDGE('',*,*,#4560,.F.);
#3390=ORIENTED_EDGE('',*,*,#4520,.F.);
#3391=CARTESIAN_POINT('',(0.039783693252501,0.104149888389153,-0.0386947075430543));
#3392=DIRECTION('',(-4.24794861059437E-15,-1.0,-1.63666693114964E-29));
#3393=DIRECTION('',(-1.0,4.24794861059437E-15,-6.37192291589155E-15));
#3394=ORIENTED_EDGE('',*,*,#4509,.F.);
#3395=ORIENTED_EDGE('',*,*,#4551,.F.);
#3396=ORIENTED_EDGE('',*,*,#4546,.F.);
#3397=ORIENTED_EDGE('',*,*,#4556,.F.);
#3398=CARTESIAN_POINT('',(0.0381502238911717,0.106017567366796,-0.0391777526586181));
#3399=DIRECTION('',(0.293688274884907,8.19054947586679E-16,0.955901248662814));
#3400=DIRECTION('',(0.955901248662814,0.0,-0.293688274884907));
#3401=ORIENTED_EDGE('',*,*,#4519,.F.);
#3402=ORIENTED_EDGE('',*,*,#4553,.T.);
#3403=ORIENTED_EDGE('',*,*,#4561,.F.);
#3404=ORIENTED_EDGE('',*,*,#4554,.T.);
#3405=CARTESIAN_POINT('',(0.0388576280542327,0.106017567366796,-0.0430776910702146));
#3406=DIRECTION('',(-0.608671390451151,-1.79102992919832E-16,0.793422421189534));
#3407=DIRECTION('',(0.793422421189534,0.0,0.608671390451151));
#3408=ORIENTED_EDGE('',*,*,#4507,.T.);
#3409=ORIENTED_EDGE('',*,*,#4555,.T.);
#3410=ORIENTED_EDGE('',*,*,#4561,.T.);
#3411=ORIENTED_EDGE('',*,*,#4552,.T.);
#3412=CARTESIAN_POINT('',(0.0409113079683212,0.106002567366796,-0.0406955851977636));
#3413=DIRECTION('',(-1.90159784973369E-16,-1.0,1.05908963013651E-15));
#3414=DIRECTION('',(0.984260414435256,0.0,0.176724182204185));
#3415=ORIENTED_EDGE('',*,*,#4548,.T.);
#3416=ORIENTED_EDGE('',*,*,#4538,.F.);
#3417=ORIENTED_EDGE('',*,*,#4559,.T.);
#3418=ORIENTED_EDGE('',*,*,#4562,.F.);
#3419=CARTESIAN_POINT('',(0.0381502238911718,0.106017567366796,-0.0431883230529132));
#3420=DIRECTION('',(0.640374705476914,-6.27924888150042E-16,-0.768062651471451));
#3421=DIRECTION('',(-0.768062651471451,0.0,-0.640374705476914));
#3422=ORIENTED_EDGE('',*,*,#4505,.F.);
#3423=ORIENTED_EDGE('',*,*,#4557,.T.);
#3424=ORIENTED_EDGE('',*,*,#4544,.F.);
#3425=ORIENTED_EDGE('',*,*,#4550,.T.);
#3426=CARTESIAN_POINT('',(0.0381502238911717,0.106017567366796,-0.0395874075470808));
#3427=DIRECTION('',(0.306952154400159,6.28807092090682E-16,0.951724947087708));
#3428=DIRECTION('',(0.951724947087708,0.0,-0.306952154400159));
#3429=ORIENTED_EDGE('',*,*,#4503,.T.);
#3430=ORIENTED_EDGE('',*,*,#4549,.T.);
#3431=ORIENTED_EDGE('',*,*,#4562,.T.);
#3432=ORIENTED_EDGE('',*,*,#4558,.T.);
#3433=CARTESIAN_POINT('',(0.0407354332382714,0.103649888389153,-0.0406943823951096));
#3434=DIRECTION('',(1.34833888507552E-16,1.0,-7.44706151348713E-16));
#3435=DIRECTION('',(0.984001554095048,0.0,0.178159876342935));
#3436=ORIENTED_EDGE('',*,*,#4493,.T.);
#3437=ORIENTED_EDGE('',*,*,#4563,.T.);
#3438=ORIENTED_EDGE('',*,*,#4564,.F.);
#3439=ORIENTED_EDGE('',*,*,#4565,.T.);
#3440=CARTESIAN_POINT('',(0.0392771326671252,0.105817822851294,-0.050597668913695));
#3441=DIRECTION('',(1.0,1.1727305483731E-15,-1.68079949879722E-29));
#3442=DIRECTION('',(-1.68079949879722E-29,-6.28014703255721E-44,-1.0));
#3443=ORIENTED_EDGE('',*,*,#4524,.F.);
#3444=ORIENTED_EDGE('',*,*,#4566,.F.);
#3445=ORIENTED_EDGE('',*,*,#4533,.F.);
#3446=ORIENTED_EDGE('',*,*,#4567,.T.);
#3447=ORIENTED_EDGE('',*,*,#4568,.F.);
#3448=ORIENTED_EDGE('',*,*,#4569,.F.);
#3449=ORIENTED_EDGE('',*,*,#4496,.T.);
#3450=ORIENTED_EDGE('',*,*,#4570,.T.);
#3451=ORIENTED_EDGE('',*,*,#4494,.T.);
#3452=ORIENTED_EDGE('',*,*,#4565,.F.);
#3453=ORIENTED_EDGE('',*,*,#4571,.T.);
#3454=ORIENTED_EDGE('',*,*,#4572,.F.);
#3455=ORIENTED_EDGE('',*,*,#4500,.F.);
#3456=CARTESIAN_POINT('',(0.0384654793756705,0.105817822851294,-0.0386947075430543));
#3457=DIRECTION('',(7.87046062410495E-16,-1.0,-6.72256846544206E-15));
#3458=DIRECTION('',(-1.0,-7.87046062410495E-16,0.0));
#3459=ORIENTED_EDGE('',*,*,#4573,.T.);
#3460=ORIENTED_EDGE('',*,*,#4574,.F.);
#3461=ORIENTED_EDGE('',*,*,#4568,.T.);
#3462=ORIENTED_EDGE('',*,*,#4575,.F.);
#3463=CARTESIAN_POINT('',(0.0374824779718871,0.105817822851294,-0.050597668913695));
#3464=DIRECTION('',(-1.0,-1.17273054837307E-15,-4.71823417101401E-15));
#3465=DIRECTION('',(-4.71823417101401E-15,-1.76292320108423E-29,1.0));
#3466=ORIENTED_EDGE('',*,*,#4532,.F.);
#3467=ORIENTED_EDGE('',*,*,#4576,.F.);
#3468=ORIENTED_EDGE('',*,*,#4575,.T.);
#3469=ORIENTED_EDGE('',*,*,#4567,.F.);
#3470=CARTESIAN_POINT('',(0.0392771337839968,0.108707598960123,-0.0473347075430543));
#3471=DIRECTION('',(1.76561272428937E-30,-6.72255461174763E-15,1.0));
#3472=DIRECTION('',(-2.44921270764475E-16,1.0,6.72255461174763E-15));
#3473=ORIENTED_EDGE('',*,*,#4499,.T.);
#3474=ORIENTED_EDGE('',*,*,#4577,.T.);
#3475=ORIENTED_EDGE('',*,*,#4501,.T.);
#3476=ORIENTED_EDGE('',*,*,#4572,.T.);
#3477=CARTESIAN_POINT('',(0.0384002238925261,0.105817822851294,-0.0529513970849075));
#3478=DIRECTION('',(1.1727305483731E-15,-1.0,-6.88317499601625E-15));
#3479=DIRECTION('',(1.0,1.1727305483731E-15,0.0));
#3480=ORIENTED_EDGE('',*,*,#4495,.T.);
#3481=ORIENTED_EDGE('',*,*,#4578,.T.);
#3482=ORIENTED_EDGE('',*,*,#4491,.T.);
#3483=ORIENTED_EDGE('',*,*,#4570,.F.);
#3484=CARTESIAN_POINT('',(0.0384002238925261,0.105817822851294,-0.0529513970849075));
#3485=DIRECTION('',(1.1727305483731E-15,-1.0,-6.88317499601625E-15));
#3486=DIRECTION('',(1.0,1.1727305483731E-15,9.79561840927297E-46));
#3487=ORIENTED_EDGE('',*,*,#4569,.T.);
#3488=ORIENTED_EDGE('',*,*,#4574,.T.);
#3489=ORIENTED_EDGE('',*,*,#4579,.T.);
#3490=ORIENTED_EDGE('',*,*,#4497,.F.);
#3491=CARTESIAN_POINT('',(0.0375028965449071,0.105817822851294,-0.0519206302843358));
#3492=DIRECTION('',(3.86642284018173E-15,6.88317499601625E-15,-1.0));
#3493=DIRECTION('',(3.73640463187386E-15,-1.0,-6.88317499601624E-15));
#3494=ORIENTED_EDGE('',*,*,#4566,.T.);
#3495=ORIENTED_EDGE('',*,*,#4523,.F.);
#3496=ORIENTED_EDGE('',*,*,#4580,.F.);
#3497=ORIENTED_EDGE('',*,*,#4534,.F.);
#3498=CARTESIAN_POINT('',(0.0410400000000007,0.105190912958469,-0.0482547075430543));
#3499=DIRECTION('',(-6.72255461174763E-15,2.33525714650694E-29,1.0));
#3500=DIRECTION('',(1.0,-3.49148336110938E-15,6.72255461174763E-15));
#3501=ORIENTED_EDGE('',*,*,#4581,.T.);
#3502=ORIENTED_EDGE('',*,*,#4542,.F.);
#3503=ORIENTED_EDGE('',*,*,#4582,.F.);
#3504=ORIENTED_EDGE('',*,*,#4527,.F.);
#3505=CARTESIAN_POINT('',(0.0410400000000007,0.105190912958469,-0.0482547075430543));
#3506=DIRECTION('',(-6.72255461174763E-15,2.33525714650694E-29,1.0));
#3507=DIRECTION('',(1.0,-3.49148336110938E-15,6.72255461174763E-15));
#3508=ORIENTED_EDGE('',*,*,#4580,.T.);
#3509=ORIENTED_EDGE('',*,*,#4522,.F.);
#3510=ORIENTED_EDGE('',*,*,#4583,.F.);
#3511=ORIENTED_EDGE('',*,*,#4535,.T.);
#3512=CARTESIAN_POINT('',(0.0384002238911718,0.105190914075341,-0.0458447075430543));
#3513=DIRECTION('',(-3.2408203155907E-43,-1.0,2.33525714650694E-29));
#3514=DIRECTION('',(-1.0,0.0,-1.3877787807815E-14));
#3515=ORIENTED_EDGE('',*,*,#4582,.T.);
#3516=ORIENTED_EDGE('',*,*,#4541,.F.);
#3517=ORIENTED_EDGE('',*,*,#4584,.F.);
#3518=ORIENTED_EDGE('',*,*,#4528,.T.);
#3519=CARTESIAN_POINT('',(0.0384002238911718,0.106985568770579,-0.0458447075430543));
#3520=DIRECTION('',(3.24082031559025E-43,1.0,-2.33525714650694E-29));
#3521=DIRECTION('',(1.0,0.0,1.38777878078131E-14));
#3522=ORIENTED_EDGE('',*,*,#4521,.T.);
#3523=ORIENTED_EDGE('',*,*,#4560,.T.);
#3524=ORIENTED_EDGE('',*,*,#4536,.T.);
#3525=ORIENTED_EDGE('',*,*,#4583,.T.);
#3526=ORIENTED_EDGE('',*,*,#4540,.T.);
#3527=ORIENTED_EDGE('',*,*,#4547,.T.);
#3528=ORIENTED_EDGE('',*,*,#4529,.T.);
#3529=ORIENTED_EDGE('',*,*,#4584,.T.);
#3530=ORIENTED_EDGE('',*,*,#4526,.F.);
#3531=ORIENTED_EDGE('',*,*,#4585,.T.);
#3532=ORIENTED_EDGE('',*,*,#4563,.F.);
#3533=ORIENTED_EDGE('',*,*,#4492,.F.);
#3534=ORIENTED_EDGE('',*,*,#4578,.F.);
#3535=ORIENTED_EDGE('',*,*,#4498,.F.);
#3536=ORIENTED_EDGE('',*,*,#4579,.F.);
#3537=ORIENTED_EDGE('',*,*,#4573,.F.);
#3538=ORIENTED_EDGE('',*,*,#4576,.T.);
#3539=ORIENTED_EDGE('',*,*,#4531,.F.);
#3540=ORIENTED_EDGE('',*,*,#4581,.F.);
#3541=ORIENTED_EDGE('',*,*,#4577,.F.);
#3542=ORIENTED_EDGE('',*,*,#4502,.F.);
#3543=CARTESIAN_POINT('',(0.0384002238911717,0.106317822851294,-0.0492747075430543));
#3544=DIRECTION('',(-1.1727305483731E-15,1.0,6.88317499601625E-15));
#3545=DIRECTION('',(1.0,1.17273054837309E-15,2.56367408350077E-15));
#3546=ORIENTED_EDGE('',*,*,#4525,.F.);
#3547=ORIENTED_EDGE('',*,*,#4571,.F.);
#3548=ORIENTED_EDGE('',*,*,#4564,.T.);
#3549=ORIENTED_EDGE('',*,*,#4585,.F.);
#3550=CARTESIAN_POINT('',(0.0392771337839968,0.108707598960123,-0.0473347075430543));
#3551=DIRECTION('',(1.76561272428937E-30,-6.72255461174763E-15,1.0));
#3552=DIRECTION('',(-2.44921270764475E-16,1.0,6.72255461174763E-15));
#3553=ORIENTED_EDGE('',*,*,#4586,.F.);
#3554=ORIENTED_EDGE('',*,*,#4587,.T.);
#3555=ORIENTED_EDGE('',*,*,#4588,.F.);
#3556=ORIENTED_EDGE('',*,*,#4589,.T.);
#3557=CARTESIAN_POINT('',(0.0398064768692966,0.110903564871776,-0.0529513970849075));
#3558=DIRECTION('',(6.25432538369572E-15,1.0,-6.88317499601625E-15));
#3559=DIRECTION('',(-1.0,6.25432538369572E-15,-8.48042384788699E-45));
#3560=ORIENTED_EDGE('',*,*,#4590,.F.);
#3561=ORIENTED_EDGE('',*,*,#4591,.F.);
#3562=ORIENTED_EDGE('',*,*,#4592,.T.);
#3563=ORIENTED_EDGE('',*,*,#4593,.T.);
#3564=CARTESIAN_POINT('',(0.0398064768692966,0.110903564871776,-0.0529513970849075));
#3565=DIRECTION('',(6.25432538369572E-15,1.0,-6.88317499601625E-15));
#3566=DIRECTION('',(-1.0,6.25432538369572E-15,0.0));
#3567=ORIENTED_EDGE('',*,*,#4594,.F.);
#3568=ORIENTED_EDGE('',*,*,#4595,.T.);
#3569=ORIENTED_EDGE('',*,*,#4596,.F.);
#3570=ORIENTED_EDGE('',*,*,#4597,.F.);
#3571=CARTESIAN_POINT('',(0.0398064768692966,0.110903564871776,-0.0529513970849075));
#3572=DIRECTION('',(6.25432538369572E-15,1.0,-6.88317499601625E-15));
#3573=DIRECTION('',(-1.0,6.25432538369572E-15,0.0));
#3574=ORIENTED_EDGE('',*,*,#4598,.F.);
#3575=ORIENTED_EDGE('',*,*,#4599,.T.);
#3576=ORIENTED_EDGE('',*,*,#4600,.T.);
#3577=ORIENTED_EDGE('',*,*,#4601,.T.);
#3578=ORIENTED_EDGE('',*,*,#4602,.T.);
#3579=ORIENTED_EDGE('',*,*,#4603,.T.);
#3580=CARTESIAN_POINT('',(0.0403906106930765,0.108553564871776,-0.0458947075430543));
#3581=DIRECTION('',(1.0,-6.15472756045846E-15,6.43646794902224E-15));
#3582=DIRECTION('',(-1.99220539287583E-16,0.707106781186547,0.707106781186547));
#3583=ORIENTED_EDGE('',*,*,#4604,.F.);
#3584=ORIENTED_EDGE('',*,*,#4605,.T.);
#3585=ORIENTED_EDGE('',*,*,#4606,.F.);
#3586=ORIENTED_EDGE('',*,*,#4607,.T.);
#3587=ORIENTED_EDGE('',*,*,#4608,.T.);
#3588=CARTESIAN_POINT('',(0.0398064768706509,0.108553564871776,-0.0458947075430543));
#3589=DIRECTION('',(-1.0,6.25432538369567E-15,-6.82215243498485E-15));
#3590=DIRECTION('',(-4.01514358507738E-16,0.707106781186547,0.707106781186547));
#3591=ORIENTED_EDGE('',*,*,#4604,.T.);
#3592=ORIENTED_EDGE('',*,*,#4609,.T.);
#3593=ORIENTED_EDGE('',*,*,#4610,.T.);
#3594=ORIENTED_EDGE('',*,*,#4611,.T.);
#3595=CARTESIAN_POINT('',(0.0398064768706509,0.108553564871776,-0.0458947075430543));
#3596=DIRECTION('',(-1.0,6.25432538369567E-15,-6.82215243498485E-15));
#3597=DIRECTION('',(-4.01514358507738E-16,0.707106781186547,0.707106781186547));
#3598=ORIENTED_EDGE('',*,*,#4607,.F.);
#3599=ORIENTED_EDGE('',*,*,#4612,.F.);
#3600=ORIENTED_EDGE('',*,*,#4613,.T.);
#3601=ORIENTED_EDGE('',*,*,#4614,.F.);
#3602=ORIENTED_EDGE('',*,*,#4615,.T.);
#3603=ORIENTED_EDGE('',*,*,#4616,.T.);
#3604=ORIENTED_EDGE('',*,*,#4617,.F.);
#3605=ORIENTED_EDGE('',*,*,#4618,.F.);
#3606=ORIENTED_EDGE('',*,*,#4619,.F.);
#3607=ORIENTED_EDGE('',*,*,#4620,.F.);
#3608=CARTESIAN_POINT('',(0.039806476870651,0.110293564871776,-0.0453947075430543));
#3609=DIRECTION('',(6.82215243498483E-15,-3.63661290567138E-15,-1.0));
#3610=DIRECTION('',(-1.0,-3.13150113478994E-15,-6.82215243498482E-15));
#3611=ORIENTED_EDGE('',*,*,#4598,.T.);
#3612=ORIENTED_EDGE('',*,*,#4621,.T.);
#3613=ORIENTED_EDGE('',*,*,#4622,.T.);
#3614=ORIENTED_EDGE('',*,*,#4623,.T.);
#3615=CARTESIAN_POINT('',(0.0403906106930765,0.108553564871776,-0.0458947075430543));
#3616=DIRECTION('',(1.0,-6.15472756045846E-15,6.43646794902224E-15));
#3617=DIRECTION('',(-1.99220539287583E-16,0.707106781186547,0.707106781186547));
#3618=ORIENTED_EDGE('',*,*,#4623,.F.);
#3619=ORIENTED_EDGE('',*,*,#4624,.T.);
#3620=ORIENTED_EDGE('',*,*,#4596,.T.);
#3621=ORIENTED_EDGE('',*,*,#4625,.T.);
#3622=ORIENTED_EDGE('',*,*,#4609,.F.);
#3623=ORIENTED_EDGE('',*,*,#4608,.F.);
#3624=ORIENTED_EDGE('',*,*,#4620,.T.);
#3625=ORIENTED_EDGE('',*,*,#4626,.F.);
#3626=ORIENTED_EDGE('',*,*,#4627,.T.);
#3627=ORIENTED_EDGE('',*,*,#4599,.F.);
#3628=CARTESIAN_POINT('',(0.0389295680946975,0.111616526242417,-0.0448947075430543));
#3629=DIRECTION('',(-1.0,-5.67827051289158E-16,-6.82215243498483E-15));
#3630=DIRECTION('',(-5.6782705128918E-16,1.0,3.24656209034486E-15));
#3631=ORIENTED_EDGE('',*,*,#4601,.F.);
#3632=ORIENTED_EDGE('',*,*,#4628,.T.);
#3633=ORIENTED_EDGE('',*,*,#4629,.F.);
#3634=CARTESIAN_POINT('',(0.0397412213861522,0.099713564871776,-0.0448947075430542));
#3635=DIRECTION('',(-6.43646794902222E-15,3.47600637509719E-15,1.0));
#3636=DIRECTION('',(1.0,5.67827051289176E-16,6.43646794902221E-15));
#3637=ORIENTED_EDGE('',*,*,#4589,.F.);
#3638=ORIENTED_EDGE('',*,*,#4630,.F.);
#3639=ORIENTED_EDGE('',*,*,#4622,.F.);
#3640=ORIENTED_EDGE('',*,*,#4631,.T.);
#3641=ORIENTED_EDGE('',*,*,#4632,.F.);
#3642=ORIENTED_EDGE('',*,*,#4591,.T.);
#3643=ORIENTED_EDGE('',*,*,#4633,.T.);
#3644=ORIENTED_EDGE('',*,*,#4597,.T.);
#3645=ORIENTED_EDGE('',*,*,#4624,.F.);
#3646=CARTESIAN_POINT('',(0.0410400000000008,0.109553564871776,-0.050607359456361));
#3647=DIRECTION('',(-6.15472756045844E-15,-1.0,-3.24656209034492E-15));
#3648=DIRECTION('',(1.0,-6.15472756045847E-15,9.58499445757114E-15));
#3649=ORIENTED_EDGE('',*,*,#4603,.F.);
#3650=ORIENTED_EDGE('',*,*,#4634,.F.);
#3651=ORIENTED_EDGE('',*,*,#4605,.F.);
#3652=ORIENTED_EDGE('',*,*,#4611,.F.);
#3653=ORIENTED_EDGE('',*,*,#4635,.T.);
#3654=ORIENTED_EDGE('',*,*,#4636,.F.);
#3655=ORIENTED_EDGE('',*,*,#4631,.F.);
#3656=ORIENTED_EDGE('',*,*,#4621,.F.);
#3657=CARTESIAN_POINT('',(0.0407242227899356,0.111616526242417,-0.0448947075430543));
#3658=DIRECTION('',(1.0,5.28606122230319E-15,6.82215243498481E-15));
#3659=DIRECTION('',(5.28606122230321E-15,-1.0,-3.24656209034482E-15));
#3660=ORIENTED_EDGE('',*,*,#4600,.F.);
#3661=ORIENTED_EDGE('',*,*,#4627,.F.);
#3662=ORIENTED_EDGE('',*,*,#4637,.F.);
#3663=ORIENTED_EDGE('',*,*,#4638,.F.);
#3664=ORIENTED_EDGE('',*,*,#4639,.F.);
#3665=ORIENTED_EDGE('',*,*,#4640,.T.);
#3666=ORIENTED_EDGE('',*,*,#4641,.T.);
#3667=ORIENTED_EDGE('',*,*,#4642,.F.);
#3668=ORIENTED_EDGE('',*,*,#4643,.F.);
#3669=ORIENTED_EDGE('',*,*,#4628,.F.);
#3670=CARTESIAN_POINT('',(0.0397412213861522,0.099713564871776,-0.0448947075430542));
#3671=DIRECTION('',(-6.43646794902222E-15,3.47600637509719E-15,1.0));
#3672=DIRECTION('',(1.0,5.67827051289176E-16,6.43646794902221E-15));
#3673=ORIENTED_EDGE('',*,*,#4644,.T.);
#3674=ORIENTED_EDGE('',*,*,#4618,.T.);
#3675=ORIENTED_EDGE('',*,*,#4645,.T.);
#3676=ORIENTED_EDGE('',*,*,#4646,.T.);
#3677=CARTESIAN_POINT('',(0.0387152238911718,0.105003564871776,-0.0453397075430543));
#3678=DIRECTION('',(-0.707106781186525,-2.97298800465854E-15,-0.70710678118657));
#3679=DIRECTION('',(-0.70710678118657,0.0,0.707106781186525));
#3680=ORIENTED_EDGE('',*,*,#4644,.F.);
#3681=ORIENTED_EDGE('',*,*,#4647,.T.);
#3682=ORIENTED_EDGE('',*,*,#4648,.F.);
#3683=ORIENTED_EDGE('',*,*,#4637,.T.);
#3684=ORIENTED_EDGE('',*,*,#4626,.T.);
#3685=ORIENTED_EDGE('',*,*,#4619,.T.);
#3686=ORIENTED_EDGE('',*,*,#4646,.F.);
#3687=ORIENTED_EDGE('',*,*,#4649,.F.);
#3688=ORIENTED_EDGE('',*,*,#4650,.F.);
#3689=ORIENTED_EDGE('',*,*,#4647,.F.);
#3690=CARTESIAN_POINT('',(0.0386602238911718,0.099713564871776,-0.0465281769043835));
#3691=DIRECTION('',(-1.0,-5.67827051289165E-16,-5.13787790789121E-15));
#3692=DIRECTION('',(-5.13787790789121E-15,3.12536082554669E-15,1.0));
#3693=ORIENTED_EDGE('',*,*,#4648,.T.);
#3694=ORIENTED_EDGE('',*,*,#4650,.T.);
#3695=ORIENTED_EDGE('',*,*,#4651,.T.);
#3696=ORIENTED_EDGE('',*,*,#4638,.T.);
#3697=CARTESIAN_POINT('',(0.0387152238911718,0.099713564871776,-0.0449497075430542));
#3698=DIRECTION('',(-0.70710678118657,2.05639332077109E-15,0.707106781186525));
#3699=DIRECTION('',(0.707106781186525,-0.0,0.70710678118657));
#3700=ORIENTED_EDGE('',*,*,#4645,.F.);
#3701=ORIENTED_EDGE('',*,*,#4617,.T.);
#3702=ORIENTED_EDGE('',*,*,#4652,.T.);
#3703=ORIENTED_EDGE('',*,*,#4639,.T.);
#3704=ORIENTED_EDGE('',*,*,#4651,.F.);
#3705=ORIENTED_EDGE('',*,*,#4649,.T.);
#3706=CARTESIAN_POINT('',(0.0388652238911718,0.104907239463558,-0.0485677681803723));
#3707=DIRECTION('',(-0.707106781186553,-0.707106781186542,-5.92869437920448E-15));
#3708=DIRECTION('',(-8.38443999823605E-15,0.0,1.0));
#3709=ORIENTED_EDGE('',*,*,#4614,.T.);
#3710=ORIENTED_EDGE('',*,*,#4653,.T.);
#3711=ORIENTED_EDGE('',*,*,#4642,.T.);
#3712=ORIENTED_EDGE('',*,*,#4654,.T.);
#3713=CARTESIAN_POINT('',(0.0396592227899356,0.104754888389153,-0.0477510334997077));
#3714=DIRECTION('',(0.707106781186548,-0.707106781186548,2.52832417944002E-15));
#3715=DIRECTION('',(3.57559034463991E-15,0.0,-1.0));
#3716=ORIENTED_EDGE('',*,*,#4653,.F.);
#3717=ORIENTED_EDGE('',*,*,#4613,.F.);
#3718=ORIENTED_EDGE('',*,*,#4655,.F.);
#3719=ORIENTED_EDGE('',*,*,#4643,.T.);
#3720=CARTESIAN_POINT('',(0.0398242227899356,0.111616526242417,-0.0448947075430543));
#3721=DIRECTION('',(1.0,5.28606122230319E-15,6.82215243498481E-15));
#3722=DIRECTION('',(5.28606122230321E-15,-1.0,-3.24656209034482E-15));
#3723=ORIENTED_EDGE('',*,*,#4602,.F.);
#3724=ORIENTED_EDGE('',*,*,#4629,.T.);
#3725=ORIENTED_EDGE('',*,*,#4655,.T.);
#3726=ORIENTED_EDGE('',*,*,#4612,.T.);
#3727=ORIENTED_EDGE('',*,*,#4606,.T.);
#3728=ORIENTED_EDGE('',*,*,#4634,.T.);
#3729=CARTESIAN_POINT('',(0.0402742227899356,0.108272467367614,-0.0450197075430543));
#3730=DIRECTION('',(0.707106781186548,-0.707106781186548,2.52832417944002E-15));
#3731=DIRECTION('',(3.57559034463991E-15,2.78904447747368E-31,-1.0));
#3732=ORIENTED_EDGE('',*,*,#4654,.F.);
#3733=ORIENTED_EDGE('',*,*,#4641,.F.);
#3734=ORIENTED_EDGE('',*,*,#4656,.T.);
#3735=ORIENTED_EDGE('',*,*,#4615,.F.);
#3736=CARTESIAN_POINT('',(0.0410400000000007,0.104589888389153,-0.050607359456361));
#3737=DIRECTION('',(-6.15472756045844E-15,-1.0,-3.24656209034492E-15));
#3738=DIRECTION('',(1.0,-6.15472756045847E-15,9.58499445757114E-15));
#3739=ORIENTED_EDGE('',*,*,#4656,.F.);
#3740=ORIENTED_EDGE('',*,*,#4640,.F.);
#3741=ORIENTED_EDGE('',*,*,#4652,.F.);
#3742=ORIENTED_EDGE('',*,*,#4616,.F.);
#3743=CARTESIAN_POINT('',(0.0389295680946975,0.104933564871776,-0.0451447075430543));
#3744=DIRECTION('',(1.0,-6.15472756045845E-15,5.13787790789119E-15));
#3745=DIRECTION('',(-5.13787790789121E-15,-3.24656209034489E-15,1.0));
#3746=ORIENTED_EDGE('',*,*,#4632,.T.);
#3747=ORIENTED_EDGE('',*,*,#4636,.T.);
#3748=ORIENTED_EDGE('',*,*,#4657,.T.);
#3749=ORIENTED_EDGE('',*,*,#4592,.F.);
#3750=CARTESIAN_POINT('',(0.0407038042169156,0.110903564871776,-0.0519206302843358));
#3751=DIRECTION('',(-3.86642284018178E-15,-6.88317499601622E-15,-1.0));
#3752=DIRECTION('',(3.69065130019497E-15,1.0,-6.88317499601624E-15));
#3753=ORIENTED_EDGE('',*,*,#4594,.T.);
#3754=ORIENTED_EDGE('',*,*,#4633,.F.);
#3755=ORIENTED_EDGE('',*,*,#4590,.T.);
#3756=ORIENTED_EDGE('',*,*,#4658,.T.);
#3757=CARTESIAN_POINT('',(0.0398064768692966,0.110903564871776,-0.0529513970849075));
#3758=DIRECTION('',(6.25432538369572E-15,1.0,-6.88317499601625E-15));
#3759=DIRECTION('',(-1.0,6.25432538369572E-15,0.0));
#3760=ORIENTED_EDGE('',*,*,#4586,.T.);
#3761=ORIENTED_EDGE('',*,*,#4630,.T.);
#3762=ORIENTED_EDGE('',*,*,#4588,.T.);
#3763=ORIENTED_EDGE('',*,*,#4659,.T.);
#3764=CARTESIAN_POINT('',(0.0398064768692966,0.110903564871776,-0.0529513970849075));
#3765=DIRECTION('',(6.25432538369572E-15,1.0,-6.88317499601625E-15));
#3766=DIRECTION('',(-1.0,6.25432538369572E-15,-8.48042384788699E-45));
#3767=ORIENTED_EDGE('',*,*,#4610,.F.);
#3768=ORIENTED_EDGE('',*,*,#4625,.F.);
#3769=ORIENTED_EDGE('',*,*,#4595,.F.);
#3770=ORIENTED_EDGE('',*,*,#4658,.F.);
#3771=ORIENTED_EDGE('',*,*,#4593,.F.);
#3772=ORIENTED_EDGE('',*,*,#4657,.F.);
#3773=ORIENTED_EDGE('',*,*,#4635,.F.);
#3774=ORIENTED_EDGE('',*,*,#4659,.F.);
#3775=ORIENTED_EDGE('',*,*,#4587,.F.);
#3776=CARTESIAN_POINT('',(0.039806476870651,0.109053564871776,-0.0492747075430542));
#3777=DIRECTION('',(-6.25432538369572E-15,-1.0,6.88317499601625E-15));
#3778=DIRECTION('',(-1.0,6.25432538369574E-15,2.56367408350077E-15));
#3779=ORIENTED_EDGE('',*,*,#4660,.F.);
#3780=ORIENTED_EDGE('',*,*,#4661,.T.);
#3781=ORIENTED_EDGE('',*,*,#4662,.F.);
#3782=ORIENTED_EDGE('',*,*,#4663,.T.);
#3783=CARTESIAN_POINT('',(0.0410400000000006,0.106055243686557,-0.0428447075430543));
#3784=DIRECTION('',(6.72256846544206E-15,-1.21904560609037E-29,-1.0));
#3785=DIRECTION('',(1.0,0.0,6.72256846544206E-15));
#3786=ORIENTED_EDGE('',*,*,#4664,.F.);
#3787=ORIENTED_EDGE('',*,*,#4665,.T.);
#3788=ORIENTED_EDGE('',*,*,#4666,.F.);
#3789=ORIENTED_EDGE('',*,*,#4667,.T.);
#3790=CARTESIAN_POINT('',(0.0410400000000006,0.106055243686557,-0.0428447075430543));
#3791=DIRECTION('',(6.72256846544206E-15,-1.21904560609037E-29,-1.0));
#3792=DIRECTION('',(1.0,0.0,6.72256846544206E-15));
#3793=ORIENTED_EDGE('',*,*,#4668,.F.);
#3794=ORIENTED_EDGE('',*,*,#4669,.F.);
#3795=ORIENTED_EDGE('',*,*,#4670,.F.);
#3796=ORIENTED_EDGE('',*,*,#4671,.F.);
#3797=ORIENTED_EDGE('',*,*,#4672,.F.);
#3798=ORIENTED_EDGE('',*,*,#4673,.F.);
#3799=ORIENTED_EDGE('',*,*,#4674,.F.);
#3800=CARTESIAN_POINT('',(0.0410400000000006,0.106055243686557,-0.0441605718515809));
#3801=DIRECTION('',(-7.03485727680547E-15,1.80300029305584E-16,1.0));
#3802=DIRECTION('',(1.0,0.0,7.03485727680547E-15));
#3803=ORIENTED_EDGE('',*,*,#4675,.F.);
#3804=ORIENTED_EDGE('',*,*,#4676,.F.);
#3805=ORIENTED_EDGE('',*,*,#4677,.F.);
#3806=ORIENTED_EDGE('',*,*,#4678,.F.);
#3807=CARTESIAN_POINT('',(0.041017790083938,0.106055243686557,-0.04309265660946));
#3808=DIRECTION('',(-7.67732033691238E-15,2.7755575615629E-15,1.0));
#3809=DIRECTION('',(-1.0,5.1182135579416E-15,-7.6773203369124E-15));
#3810=ORIENTED_EDGE('',*,*,#4679,.F.);
#3811=ORIENTED_EDGE('',*,*,#4680,.F.);
#3812=ORIENTED_EDGE('',*,*,#4681,.F.);
#3813=ORIENTED_EDGE('',*,*,#4682,.F.);
#3814=CARTESIAN_POINT('',(0.041017790083938,0.106055243686557,-0.0436724796863602));
#3815=DIRECTION('',(7.67732033691238E-15,-2.77555756156289E-15,-1.0));
#3816=DIRECTION('',(-1.0,5.1182135579416E-15,-7.6773203369124E-15));
#3817=ORIENTED_EDGE('',*,*,#4683,.F.);
#3818=ORIENTED_EDGE('',*,*,#4682,.T.);
#3819=ORIENTED_EDGE('',*,*,#4684,.F.);
#3820=ORIENTED_EDGE('',*,*,#4685,.F.);
#3821=CARTESIAN_POINT('',(0.041017790083938,0.106055243686557,-0.0441551566094601));
#3822=DIRECTION('',(-7.67732033691238E-15,2.7755575615629E-15,1.0));
#3823=DIRECTION('',(-1.0,5.1182135579416E-15,-7.6773203369124E-15));
#3824=ORIENTED_EDGE('',*,*,#4686,.F.);
#3825=ORIENTED_EDGE('',*,*,#4687,.F.);
#3826=ORIENTED_EDGE('',*,*,#4688,.F.);
#3827=ORIENTED_EDGE('',*,*,#4689,.F.);
#3828=CARTESIAN_POINT('',(0.041017790083938,0.106055243686557,-0.0447349796863602));
#3829=DIRECTION('',(7.67732033691238E-15,-2.77555756156289E-15,-1.0));
#3830=DIRECTION('',(-1.0,5.1182135579416E-15,-7.6773203369124E-15));
#3831=ORIENTED_EDGE('',*,*,#4686,.T.);
#3832=ORIENTED_EDGE('',*,*,#4690,.F.);
#3833=ORIENTED_EDGE('',*,*,#4688,.T.);
#3834=ORIENTED_EDGE('',*,*,#4667,.F.);
#3835=CARTESIAN_POINT('',(0.041017790083938,0.106055243686557,-0.0447349796863602));
#3836=DIRECTION('',(7.67732033691238E-15,-2.77555756156289E-15,-1.0));
#3837=DIRECTION('',(-1.0,5.1182135579416E-15,-7.6773203369124E-15));
#3838=ORIENTED_EDGE('',*,*,#4683,.T.);
#3839=ORIENTED_EDGE('',*,*,#4665,.F.);
#3840=ORIENTED_EDGE('',*,*,#4684,.T.);
#3841=ORIENTED_EDGE('',*,*,#4691,.T.);
#3842=CARTESIAN_POINT('',(0.041017790083938,0.106055243686557,-0.0441551566094601));
#3843=DIRECTION('',(-7.67732033691238E-15,2.7755575615629E-15,1.0));
#3844=DIRECTION('',(-1.0,5.1182135579416E-15,-7.6773203369124E-15));
#3845=ORIENTED_EDGE('',*,*,#4679,.T.);
#3846=ORIENTED_EDGE('',*,*,#4691,.F.);
#3847=ORIENTED_EDGE('',*,*,#4681,.T.);
#3848=ORIENTED_EDGE('',*,*,#4663,.F.);
#3849=CARTESIAN_POINT('',(0.041017790083938,0.106055243686557,-0.0436724796863602));
#3850=DIRECTION('',(7.67732033691238E-15,-2.77555756156289E-15,-1.0));
#3851=DIRECTION('',(-1.0,5.1182135579416E-15,-7.6773203369124E-15));
#3852=ORIENTED_EDGE('',*,*,#4675,.T.);
#3853=ORIENTED_EDGE('',*,*,#4661,.F.);
#3854=ORIENTED_EDGE('',*,*,#4677,.T.);
#3855=ORIENTED_EDGE('',*,*,#4692,.F.);
#3856=CARTESIAN_POINT('',(0.041017790083938,0.106055243686557,-0.04309265660946));
#3857=DIRECTION('',(-7.67732033691238E-15,2.7755575615629E-15,1.0));
#3858=DIRECTION('',(-1.0,5.1182135579416E-15,-7.6773203369124E-15));
#3859=ORIENTED_EDGE('',*,*,#4693,.T.);
#3860=ORIENTED_EDGE('',*,*,#4694,.F.);
#3861=ORIENTED_EDGE('',*,*,#4695,.T.);
#3862=ORIENTED_EDGE('',*,*,#4696,.T.);
#3863=ORIENTED_EDGE('',*,*,#4697,.T.);
#3864=ORIENTED_EDGE('',*,*,#4698,.T.);
#3865=CARTESIAN_POINT('',(0.0375400000000004,0.112117421513048,-0.0428447075430543));
#3866=DIRECTION('',(-0.499999999999995,0.866025403784441,-3.36128423272101E-15));
#3867=DIRECTION('',(0.866025403784441,0.499999999999995,6.00925839494865E-15));
#3868=ORIENTED_EDGE('',*,*,#4699,.T.);
#3869=ORIENTED_EDGE('',*,*,#4700,.F.);
#3870=ORIENTED_EDGE('',*,*,#4669,.T.);
#3871=ORIENTED_EDGE('',*,*,#4701,.T.);
#3872=ORIENTED_EDGE('',*,*,#4694,.T.);
#3873=ORIENTED_EDGE('',*,*,#4702,.T.);
#3874=ORIENTED_EDGE('',*,*,#4703,.T.);
#3875=CARTESIAN_POINT('',(0.0340400000000004,0.106055243686557,-0.0428447075430544));
#3876=DIRECTION('',(-1.0,4.29232742496331E-15,-6.72256846544206E-15));
#3877=DIRECTION('',(4.29232742496331E-15,1.0,0.0));
#3878=ORIENTED_EDGE('',*,*,#4676,.T.);
#3879=ORIENTED_EDGE('',*,*,#4692,.T.);
#3880=ORIENTED_EDGE('',*,*,#4704,.T.);
#3881=ORIENTED_EDGE('',*,*,#4674,.T.);
#3882=ORIENTED_EDGE('',*,*,#4705,.T.);
#3883=CARTESIAN_POINT('',(0.0410400000000006,0.106055243686557,-0.0428447075430543));
#3884=DIRECTION('',(-6.72256846544206E-15,1.21904560609037E-29,1.0));
#3885=DIRECTION('',(1.0,-3.49148336110938E-15,6.72256846544206E-15));
#3886=ORIENTED_EDGE('',*,*,#4668,.T.);
#3887=ORIENTED_EDGE('',*,*,#4704,.F.);
#3888=ORIENTED_EDGE('',*,*,#4705,.F.);
#3889=ORIENTED_EDGE('',*,*,#4673,.T.);
#3890=ORIENTED_EDGE('',*,*,#4706,.F.);
#3891=ORIENTED_EDGE('',*,*,#4707,.F.);
#3892=ORIENTED_EDGE('',*,*,#4695,.F.);
#3893=ORIENTED_EDGE('',*,*,#4701,.F.);
#3894=CARTESIAN_POINT('',(0.0410400000000006,0.106055243686557,-0.0441605718515809));
#3895=DIRECTION('',(-7.03485727680547E-15,1.80300029305584E-16,1.0));
#3896=DIRECTION('',(1.0,0.0,7.03485727680547E-15));
#3897=ORIENTED_EDGE('',*,*,#4690,.T.);
#3898=ORIENTED_EDGE('',*,*,#4689,.T.);
#3899=ORIENTED_EDGE('',*,*,#4708,.T.);
#3900=ORIENTED_EDGE('',*,*,#4709,.F.);
#3901=ORIENTED_EDGE('',*,*,#4710,.T.);
#3902=ORIENTED_EDGE('',*,*,#4703,.F.);
#3903=ORIENTED_EDGE('',*,*,#4711,.T.);
#3904=ORIENTED_EDGE('',*,*,#4698,.F.);
#3905=ORIENTED_EDGE('',*,*,#4712,.T.);
#3906=ORIENTED_EDGE('',*,*,#4713,.F.);
#3907=ORIENTED_EDGE('',*,*,#4714,.T.);
#3908=ORIENTED_EDGE('',*,*,#4715,.F.);
#3909=ORIENTED_EDGE('',*,*,#4716,.T.);
#3910=ORIENTED_EDGE('',*,*,#4717,.F.);
#3911=CARTESIAN_POINT('',(0.0410400000000006,0.106055243686557,-0.0449447075430543));
#3912=DIRECTION('',(-6.72256846544206E-15,1.21904560609037E-29,1.0));
#3913=DIRECTION('',(1.0,-3.49148336110938E-15,6.72256846544206E-15));
#3914=ORIENTED_EDGE('',*,*,#4718,.T.);
#3915=ORIENTED_EDGE('',*,*,#4713,.T.);
#3916=ORIENTED_EDGE('',*,*,#4719,.T.);
#3917=ORIENTED_EDGE('',*,*,#4696,.F.);
#3918=ORIENTED_EDGE('',*,*,#4707,.T.);
#3919=ORIENTED_EDGE('',*,*,#4720,.T.);
#3920=CARTESIAN_POINT('',(0.0445400000000004,0.112117421513048,-0.0428447075430543));
#3921=DIRECTION('',(0.500000000000003,0.866025403784437,3.36128423272104E-15));
#3922=DIRECTION('',(0.866025403784437,-0.500000000000003,6.00925839494864E-15));
#3923=ORIENTED_EDGE('',*,*,#4721,.T.);
#3924=ORIENTED_EDGE('',*,*,#4715,.T.);
#3925=ORIENTED_EDGE('',*,*,#4722,.T.);
#3926=ORIENTED_EDGE('',*,*,#4720,.F.);
#3927=ORIENTED_EDGE('',*,*,#4706,.T.);
#3928=ORIENTED_EDGE('',*,*,#4672,.T.);
#3929=ORIENTED_EDGE('',*,*,#4723,.T.);
#3930=CARTESIAN_POINT('',(0.0480400000000004,0.106055243686557,-0.0428447075430543));
#3931=DIRECTION('',(1.0,-4.29232742496332E-15,6.72256846544206E-15));
#3932=DIRECTION('',(-4.29232742496332E-15,-1.0,-0.0));
#3933=ORIENTED_EDGE('',*,*,#4724,.T.);
#3934=ORIENTED_EDGE('',*,*,#4717,.T.);
#3935=ORIENTED_EDGE('',*,*,#4725,.T.);
#3936=ORIENTED_EDGE('',*,*,#4723,.F.);
#3937=ORIENTED_EDGE('',*,*,#4671,.T.);
#3938=ORIENTED_EDGE('',*,*,#4726,.T.);
#3939=CARTESIAN_POINT('',(0.0445400000000003,0.0999930658600659,-0.0428447075430543));
#3940=DIRECTION('',(0.499999999999996,-0.866025403784441,3.36128423272102E-15));
#3941=DIRECTION('',(-0.866025403784441,-0.499999999999996,-6.00925839494864E-15));
#3942=ORIENTED_EDGE('',*,*,#4727,.T.);
#3943=ORIENTED_EDGE('',*,*,#4726,.F.);
#3944=ORIENTED_EDGE('',*,*,#4670,.T.);
#3945=ORIENTED_EDGE('',*,*,#4700,.T.);
#3946=ORIENTED_EDGE('',*,*,#4728,.T.);
#3947=ORIENTED_EDGE('',*,*,#4709,.T.);
#3948=CARTESIAN_POINT('',(0.0375400000000003,0.0999930658600659,-0.0428447075430543));
#3949=DIRECTION('',(-0.500000000000003,-0.866025403784437,-3.36128423272104E-15));
#3950=DIRECTION('',(-0.866025403784437,0.500000000000003,-6.00925839494864E-15));
#3951=ORIENTED_EDGE('',*,*,#4727,.F.);
#3952=ORIENTED_EDGE('',*,*,#4708,.F.);
#3953=ORIENTED_EDGE('',*,*,#4724,.F.);
#3954=CARTESIAN_POINT('',(0.0410400000000006,0.106055243686557,-0.0436288432345277));
#3955=DIRECTION('',(-6.97361214377266E-15,1.44940135262536E-16,1.0));
#3956=DIRECTION('',(1.0,0.0,6.97361214377266E-15));
#3957=ORIENTED_EDGE('',*,*,#4728,.F.);
#3958=ORIENTED_EDGE('',*,*,#4699,.F.);
#3959=ORIENTED_EDGE('',*,*,#4710,.F.);
#3960=CARTESIAN_POINT('',(0.0410400000000006,0.106055243686557,-0.0436288432345277));
#3961=DIRECTION('',(-6.97361214377266E-15,1.44940135262536E-16,1.0));
#3962=DIRECTION('',(1.0,0.0,6.97361214377266E-15));
#3963=ORIENTED_EDGE('',*,*,#4725,.F.);
#3964=ORIENTED_EDGE('',*,*,#4716,.F.);
#3965=ORIENTED_EDGE('',*,*,#4721,.F.);
#3966=CARTESIAN_POINT('',(0.0410400000000006,0.106055243686557,-0.0436288432345277));
#3967=DIRECTION('',(-6.97361214377266E-15,1.44940135262536E-16,1.0));
#3968=DIRECTION('',(1.0,0.0,6.97361214377266E-15));
#3969=ORIENTED_EDGE('',*,*,#4702,.F.);
#3970=ORIENTED_EDGE('',*,*,#4693,.F.);
#3971=ORIENTED_EDGE('',*,*,#4711,.F.);
#3972=CARTESIAN_POINT('',(0.0410400000000006,0.106055243686557,-0.0436288432345277));
#3973=DIRECTION('',(-6.97361214377266E-15,1.44940135262536E-16,1.0));
#3974=DIRECTION('',(1.0,0.0,6.97361214377266E-15));
#3975=ORIENTED_EDGE('',*,*,#4722,.F.);
#3976=ORIENTED_EDGE('',*,*,#4714,.F.);
#3977=ORIENTED_EDGE('',*,*,#4718,.F.);
#3978=CARTESIAN_POINT('',(0.0410400000000006,0.106055243686557,-0.0436288432345277));
#3979=DIRECTION('',(-6.97361214377266E-15,1.44940135262536E-16,1.0));
#3980=DIRECTION('',(1.0,0.0,6.97361214377266E-15));
#3981=ORIENTED_EDGE('',*,*,#4719,.F.);
#3982=ORIENTED_EDGE('',*,*,#4712,.F.);
#3983=ORIENTED_EDGE('',*,*,#4697,.F.);
#3984=CARTESIAN_POINT('',(0.0410400000000006,0.106055243686557,-0.0436288432345277));
#3985=DIRECTION('',(-6.97361214377266E-15,1.44940135262536E-16,1.0));
#3986=DIRECTION('',(1.0,0.0,6.97361214377266E-15));
#3987=ORIENTED_EDGE('',*,*,#4664,.T.);
#3988=ORIENTED_EDGE('',*,*,#4687,.T.);
#3989=ORIENTED_EDGE('',*,*,#4666,.T.);
#3990=ORIENTED_EDGE('',*,*,#4685,.T.);
#3991=CARTESIAN_POINT('',(0.0410400000000006,0.106055243686557,-0.0428447075430543));
#3992=DIRECTION('',(6.72256846544206E-15,-1.21904560609037E-29,-1.0));
#3993=DIRECTION('',(1.0,0.0,6.72256846544206E-15));
#3994=ORIENTED_EDGE('',*,*,#4660,.T.);
#3995=ORIENTED_EDGE('',*,*,#4680,.T.);
#3996=ORIENTED_EDGE('',*,*,#4662,.T.);
#3997=ORIENTED_EDGE('',*,*,#4678,.T.);
#3998=CARTESIAN_POINT('',(0.0410400000000006,0.106055243686557,-0.0428447075430543));
#3999=DIRECTION('',(6.72256846544206E-15,-1.21904560609037E-29,-1.0));
#4000=DIRECTION('',(1.0,0.0,6.72256846544206E-15));
#4001=FILL_AREA_STYLE_COLOUR('',#4729);
#4002=FILL_AREA_STYLE_COLOUR('',#4730);
#4003=FILL_AREA_STYLE_COLOUR('',#4731);
#4004=FILL_AREA_STYLE_COLOUR('',#4732);
#4005=FILL_AREA_STYLE_COLOUR('',#4733);
#4006=EDGE_CURVE('',#4734,#4735,#4736,.T.);
#4007=EDGE_CURVE('0:1058',#4737,#4734,#4738,.T.);
#4008=EDGE_CURVE('',#4739,#4737,#4740,.T.);
#4009=EDGE_CURVE('0:1061',#4739,#4741,#4742,.T.);
#4010=EDGE_CURVE('0:1061',#4741,#4735,#4743,.T.);
#4011=EDGE_CURVE('',#4744,#4745,#4746,.T.);
#4012=EDGE_CURVE('0:1055',#4745,#4747,#4748,.T.);
#4013=EDGE_CURVE('0:392',#4747,#4749,#4750,.T.);
#4014=EDGE_CURVE('0:704',#4744,#4749,#4751,.T.);
#4015=EDGE_CURVE('',#4752,#4753,#4754,.T.);
#4016=EDGE_CURVE('0:713',#4752,#4755,#4756,.T.);
#4017=EDGE_CURVE('0:1055',#4755,#4745,#4757,.T.);
#4018=EDGE_CURVE('0:704',#4758,#4744,#4759,.T.);
#4019=EDGE_CURVE('0:548',#4758,#4760,#4761,.T.);
#4020=EDGE_CURVE('0:878',#4753,#4760,#4762,.T.);
#4021=EDGE_CURVE('',#4763,#4745,#4764,.T.);
#4022=EDGE_CURVE('0:716',#4763,#4765,#4766,.T.);
#4023=EDGE_CURVE('0:395',#4765,#4747,#4767,.T.);
#4024=EDGE_CURVE('',#4768,#4769,#4770,.T.);
#4025=EDGE_CURVE('0:1040',#4768,#4771,#4772,.T.);
#4026=EDGE_CURVE('',#4773,#4771,#4774,.T.);
#4027=EDGE_CURVE('0:1052',#4775,#4773,#4776,.F.);
#4028=EDGE_CURVE('0:1043',#4775,#4777,#4778,.T.);
#4029=EDGE_CURVE('0:1046',#4777,#4769,#4779,.T.);
#4030=EDGE_CURVE('',#4780,#4781,#4782,.T.);
#4031=EDGE_CURVE('0:977',#4783,#4780,#4784,.T.);
#4032=EDGE_CURVE('0:980',#4785,#4783,#4786,.T.);
#4033=EDGE_CURVE('0:986',#4787,#4785,#4788,.T.);
#4034=EDGE_CURVE('0:989',#4781,#4787,#4789,.T.);
#4035=EDGE_CURVE('',#4790,#4791,#4792,.T.);
#4036=EDGE_CURVE('0:968',#4793,#4790,#4794,.T.);
#4037=EDGE_CURVE('0:971',#4795,#4793,#4796,.T.);
#4038=EDGE_CURVE('0:974',#4795,#4797,#4798,.F.);
#4039=EDGE_CURVE('0:962',#4791,#4797,#4799,.T.);
#4040=EDGE_CURVE('',#4800,#4801,#4802,.T.);
#4041=EDGE_CURVE('0:905',#4803,#4800,#4804,.T.);
#4042=EDGE_CURVE('',#4805,#4803,#4806,.T.);
#4043=EDGE_CURVE('0:743',#4801,#4805,#4807,.T.);
#4044=EDGE_CURVE('',#4808,#4809,#4810,.T.);
#4045=EDGE_CURVE('0:887',#4808,#4811,#4812,.T.);
#4046=EDGE_CURVE('0:899',#4811,#4813,#4814,.F.);
#4047=EDGE_CURVE('0:893',#4809,#4813,#4815,.T.);
#4048=EDGE_CURVE('',#4816,#4817,#4818,.T.);
#4049=EDGE_CURVE('0:884',#4819,#4816,#4820,.T.);
#4050=EDGE_CURVE('0:902',#4821,#4819,#4822,.F.);
#4051=EDGE_CURVE('0:890',#4823,#4821,#4824,.T.);
#4052=EDGE_CURVE('0:419',#4823,#4825,#4826,.T.);
#4053=EDGE_CURVE('0:881',#4817,#4825,#4827,.T.);
#4054=EDGE_CURVE('',#4809,#4828,#4829,.T.);
#4055=EDGE_CURVE('0:896',#4813,#4830,#4831,.T.);
#4056=EDGE_CURVE('0:530',#4830,#4832,#4833,.T.);
#4057=EDGE_CURVE('0:830',#4828,#4832,#4834,.T.);
#4058=EDGE_CURVE('',#4808,#4816,#4835,.T.);
#4059=EDGE_CURVE('0:887',#4819,#4808,#4836,.T.);
#4060=EDGE_CURVE('',#4837,#4817,#4838,.T.);
#4061=EDGE_CURVE('0:857',#4837,#4839,#4840,.T.);
#4062=EDGE_CURVE('0:536',#4839,#4841,#4842,.T.);
#4063=EDGE_CURVE('0:881',#4841,#4817,#4843,.T.);
#4064=EDGE_CURVE('',#4844,#4845,#4846,.T.);
#4065=EDGE_CURVE('0:860',#4847,#4844,#4848,.T.);
#4066=EDGE_CURVE('0:410',#4847,#4849,#4850,.T.);
#4067=EDGE_CURVE('0:875',#4851,#4849,#4852,.T.);
#4068=EDGE_CURVE('0:851',#4853,#4851,#4854,.F.);
#4069=EDGE_CURVE('0:863',#4845,#4853,#4855,.T.);
#4070=EDGE_CURVE('',#4753,#4856,#4857,.T.);
#4071=EDGE_CURVE('0:545',#4760,#4858,#4859,.T.);
#4072=EDGE_CURVE('0:872',#4858,#4860,#4861,.T.);
#4073=EDGE_CURVE('0:836',#4860,#4862,#4863,.F.);
#4074=EDGE_CURVE('0:869',#4856,#4862,#4864,.T.);
#4075=EDGE_CURVE('',#4856,#4865,#4866,.T.);
#4076=EDGE_CURVE('0:833',#4862,#4867,#4868,.T.);
#4077=EDGE_CURVE('0:866',#4865,#4867,#4869,.T.);
#4078=EDGE_CURVE('',#4865,#4845,#4870,.T.);
#4079=EDGE_CURVE('0:842',#4867,#4871,#4872,.T.);
#4080=EDGE_CURVE('0:863',#4871,#4845,#4873,.T.);
#4081=EDGE_CURVE('',#4844,#4837,#4874,.T.);
#4082=EDGE_CURVE('0:860',#4844,#4875,#4876,.T.);
#4083=EDGE_CURVE('0:539',#4875,#4839,#4877,.T.);
#4084=EDGE_CURVE('',#4878,#4879,#4880,.T.);
#4085=EDGE_CURVE('0:812',#4881,#4878,#4882,.T.);
#4086=EDGE_CURVE('0:428',#4881,#4883,#4884,.T.);
#4087=EDGE_CURVE('0:827',#4885,#4883,#4886,.T.);
#4088=EDGE_CURVE('0:806',#4887,#4885,#4888,.F.);
#4089=EDGE_CURVE('0:815',#4879,#4887,#4889,.T.);
#4090=EDGE_CURVE('',#4828,#4890,#4891,.T.);
#4091=EDGE_CURVE('0:527',#4832,#4892,#4893,.T.);
#4092=EDGE_CURVE('0:824',#4892,#4894,#4895,.T.);
#4093=EDGE_CURVE('0:791',#4894,#4896,#4897,.F.);
#4094=EDGE_CURVE('0:821',#4890,#4896,#4898,.T.);
#4095=EDGE_CURVE('',#4890,#4899,#4900,.T.);
#4096=EDGE_CURVE('0:788',#4896,#4901,#4902,.T.);
#4097=EDGE_CURVE('0:818',#4899,#4901,#4903,.T.);
#4098=EDGE_CURVE('',#4899,#4879,#4904,.T.);
#4099=EDGE_CURVE('0:797',#4901,#4905,#4906,.T.);
#4100=EDGE_CURVE('0:815',#4905,#4879,#4907,.T.);
#4101=EDGE_CURVE('',#4878,#4908,#4909,.T.);
#4102=EDGE_CURVE('0:812',#4878,#4910,#4911,.T.);
#4103=EDGE_CURVE('0:521',#4910,#4912,#4913,.T.);
#4104=EDGE_CURVE('0:785',#4908,#4912,#4914,.T.);
#4105=EDGE_CURVE('',#4915,#4916,#4917,.T.);
#4106=EDGE_CURVE('0:779',#4918,#4915,#4919,.T.);
#4107=EDGE_CURVE('0:437',#4918,#4920,#4921,.T.);
#4108=EDGE_CURVE('0:782',#4916,#4920,#4922,.T.);
#4109=EDGE_CURVE('',#4908,#4916,#4923,.T.);
#4110=EDGE_CURVE('0:518',#4912,#4924,#4925,.T.);
#4111=EDGE_CURVE('0:782',#4924,#4916,#4926,.T.);
#4112=EDGE_CURVE('',#4915,#4927,#4928,.T.);
#4113=EDGE_CURVE('0:779',#4915,#4929,#4930,.T.);
#4114=EDGE_CURVE('0:512',#4929,#4931,#4932,.T.);
#4115=EDGE_CURVE('0:776',#4927,#4931,#4933,.T.);
#4116=EDGE_CURVE('',#4934,#4935,#4936,.T.);
#4117=EDGE_CURVE('0:770',#4937,#4934,#4938,.T.);
#4118=EDGE_CURVE('0:446',#4937,#4939,#4940,.T.);
#4119=EDGE_CURVE('0:773',#4935,#4939,#4941,.T.);
#4120=EDGE_CURVE('',#4927,#4935,#4942,.T.);
#4121=EDGE_CURVE('0:509',#4931,#4943,#4944,.T.);
#4122=EDGE_CURVE('0:773',#4943,#4935,#4945,.T.);
#4123=EDGE_CURVE('',#4934,#4946,#4947,.T.);
#4124=EDGE_CURVE('0:770',#4934,#4948,#4949,.T.);
#4125=EDGE_CURVE('0:503',#4948,#4950,#4951,.T.);
#4126=EDGE_CURVE('0:767',#4946,#4950,#4952,.T.);
#4127=EDGE_CURVE('',#4953,#4954,#4955,.T.);
#4128=EDGE_CURVE('0:761',#4956,#4953,#4957,.T.);
#4129=EDGE_CURVE('0:455',#4956,#4958,#4959,.T.);
#4130=EDGE_CURVE('0:764',#4954,#4958,#4960,.T.);
#4131=EDGE_CURVE('',#4946,#4954,#4961,.T.);
#4132=EDGE_CURVE('0:500',#4950,#4962,#4963,.T.);
#4133=EDGE_CURVE('0:764',#4962,#4954,#4964,.T.);
#4134=EDGE_CURVE('',#4953,#4965,#4966,.T.);
#4135=EDGE_CURVE('0:761',#4953,#4967,#4968,.T.);
#4136=EDGE_CURVE('0:494',#4967,#4969,#4970,.T.);
#4137=EDGE_CURVE('0:758',#4965,#4969,#4971,.T.);
#4138=EDGE_CURVE('',#4972,#4973,#4974,.T.);
#4139=EDGE_CURVE('0:752',#4975,#4972,#4976,.T.);
#4140=EDGE_CURVE('0:464',#4975,#4977,#4978,.T.);
#4141=EDGE_CURVE('0:755',#4973,#4977,#4979,.T.);
#4142=EDGE_CURVE('',#4965,#4973,#4980,.T.);
#4143=EDGE_CURVE('0:491',#4969,#4981,#4982,.T.);
#4144=EDGE_CURVE('0:755',#4981,#4973,#4983,.T.);
#4145=EDGE_CURVE('',#4972,#4984,#4985,.T.);
#4146=EDGE_CURVE('0:752',#4972,#4986,#4987,.T.);
#4147=EDGE_CURVE('0:485',#4986,#4988,#4989,.T.);
#4148=EDGE_CURVE('0:749',#4984,#4988,#4990,.T.);
#4149=EDGE_CURVE('',#4991,#4992,#4993,.T.);
#4150=EDGE_CURVE('0:635',#4994,#4991,#4995,.T.);
#4151=EDGE_CURVE('0:473',#4994,#4996,#4997,.T.);
#4152=EDGE_CURVE('0:746',#4992,#4996,#4998,.T.);
#4153=EDGE_CURVE('',#4984,#4992,#4999,.T.);
#4154=EDGE_CURVE('0:482',#4988,#5000,#5001,.T.);
#4155=EDGE_CURVE('0:746',#5000,#4992,#5002,.T.);
#4156=EDGE_CURVE('',#5003,#4752,#5004,.T.);
#4157=EDGE_CURVE('0:707',#5003,#5005,#5006,.T.);
#4158=EDGE_CURVE('0:710',#5005,#4755,#5007,.T.);
#4159=EDGE_CURVE('',#5008,#4744,#5009,.T.);
#4160=EDGE_CURVE('0:701',#5008,#5010,#5011,.T.);
#4161=EDGE_CURVE('0:551',#5010,#4758,#5012,.T.);
#4162=EDGE_CURVE('',#5008,#5013,#5014,.T.);
#4163=EDGE_CURVE('0:701',#5015,#5008,#5016,.T.);
#4164=EDGE_CURVE('0:386',#5015,#5017,#5018,.T.);
#4165=EDGE_CURVE('0:698',#5013,#5017,#5019,.T.);
#4166=EDGE_CURVE('',#5020,#5013,#5021,.T.);
#4167=EDGE_CURVE('0:695',#5022,#5020,#5023,.T.);
#4168=EDGE_CURVE('0:557',#5022,#5024,#5025,.T.);
#4169=EDGE_CURVE('0:698',#5024,#5013,#5026,.T.);
#4170=EDGE_CURVE('',#5027,#5020,#5028,.T.);
#4171=EDGE_CURVE('0:692',#5027,#5029,#5030,.T.);
#4172=EDGE_CURVE('0:560',#5029,#5022,#5031,.T.);
#4173=EDGE_CURVE('',#5027,#5032,#5033,.T.);
#4174=EDGE_CURVE('0:692',#5034,#5027,#5035,.T.);
#4175=EDGE_CURVE('0:377',#5034,#5036,#5037,.T.);
#4176=EDGE_CURVE('0:689',#5032,#5036,#5038,.T.);
#4177=EDGE_CURVE('',#5039,#5032,#5040,.T.);
#4178=EDGE_CURVE('0:686',#5041,#5039,#5042,.T.);
#4179=EDGE_CURVE('0:566',#5041,#5043,#5044,.T.);
#4180=EDGE_CURVE('0:689',#5043,#5032,#5045,.T.);
#4181=EDGE_CURVE('',#5046,#5039,#5047,.T.);
#4182=EDGE_CURVE('0:683',#5046,#5048,#5049,.T.);
#4183=EDGE_CURVE('0:569',#5048,#5041,#5050,.T.);
#4184=EDGE_CURVE('',#5046,#5051,#5052,.T.);
#4185=EDGE_CURVE('0:683',#5053,#5046,#5054,.T.);
#4186=EDGE_CURVE('0:368',#5053,#5055,#5056,.T.);
#4187=EDGE_CURVE('0:680',#5051,#5055,#5057,.T.);
#4188=EDGE_CURVE('',#5058,#5051,#5059,.T.);
#4189=EDGE_CURVE('0:677',#5060,#5058,#5061,.T.);
#4190=EDGE_CURVE('0:575',#5060,#5062,#5063,.T.);
#4191=EDGE_CURVE('0:680',#5062,#5051,#5064,.T.);
#4192=EDGE_CURVE('',#5065,#5058,#5066,.T.);
#4193=EDGE_CURVE('0:674',#5065,#5067,#5068,.T.);
#4194=EDGE_CURVE('0:578',#5067,#5060,#5069,.T.);
#4195=EDGE_CURVE('',#5065,#5070,#5071,.T.);
#4196=EDGE_CURVE('0:674',#5072,#5065,#5073,.T.);
#4197=EDGE_CURVE('0:359',#5072,#5074,#5075,.T.);
#4198=EDGE_CURVE('0:671',#5070,#5074,#5076,.T.);
#4199=EDGE_CURVE('',#5077,#5070,#5078,.T.);
#4200=EDGE_CURVE('0:668',#5079,#5077,#5080,.T.);
#4201=EDGE_CURVE('0:584',#5079,#5081,#5082,.T.);
#4202=EDGE_CURVE('0:671',#5081,#5070,#5083,.T.);
#4203=EDGE_CURVE('',#5084,#5077,#5085,.T.);
#4204=EDGE_CURVE('0:665',#5084,#5086,#5087,.T.);
#4205=EDGE_CURVE('0:587',#5086,#5079,#5088,.T.);
#4206=EDGE_CURVE('',#5084,#5089,#5090,.T.);
#4207=EDGE_CURVE('0:665',#5091,#5084,#5092,.T.);
#4208=EDGE_CURVE('0:350',#5091,#5093,#5094,.T.);
#4209=EDGE_CURVE('0:662',#5089,#5093,#5095,.T.);
#4210=EDGE_CURVE('',#5096,#5089,#5097,.T.);
#4211=EDGE_CURVE('0:659',#5098,#5096,#5099,.T.);
#4212=EDGE_CURVE('0:593',#5098,#5100,#5101,.T.);
#4213=EDGE_CURVE('0:662',#5100,#5089,#5102,.T.);
#4214=EDGE_CURVE('',#5103,#5096,#5104,.T.);
#4215=EDGE_CURVE('0:656',#5103,#5105,#5106,.T.);
#4216=EDGE_CURVE('0:596',#5105,#5098,#5107,.T.);
#4217=EDGE_CURVE('',#5103,#5108,#5109,.T.);
#4218=EDGE_CURVE('0:656',#5110,#5103,#5111,.T.);
#4219=EDGE_CURVE('0:341',#5110,#5112,#5113,.T.);
#4220=EDGE_CURVE('0:653',#5108,#5112,#5114,.T.);
#4221=EDGE_CURVE('',#5115,#5108,#5116,.T.);
#4222=EDGE_CURVE('0:650',#5117,#5115,#5118,.T.);
#4223=EDGE_CURVE('0:602',#5117,#5119,#5120,.T.);
#4224=EDGE_CURVE('0:653',#5119,#5108,#5121,.T.);
#4225=EDGE_CURVE('',#5122,#5115,#5123,.T.);
#4226=EDGE_CURVE('0:647',#5122,#5124,#5125,.T.);
#4227=EDGE_CURVE('0:605',#5124,#5117,#5126,.T.);
#4228=EDGE_CURVE('',#5122,#5127,#5128,.T.);
#4229=EDGE_CURVE('0:647',#5129,#5122,#5130,.T.);
#4230=EDGE_CURVE('0:332',#5129,#5131,#5132,.T.);
#4231=EDGE_CURVE('0:644',#5127,#5131,#5133,.T.);
#4232=EDGE_CURVE('',#5134,#5127,#5135,.T.);
#4233=EDGE_CURVE('0:641',#5136,#5134,#5137,.T.);
#4234=EDGE_CURVE('0:611',#5136,#5138,#5139,.T.);
#4235=EDGE_CURVE('0:644',#5138,#5127,#5140,.T.);
#4236=EDGE_CURVE('',#5141,#5134,#5142,.T.);
#4237=EDGE_CURVE('0:638',#5141,#5143,#5144,.T.);
#4238=EDGE_CURVE('0:614',#5143,#5136,#5145,.T.);
#4239=EDGE_CURVE('',#5141,#5146,#5147,.T.);
#4240=EDGE_CURVE('0:638',#5148,#5141,#5149,.T.);
#4241=EDGE_CURVE('0:323',#5148,#5150,#5151,.T.);
#4242=EDGE_CURVE('0:626',#5146,#5150,#5152,.T.);
#4243=EDGE_CURVE('',#4991,#5153,#5154,.T.);
#4244=EDGE_CURVE('0:635',#4991,#5155,#5156,.T.);
#4245=EDGE_CURVE('0:476',#5155,#5157,#5158,.T.);
#4246=EDGE_CURVE('0:632',#5153,#5157,#5159,.T.);
#4247=EDGE_CURVE('',#5160,#5146,#5161,.T.);
#4248=EDGE_CURVE('0:629',#5162,#5160,#5163,.T.);
#4249=EDGE_CURVE('0:620',#5162,#5164,#5165,.T.);
#4250=EDGE_CURVE('0:626',#5164,#5146,#5166,.T.);
#4251=EDGE_CURVE('0:314',#5167,#4994,#5168,.T.);
#4252=EDGE_CURVE('0:317',#5169,#5167,#5170,.T.);
#4253=EDGE_CURVE('0:320',#5150,#5169,#5171,.T.);
#4254=EDGE_CURVE('0:326',#5172,#5148,#5173,.T.);
#4255=EDGE_CURVE('0:329',#5131,#5172,#5174,.T.);
#4256=EDGE_CURVE('0:335',#5175,#5129,#5176,.T.);
#4257=EDGE_CURVE('0:338',#5112,#5175,#5177,.T.);
#4258=EDGE_CURVE('0:344',#5178,#5110,#5179,.T.);
#4259=EDGE_CURVE('0:347',#5093,#5178,#5180,.T.);
#4260=EDGE_CURVE('0:353',#5181,#5091,#5182,.T.);
#4261=EDGE_CURVE('0:356',#5074,#5181,#5183,.T.);
#4262=EDGE_CURVE('0:362',#5184,#5072,#5185,.T.);
#4263=EDGE_CURVE('0:365',#5055,#5184,#5186,.T.);
#4264=EDGE_CURVE('0:371',#5187,#5053,#5188,.T.);
#4265=EDGE_CURVE('0:374',#5036,#5187,#5189,.T.);
#4266=EDGE_CURVE('0:380',#5190,#5034,#5191,.T.);
#4267=EDGE_CURVE('0:383',#5017,#5190,#5192,.T.);
#4268=EDGE_CURVE('0:389',#4749,#5015,#5193,.T.);
#4269=EDGE_CURVE('0:398',#5194,#4765,#5195,.T.);
#4270=EDGE_CURVE('0:401',#5196,#5194,#5197,.T.);
#4271=EDGE_CURVE('0:404',#5198,#5196,#5199,.T.);
#4272=EDGE_CURVE('0:407',#4849,#5198,#5200,.T.);
#4273=EDGE_CURVE('0:413',#5201,#4847,#5202,.T.);
#4274=EDGE_CURVE('0:416',#4825,#5201,#5203,.T.);
#4275=EDGE_CURVE('0:422',#5204,#4823,#5205,.T.);
#4276=EDGE_CURVE('0:425',#4883,#5204,#5206,.T.);
#4277=EDGE_CURVE('0:431',#5207,#4881,#5208,.T.);
#4278=EDGE_CURVE('0:434',#4920,#5207,#5209,.T.);
#4279=EDGE_CURVE('0:440',#5210,#4918,#5211,.T.);
#4280=EDGE_CURVE('0:443',#4939,#5210,#5212,.T.);
#4281=EDGE_CURVE('0:449',#5213,#4937,#5214,.T.);
#4282=EDGE_CURVE('0:452',#4958,#5213,#5215,.T.);
#4283=EDGE_CURVE('0:458',#5216,#4956,#5217,.T.);
#4284=EDGE_CURVE('0:461',#4977,#5216,#5218,.T.);
#4285=EDGE_CURVE('0:467',#5219,#4975,#5220,.T.);
#4286=EDGE_CURVE('0:470',#4996,#5219,#5221,.T.);
#4287=EDGE_CURVE('0:479',#5000,#5155,#5222,.T.);
#4288=EDGE_CURVE('0:488',#4981,#4986,#5223,.T.);
#4289=EDGE_CURVE('0:497',#4962,#4967,#5224,.T.);
#4290=EDGE_CURVE('0:506',#4943,#4948,#5225,.T.);
#4291=EDGE_CURVE('0:515',#4924,#4929,#5226,.T.);
#4292=EDGE_CURVE('0:524',#4892,#4910,#5227,.T.);
#4293=EDGE_CURVE('0:533',#4841,#4830,#5228,.T.);
#4294=EDGE_CURVE('0:542',#4858,#4875,#5229,.T.);
#4295=EDGE_CURVE('0:554',#5024,#5010,#5230,.T.);
#4296=EDGE_CURVE('0:563',#5043,#5029,#5231,.T.);
#4297=EDGE_CURVE('0:572',#5062,#5048,#5232,.T.);
#4298=EDGE_CURVE('0:581',#5081,#5067,#5233,.T.);
#4299=EDGE_CURVE('0:590',#5100,#5086,#5234,.T.);
#4300=EDGE_CURVE('0:599',#5119,#5105,#5235,.T.);
#4301=EDGE_CURVE('0:608',#5138,#5124,#5236,.T.);
#4302=EDGE_CURVE('0:617',#5164,#5143,#5237,.T.);
#4303=EDGE_CURVE('0:623',#5157,#5162,#5238,.T.);
#4304=EDGE_CURVE('0:629',#5160,#5169,#5239,.T.);
#4305=EDGE_CURVE('0:632',#5167,#5153,#5240,.T.);
#4306=EDGE_CURVE('0:641',#5134,#5172,#5241,.T.);
#4307=EDGE_CURVE('0:650',#5115,#5175,#5242,.T.);
#4308=EDGE_CURVE('0:659',#5096,#5178,#5243,.T.);
#4309=EDGE_CURVE('0:668',#5077,#5181,#5244,.T.);
#4310=EDGE_CURVE('0:677',#5058,#5184,#5245,.T.);
#4311=EDGE_CURVE('0:686',#5039,#5187,#5246,.T.);
#4312=EDGE_CURVE('0:695',#5020,#5190,#5247,.T.);
#4313=EDGE_CURVE('0:713',#5196,#4752,#5248,.T.);
#4314=EDGE_CURVE('0:707',#5194,#5003,#5249,.T.);
#4315=EDGE_CURVE('0:716',#5005,#4763,#5250,.T.);
#4316=EDGE_CURVE('0:719',#5251,#5252,#5253,.T.);
#4317=EDGE_CURVE('0:722',#5252,#5254,#5255,.T.);
#4318=EDGE_CURVE('0:725',#5254,#5256,#5257,.T.);
#4319=EDGE_CURVE('0:728',#5256,#5251,#5258,.T.);
#4320=EDGE_CURVE('0:731',#5259,#5260,#5261,.T.);
#4321=EDGE_CURVE('0:734',#5260,#5262,#5263,.T.);
#4322=EDGE_CURVE('0:737',#5262,#5264,#5265,.T.);
#4323=EDGE_CURVE('0:740',#5264,#5259,#5266,.T.);
#4324=EDGE_CURVE('0:743',#4805,#4801,#5267,.T.);
#4325=EDGE_CURVE('0:749',#5219,#4984,#5268,.T.);
#4326=EDGE_CURVE('0:758',#5216,#4965,#5269,.T.);
#4327=EDGE_CURVE('0:767',#5213,#4946,#5270,.T.);
#4328=EDGE_CURVE('0:776',#5210,#4927,#5271,.T.);
#4329=EDGE_CURVE('0:785',#5207,#4908,#5272,.T.);
#4330=EDGE_CURVE('0:794',#4894,#4905,#5273,.F.);
#4331=EDGE_CURVE('0:800',#5274,#5275,#5276,.T.);
#4332=EDGE_CURVE('0:803',#5274,#4887,#5277,.T.);
#4333=EDGE_CURVE('0:809',#5275,#4885,#5278,.F.);
#4334=EDGE_CURVE('0:818',#5274,#4899,#5279,.T.);
#4335=EDGE_CURVE('0:821',#5275,#4890,#5280,.T.);
#4336=EDGE_CURVE('0:830',#5204,#4828,#5281,.T.);
#4337=EDGE_CURVE('0:839',#4860,#4871,#5282,.F.);
#4338=EDGE_CURVE('0:845',#5283,#5284,#5285,.T.);
#4339=EDGE_CURVE('0:848',#5283,#4853,#5286,.T.);
#4340=EDGE_CURVE('0:854',#5284,#4851,#5287,.F.);
#4341=EDGE_CURVE('0:857',#5201,#4837,#5288,.T.);
#4342=EDGE_CURVE('0:866',#5283,#4865,#5289,.T.);
#4343=EDGE_CURVE('0:869',#5284,#4856,#5290,.T.);
#4344=EDGE_CURVE('0:878',#5198,#4753,#5291,.T.);
#4345=EDGE_CURVE('0:884',#4816,#4811,#5292,.T.);
#4346=EDGE_CURVE('0:893',#4821,#4809,#5293,.T.);
#4347=EDGE_CURVE('0:905',#4800,#4803,#5294,.T.);
#4348=EDGE_CURVE('0:908',#5295,#5296,#5297,.T.);
#4349=EDGE_CURVE('0:911',#5296,#5298,#5299,.T.);
#4350=EDGE_CURVE('0:914',#5298,#5300,#5301,.T.);
#4351=EDGE_CURVE('0:917',#5300,#5302,#5303,.T.);
#4352=EDGE_CURVE('0:920',#5302,#5304,#5305,.T.);
#4353=EDGE_CURVE('0:923',#5304,#5306,#5307,.T.);
#4354=EDGE_CURVE('0:926',#5306,#5308,#5309,.T.);
#4355=EDGE_CURVE('0:929',#5308,#5295,#5310,.T.);
#4356=EDGE_CURVE('0:932',#5300,#5311,#5312,.T.);
#4357=EDGE_CURVE('0:935',#5313,#5311,#5314,.T.);
#4358=EDGE_CURVE('0:938',#5315,#5313,#5316,.T.);
#4359=EDGE_CURVE('0:941',#5317,#5315,#5318,.T.);
#4360=EDGE_CURVE('0:944',#5319,#5317,#5320,.T.);
#4361=EDGE_CURVE('0:947',#5321,#5319,#5322,.T.);
#4362=EDGE_CURVE('0:950',#5295,#5321,#5323,.T.);
#4363=EDGE_CURVE('0:953',#5324,#5308,#5325,.T.);
#4364=EDGE_CURVE('0:956',#5326,#5324,#5327,.T.);
#4365=EDGE_CURVE('0:959',#5326,#5302,#5328,.T.);
#4366=EDGE_CURVE('0:962',#5329,#4791,#5330,.T.);
#4367=EDGE_CURVE('0:965',#5331,#5329,#5332,.T.);
#4368=EDGE_CURVE('0:968',#4790,#5331,#5333,.T.);
#4369=EDGE_CURVE('0:989',#5334,#4781,#5335,.T.);
#4370=EDGE_CURVE('0:992',#5336,#5334,#5337,.T.);
#4371=EDGE_CURVE('0:977',#4780,#5336,#5338,.T.);
#4372=EDGE_CURVE('0:995',#5329,#5254,#5339,.F.);
#4373=EDGE_CURVE('0:998',#4797,#4783,#5340,.T.);
#4374=EDGE_CURVE('0:1001',#5336,#5256,#5341,.F.);
#4375=EDGE_CURVE('0:1004',#5252,#5331,#5342,.F.);
#4376=EDGE_CURVE('0:1007',#5334,#5251,#5343,.T.);
#4377=EDGE_CURVE('0:1010',#5344,#5345,#5346,.T.);
#4378=EDGE_CURVE('0:1013',#5344,#4795,#5347,.T.);
#4379=EDGE_CURVE('0:1016',#4793,#5345,#5348,.T.);
#4380=EDGE_CURVE('0:1019',#5349,#4787,#5350,.F.);
#4381=EDGE_CURVE('0:1022',#5345,#5349,#5351,.T.);
#4382=EDGE_CURVE('0:1025',#5352,#5344,#5353,.T.);
#4383=EDGE_CURVE('0:1028',#4785,#5352,#5354,.T.);
#4384=EDGE_CURVE('0:1037',#5349,#5352,#5355,.T.);
#4385=EDGE_CURVE('0:1046',#4769,#5356,#5357,.T.);
#4386=EDGE_CURVE('0:1049',#5356,#5358,#5359,.T.);
#4387=EDGE_CURVE('0:1052',#4773,#5358,#5360,.F.);
#4388=EDGE_CURVE('0:1040',#4771,#4768,#5361,.T.);
#4389=EDGE_CURVE('0:1058',#4734,#4737,#5362,.T.);
#4390=EDGE_CURVE('0:1061',#4735,#4739,#5363,.T.);
#4391=EDGE_CURVE('0:1064',#5358,#5364,#5365,.T.);
#4392=EDGE_CURVE('0:1067',#5324,#5356,#5366,.T.);
#4393=EDGE_CURVE('0:1070',#5364,#5306,#5367,.T.);
#4394=EDGE_CURVE('0:1073',#4777,#5326,#5368,.T.);
#4395=EDGE_CURVE('0:1076',#4775,#5304,#5369,.T.);
#4396=EDGE_CURVE('0:1079',#5364,#4775,#5370,.T.);
#4397=EDGE_CURVE('0:1082',#5371,#5259,#5372,.F.);
#4398=EDGE_CURVE('0:1085',#5371,#5373,#5374,.T.);
#4399=EDGE_CURVE('0:1088',#5260,#5373,#5375,.T.);
#4400=EDGE_CURVE('0:1091',#5264,#5376,#5377,.F.);
#4401=EDGE_CURVE('0:1094',#5315,#5376,#5378,.F.);
#4402=EDGE_CURVE('0:1097',#5313,#5379,#5380,.T.);
#4403=EDGE_CURVE('0:1100',#5379,#5381,#5382,.T.);
#4404=EDGE_CURVE('0:1103',#5371,#5381,#5383,.F.);
#4405=EDGE_CURVE('0:1106',#5384,#5373,#5385,.F.);
#4406=EDGE_CURVE('0:1109',#5384,#5386,#5387,.T.);
#4407=EDGE_CURVE('0:1112',#5386,#5319,#5388,.T.);
#4408=EDGE_CURVE('0:1115',#5389,#5317,#5390,.F.);
#4409=EDGE_CURVE('0:1118',#5389,#5262,#5391,.T.);
#4410=EDGE_CURVE('0:1121',#5389,#5376,#5392,.T.);
#4411=EDGE_CURVE('0:1124',#5298,#5393,#5394,.T.);
#4412=EDGE_CURVE('0:1127',#5311,#5393,#5395,.T.);
#4413=EDGE_CURVE('0:1130',#5396,#5321,#5397,.T.);
#4414=EDGE_CURVE('0:1133',#5296,#5396,#5398,.T.);
#4415=EDGE_CURVE('0:1136',#5386,#5396,#5399,.T.);
#4416=EDGE_CURVE('0:1139',#5381,#5384,#5400,.T.);
#4417=EDGE_CURVE('0:1142',#5393,#5379,#5401,.T.);
#4418=EDGE_CURVE('',#5402,#5403,#5404,.T.);
#4419=EDGE_CURVE('58:3863',#5402,#5405,#5406,.T.);
#4420=EDGE_CURVE('',#5407,#5405,#5408,.T.);
#4421=EDGE_CURVE('58:3854',#5407,#5403,#5409,.T.);
#4422=EDGE_CURVE('',#5410,#5411,#5412,.T.);
#4423=EDGE_CURVE('58:3860',#5410,#5413,#5414,.T.);
#4424=EDGE_CURVE('',#5415,#5413,#5416,.T.);
#4425=EDGE_CURVE('58:3857',#5415,#5411,#5417,.T.);
#4426=EDGE_CURVE('',#5418,#5407,#5419,.T.);
#4427=EDGE_CURVE('58:3851',#5418,#5420,#5421,.T.);
#4428=EDGE_CURVE('',#5403,#5420,#5422,.T.);
#4429=EDGE_CURVE('',#5423,#5424,#5425,.T.);
#4430=EDGE_CURVE('59:14871',#5423,#5426,#5427,.T.);
#4431=EDGE_CURVE('',#5428,#5426,#5429,.T.);
#4432=EDGE_CURVE('59:10326',#5428,#5424,#5430,.T.);
#4433=EDGE_CURVE('',#5431,#5432,#5433,.T.);
#4434=EDGE_CURVE('59:14817',#5431,#5434,#5435,.T.);
#4435=EDGE_CURVE('59:14805',#5434,#5436,#5437,.T.);
#4436=EDGE_CURVE('59:14811',#5436,#5432,#5438,.T.);
#4437=EDGE_CURVE('',#5439,#5440,#5441,.T.);
#4438=EDGE_CURVE('59:18390',#5439,#5442,#5443,.T.);
#4439=EDGE_CURVE('59:18399',#5442,#5444,#5445,.T.);
#4440=EDGE_CURVE('59:18396',#5444,#5440,#5446,.T.);
#4441=EDGE_CURVE('',#5447,#5448,#5449,.T.);
#4442=EDGE_CURVE('59:18739',#5447,#5450,#5451,.T.);
#4443=EDGE_CURVE('59:19475',#5450,#5452,#5453,.T.);
#4444=EDGE_CURVE('59:19496',#5452,#5448,#5454,.T.);
#4445=EDGE_CURVE('',#5455,#5456,#5457,.T.);
#4446=EDGE_CURVE('59:14868',#5455,#5458,#5459,.T.);
#4447=EDGE_CURVE('',#5460,#5458,#5461,.T.);
#4448=EDGE_CURVE('59:19947',#5460,#5456,#5462,.T.);
#4449=EDGE_CURVE('',#5463,#5464,#5465,.T.);
#4450=EDGE_CURVE('59:19941',#5463,#5466,#5467,.T.);
#4451=EDGE_CURVE('',#5468,#5466,#5469,.T.);
#4452=EDGE_CURVE('59:19938',#5468,#5464,#5470,.T.);
#4453=EDGE_CURVE('59:19938',#5464,#5468,#5471,.T.);
#4454=EDGE_CURVE('59:19941',#5466,#5463,#5472,.T.);
#4455=EDGE_CURVE('59:19947',#5456,#5460,#5473,.T.);
#4456=EDGE_CURVE('59:14868',#5458,#5455,#5474,.T.);
#4457=EDGE_CURVE('59:19496',#5448,#5475,#5476,.T.);
#4458=EDGE_CURVE('59:19484',#5477,#5475,#5478,.T.);
#4459=EDGE_CURVE('59:18739',#5477,#5447,#5479,.T.);
#4460=EDGE_CURVE('59:19493',#5475,#5480,#5481,.T.);
#4461=EDGE_CURVE('59:19481',#5482,#5480,#5483,.T.);
#4462=EDGE_CURVE('59:18742',#5477,#5482,#5484,.T.);
#4463=EDGE_CURVE('59:19490',#5480,#5485,#5486,.T.);
#4464=EDGE_CURVE('59:19478',#5487,#5485,#5488,.T.);
#4465=EDGE_CURVE('59:18748',#5482,#5487,#5489,.T.);
#4466=EDGE_CURVE('59:19487',#5485,#5452,#5490,.T.);
#4467=EDGE_CURVE('59:18751',#5487,#5450,#5491,.T.);
#4468=EDGE_CURVE('59:11669',#5492,#5444,#5493,.T.);
#4469=EDGE_CURVE('59:11672',#5492,#5494,#5495,.T.);
#4470=EDGE_CURVE('59:11657',#5494,#5496,#5497,.T.);
#4471=EDGE_CURVE('59:18396',#5440,#5496,#5498,.T.);
#4472=EDGE_CURVE('59:18390',#5499,#5439,#5500,.T.);
#4473=EDGE_CURVE('59:11663',#5501,#5499,#5502,.T.);
#4474=EDGE_CURVE('59:14790',#5501,#5503,#5504,.T.);
#4475=EDGE_CURVE('59:11678',#5503,#5442,#5505,.T.);
#4476=EDGE_CURVE('59:18393',#5496,#5499,#5506,.T.);
#4477=EDGE_CURVE('59:14802',#5503,#5436,#5507,.T.);
#4478=EDGE_CURVE('59:14808',#5434,#5492,#5508,.T.);
#4479=EDGE_CURVE('59:14823',#5494,#5509,#5510,.T.);
#4480=EDGE_CURVE('59:14814',#5509,#5511,#5512,.T.);
#4481=EDGE_CURVE('59:14820',#5511,#5501,#5513,.T.);
#4482=EDGE_CURVE('59:14811',#5432,#5511,#5514,.T.);
#4483=EDGE_CURVE('59:14817',#5509,#5431,#5515,.T.);
#4484=EDGE_CURVE('59:14871',#5426,#5423,#5516,.T.);
#4485=EDGE_CURVE('59:10326',#5424,#5428,#5517,.T.);
#4486=EDGE_CURVE('58:3860',#5413,#5410,#5518,.T.);
#4487=EDGE_CURVE('58:3854',#5403,#5407,#5519,.T.);
#4488=EDGE_CURVE('58:3851',#5420,#5418,#5520,.T.);
#4489=EDGE_CURVE('58:3857',#5411,#5415,#5521,.T.);
#4490=EDGE_CURVE('58:3863',#5405,#5402,#5522,.T.);
#4491=EDGE_CURVE('',#5523,#5524,#5525,.T.);
#4492=EDGE_CURVE('59:20208',#5523,#5526,#5527,.T.);
#4493=EDGE_CURVE('59:31381',#5528,#5526,#5529,.F.);
#4494=EDGE_CURVE('59:31103',#5524,#5528,#5530,.T.);
#4495=EDGE_CURVE('',#5531,#5532,#5533,.T.);
#4496=EDGE_CURVE('59:31103',#5534,#5531,#5535,.T.);
#4497=EDGE_CURVE('59:31384',#5534,#5536,#5537,.F.);
#4498=EDGE_CURVE('59:20208',#5536,#5532,#5538,.T.);
#4499=EDGE_CURVE('',#5539,#5540,#5541,.T.);
#4500=EDGE_CURVE('59:29869',#5539,#5542,#5543,.T.);
#4501=EDGE_CURVE('',#5544,#5542,#5545,.T.);
#4502=EDGE_CURVE('59:30591',#5544,#5540,#5546,.T.);
#4503=EDGE_CURVE('',#5547,#5548,#5549,.T.);
#4504=EDGE_CURVE('59:6912',#5547,#5550,#5551,.T.);
#4505=EDGE_CURVE('59:6918',#5550,#5552,#5553,.F.);
#4506=EDGE_CURVE('59:6909',#5552,#5548,#5554,.T.);
#4507=EDGE_CURVE('',#5555,#5556,#5557,.T.);
#4508=EDGE_CURVE('59:9075',#5555,#5558,#5559,.T.);
#4509=EDGE_CURVE('59:6014',#5558,#5560,#5561,.T.);
#4510=EDGE_CURVE('59:9069',#5560,#5556,#5562,.T.);
#4511=EDGE_CURVE('',#5563,#5564,#5565,.T.);
#4512=EDGE_CURVE('63:4971',#5563,#5566,#5567,.T.);
#4513=EDGE_CURVE('59:6020',#5566,#5568,#5569,.T.);
#4514=EDGE_CURVE('59:5987',#5568,#5564,#5570,.T.);
#4515=EDGE_CURVE('63:4994',#5571,#5572,#5573,.T.);
#4516=EDGE_CURVE('63:4981',#5572,#5566,#5574,.F.);
#4517=EDGE_CURVE('63:4971',#5571,#5563,#5575,.T.);
#4518=EDGE_CURVE('59:5987',#5564,#5576,#5577,.T.);
#4519=EDGE_CURVE('59:6017',#5576,#5571,#5578,.T.);
#4520=EDGE_CURVE('63:4984',#5566,#5579,#5580,.F.);
#4521=EDGE_CURVE('59:46171',#5581,#5579,#5582,.T.);
#4522=EDGE_CURVE('60:8446',#5581,#5583,#5584,.T.);
#4523=EDGE_CURVE('60:8720',#5583,#5585,#5586,.T.);
#4524=EDGE_CURVE('60:8681',#5585,#5587,#5588,.T.);
#4525=EDGE_CURVE('60:8663',#5587,#5589,#5590,.T.);
#4526=EDGE_CURVE('60:8672',#5589,#5591,#5592,.T.);
#4527=EDGE_CURVE('60:8724',#5591,#5593,#5594,.T.);
#4528=EDGE_CURVE('60:8455',#5595,#5593,#5596,.T.);
#4529=EDGE_CURVE('59:39159',#5597,#5595,#5598,.T.);
#4530=EDGE_CURVE('59:1985',#5597,#5568,#5599,.F.);
#4531=EDGE_CURVE('60:8675',#5600,#5601,#5602,.T.);
#4532=EDGE_CURVE('60:8666',#5601,#5603,#5604,.T.);
#4533=EDGE_CURVE('60:8684',#5603,#5605,#5606,.T.);
#4534=EDGE_CURVE('60:8712',#5605,#5607,#5608,.T.);
#4535=EDGE_CURVE('60:8434',#5609,#5607,#5610,.T.);
#4536=EDGE_CURVE('59:46174',#5611,#5609,#5612,.T.);
#4537=EDGE_CURVE('59:593',#5613,#5611,#5614,.T.);
#4538=EDGE_CURVE('59:1973',#5613,#5615,#5616,.F.);
#4539=EDGE_CURVE('59:2021',#5615,#5617,#5618,.F.);
#4540=EDGE_CURVE('59:39162',#5619,#5617,#5620,.T.);
#4541=EDGE_CURVE('60:8440',#5619,#5621,#5622,.T.);
#4542=EDGE_CURVE('60:8708',#5621,#5600,#5623,.T.);
#4543=EDGE_CURVE('59:2018',#5624,#5625,#5626,.F.);
#4544=EDGE_CURVE('59:1982',#5625,#5627,#5628,.F.);
#4545=EDGE_CURVE('59:590',#5629,#5627,#5630,.T.);
#4546=EDGE_CURVE('58:7892',#5629,#5624,#5631,.F.);
#4547=EDGE_CURVE('59:39156',#5617,#5597,#5632,.T.);
#4548=EDGE_CURVE('59:1994',#5633,#5615,#5634,.T.);
#4549=EDGE_CURVE('59:6909',#5548,#5633,#5635,.T.);
#4550=EDGE_CURVE('59:1991',#5625,#5552,#5636,.T.);
#4551=EDGE_CURVE('58:7886',#5624,#5558,#5637,.F.);
#4552=EDGE_CURVE('59:9075',#5638,#5555,#5639,.T.);
#4553=EDGE_CURVE('59:1988',#5576,#5638,#5640,.T.);
#4554=EDGE_CURVE('63:5059',#5641,#5571,#5642,.T.);
#4555=EDGE_CURVE('59:9069',#5556,#5641,#5643,.T.);
#4556=EDGE_CURVE('58:7865',#5560,#5629,#5644,.F.);
#4557=EDGE_CURVE('59:6939',#5550,#5627,#5645,.T.);
#4558=EDGE_CURVE('59:6912',#5646,#5547,#5647,.T.);
#4559=EDGE_CURVE('59:6922',#5613,#5646,#5648,.T.);
#4560=EDGE_CURVE('59:39213',#5579,#5611,#5649,.T.);
#4561=EDGE_CURVE('59:5993',#5641,#5638,#5650,.F.);
#4562=EDGE_CURVE('59:6915',#5633,#5646,#5651,.T.);
#4563=EDGE_CURVE('59:31390',#5526,#5652,#5653,.T.);
#4564=EDGE_CURVE('60:57',#5654,#5652,#5655,.T.);
#4565=EDGE_CURVE('59:31081',#5654,#5528,#5656,.F.);
#4566=EDGE_CURVE('60:8678',#5605,#5585,#5657,.T.);
#4567=EDGE_CURVE('60:8691',#5603,#5658,#5659,.F.);
#4568=EDGE_CURVE('59:31099',#5660,#5658,#5661,.F.);
#4569=EDGE_CURVE('59:31096',#5534,#5660,#5662,.F.);
#4570=EDGE_CURVE('59:31103',#5531,#5524,#5663,.T.);
#4571=EDGE_CURVE('60:8688',#5654,#5587,#5664,.F.);
#4572=EDGE_CURVE('59:29869',#5542,#5539,#5665,.T.);
#4573=EDGE_CURVE('59:31393',#5666,#5667,#5668,.T.);
#4574=EDGE_CURVE('59:31375',#5660,#5667,#5669,.T.);
#4575=EDGE_CURVE('60:54',#5666,#5658,#5670,.T.);
#4576=EDGE_CURVE('60:8698',#5666,#5601,#5671,.F.);
#4577=EDGE_CURVE('59:30591',#5540,#5544,#5672,.T.);
#4578=EDGE_CURVE('59:20208',#5532,#5523,#5673,.T.);
#4579=EDGE_CURVE('59:31396',#5667,#5536,#5674,.T.);
#4580=EDGE_CURVE('60:8528',#5607,#5583,#5675,.T.);
#4581=EDGE_CURVE('60:8669',#5591,#5600,#5676,.T.);
#4582=EDGE_CURVE('60:8548',#5593,#5621,#5677,.T.);
#4583=EDGE_CURVE('60:8525',#5609,#5581,#5678,.F.);
#4584=EDGE_CURVE('60:8545',#5595,#5619,#5679,.F.);
#4585=EDGE_CURVE('60:8701',#5589,#5652,#5680,.F.);
#4586=EDGE_CURVE('',#5681,#5682,#5683,.T.);
#4587=EDGE_CURVE('59:46413',#5681,#5684,#5685,.F.);
#4588=EDGE_CURVE('',#5686,#5684,#5687,.T.);
#4589=EDGE_CURVE('59:46479',#5686,#5682,#5688,.T.);
#4590=EDGE_CURVE('',#5689,#5690,#5691,.T.);
#4591=EDGE_CURVE('59:46473',#5692,#5689,#5693,.F.);
#4592=EDGE_CURVE('59:46524',#5692,#5694,#5695,.F.);
#4593=EDGE_CURVE('59:46419',#5694,#5690,#5696,.F.);
#4594=EDGE_CURVE('',#5697,#5698,#5699,.T.);
#4595=EDGE_CURVE('59:46419',#5697,#5700,#5701,.F.);
#4596=EDGE_CURVE('59:46521',#5702,#5700,#5703,.F.);
#4597=EDGE_CURVE('59:46473',#5698,#5702,#5704,.F.);
#4598=EDGE_CURVE('',#5705,#5706,#5707,.T.);
#4599=EDGE_CURVE('60:28422',#5705,#5708,#5709,.T.);
#4600=EDGE_CURVE('62:8044',#5708,#5710,#5711,.T.);
#4601=EDGE_CURVE('62:8041',#5710,#5712,#5713,.T.);
#4602=EDGE_CURVE('62:8053',#5712,#5714,#5715,.T.);
#4603=EDGE_CURVE('60:28425',#5714,#5706,#5716,.T.);
#4604=EDGE_CURVE('',#5717,#5718,#5719,.T.);
#4605=EDGE_CURVE('60:28367',#5717,#5720,#5721,.T.);
#4606=EDGE_CURVE('62:8138',#5722,#5720,#5723,.F.);
#4607=EDGE_CURVE('60:28376',#5722,#5724,#5725,.T.);
#4608=EDGE_CURVE('60:28370',#5724,#5718,#5726,.T.);
#4609=EDGE_CURVE('60:28370',#5718,#5727,#5728,.T.);
#4610=EDGE_CURVE('60:28373',#5727,#5729,#5730,.T.);
#4611=EDGE_CURVE('60:28367',#5729,#5717,#5731,.T.);
#4612=EDGE_CURVE('60:30952',#5732,#5722,#5733,.T.);
#4613=EDGE_CURVE('60:28782',#5732,#5734,#5735,.F.);
#4614=EDGE_CURVE('60:31715',#5736,#5734,#5737,.T.);
#4615=EDGE_CURVE('60:25436',#5736,#5738,#5739,.F.);
#4616=EDGE_CURVE('60:27795',#5738,#5740,#5741,.T.);
#4617=EDGE_CURVE('60:23437',#5742,#5740,#5743,.T.);
#4618=EDGE_CURVE('62:1258',#5744,#5742,#5745,.T.);
#4619=EDGE_CURVE('59:46371',#5746,#5744,#5747,.T.);
#4620=EDGE_CURVE('60:10020',#5724,#5746,#5748,.T.);
#4621=EDGE_CURVE('60:28425',#5706,#5749,#5750,.T.);
#4622=EDGE_CURVE('60:28428',#5749,#5751,#5752,.T.);
#4623=EDGE_CURVE('60:28422',#5751,#5705,#5753,.T.);
#4624=EDGE_CURVE('60:9962',#5751,#5702,#5754,.T.);
#4625=EDGE_CURVE('60:10017',#5700,#5727,#5755,.F.);
#4626=EDGE_CURVE('59:46380',#5756,#5746,#5757,.F.);
#4627=EDGE_CURVE('60:10007',#5756,#5708,#5758,.F.);
#4628=EDGE_CURVE('60:30963',#5710,#5759,#5760,.T.);
#4629=EDGE_CURVE('60:30949',#5712,#5759,#5761,.T.);
#4630=EDGE_CURVE('59:46479',#5682,#5686,#5762,.T.);
#4631=EDGE_CURVE('60:9965',#5749,#5763,#5764,.F.);
#4632=EDGE_CURVE('59:46470',#5692,#5763,#5765,.T.);
#4633=EDGE_CURVE('59:46473',#5689,#5698,#5766,.F.);
#4634=EDGE_CURVE('60:29325',#5720,#5714,#5767,.T.);
#4635=EDGE_CURVE('60:10000',#5729,#5768,#5769,.F.);
#4636=EDGE_CURVE('59:46518',#5763,#5768,#5770,.T.);
#4637=EDGE_CURVE('59:46377',#5771,#5756,#5772,.F.);
#4638=EDGE_CURVE('62:1205',#5773,#5771,#5774,.T.);
#4639=EDGE_CURVE('60:23443',#5775,#5773,#5776,.T.);
#4640=EDGE_CURVE('60:27810',#5775,#5777,#5778,.T.);
#4641=EDGE_CURVE('60:25457',#5777,#5779,#5780,.F.);
#4642=EDGE_CURVE('60:31721',#5781,#5779,#5782,.T.);
#4643=EDGE_CURVE('60:30966',#5759,#5781,#5783,.T.);
#4644=EDGE_CURVE('62:1255',#5784,#5744,#5785,.T.);
#4645=EDGE_CURVE('62:1261',#5742,#5786,#5787,.T.);
#4646=EDGE_CURVE('62:1252',#5786,#5784,#5788,.T.);
#4647=EDGE_CURVE('59:46374',#5784,#5789,#5790,.F.);
#4648=EDGE_CURVE('62:1202',#5771,#5789,#5791,.T.);
#4649=EDGE_CURVE('60:23440',#5792,#5786,#5793,.F.);
#4650=EDGE_CURVE('62:1208',#5789,#5792,#5794,.T.);
#4651=EDGE_CURVE('62:1211',#5792,#5773,#5795,.T.);
#4652=EDGE_CURVE('60:23446',#5740,#5775,#5796,.T.);
#4653=EDGE_CURVE('60:31724',#5734,#5781,#5797,.T.);
#4654=EDGE_CURVE('60:31718',#5779,#5736,#5798,.T.);
#4655=EDGE_CURVE('60:30955',#5759,#5732,#5799,.T.);
#4656=EDGE_CURVE('60:27870',#5777,#5738,#5800,.F.);
#4657=EDGE_CURVE('59:46422',#5768,#5694,#5801,.F.);
#4658=EDGE_CURVE('59:46419',#5690,#5697,#5802,.F.);
#4659=EDGE_CURVE('59:46413',#5684,#5681,#5803,.F.);
#4660=EDGE_CURVE('',#5804,#5805,#5806,.T.);
#4661=EDGE_CURVE('65:18770',#5804,#5807,#5808,.T.);
#4662=EDGE_CURVE('',#5809,#5807,#5810,.T.);
#4663=EDGE_CURVE('65:18776',#5809,#5805,#5811,.T.);
#4664=EDGE_CURVE('',#5812,#5813,#5814,.T.);
#4665=EDGE_CURVE('65:18779',#5812,#5815,#5816,.T.);
#4666=EDGE_CURVE('',#5817,#5815,#5818,.T.);
#4667=EDGE_CURVE('65:18782',#5817,#5813,#5819,.T.);
#4668=EDGE_CURVE('',#5820,#5821,#5822,.T.);
#4669=EDGE_CURVE('65:13973',#5823,#5820,#5824,.T.);
#4670=EDGE_CURVE('65:13988',#5825,#5823,#5826,.T.);
#4671=EDGE_CURVE('65:13985',#5827,#5825,#5828,.T.);
#4672=EDGE_CURVE('65:13982',#5829,#5827,#5830,.T.);
#4673=EDGE_CURVE('',#5831,#5829,#5832,.T.);
#4674=EDGE_CURVE('65:13894',#5821,#5831,#5833,.T.);
#4675=EDGE_CURVE('',#5834,#5807,#5835,.T.);
#4676=EDGE_CURVE('65:18773',#5836,#5834,#5837,.T.);
#4677=EDGE_CURVE('',#5804,#5836,#5838,.T.);
#4678=EDGE_CURVE('65:18770',#5807,#5804,#5839,.T.);
#4679=EDGE_CURVE('',#5809,#5840,#5841,.T.);
#4680=EDGE_CURVE('65:18776',#5805,#5809,#5842,.T.);
#4681=EDGE_CURVE('',#5843,#5805,#5844,.T.);
#4682=EDGE_CURVE('65:18767',#5840,#5843,#5845,.T.);
#4683=EDGE_CURVE('',#5840,#5815,#5846,.T.);
#4684=EDGE_CURVE('',#5812,#5843,#5847,.T.);
#4685=EDGE_CURVE('65:18779',#5815,#5812,#5848,.T.);
#4686=EDGE_CURVE('',#5817,#5849,#5850,.T.);
#4687=EDGE_CURVE('65:18782',#5813,#5817,#5851,.T.);
#4688=EDGE_CURVE('',#5852,#5813,#5853,.T.);
#4689=EDGE_CURVE('65:18785',#5849,#5852,#5854,.T.);
#4690=EDGE_CURVE('65:18785',#5852,#5849,#5855,.T.);
#4691=EDGE_CURVE('65:18767',#5843,#5840,#5856,.T.);
#4692=EDGE_CURVE('65:18773',#5834,#5836,#5857,.T.);
#4693=EDGE_CURVE('65:14263',#5858,#5859,#5860,.T.);
#4694=EDGE_CURVE('65:787',#5861,#5859,#5862,.T.);
#4695=EDGE_CURVE('65:13976',#5861,#5863,#5864,.T.);
#4696=EDGE_CURVE('65:778',#5863,#5865,#5866,.T.);
#4697=EDGE_CURVE('65:14260',#5865,#5867,#5868,.T.);
#4698=EDGE_CURVE('65:784',#5867,#5858,#5869,.T.);
#4699=EDGE_CURVE('65:14257',#5870,#5871,#5872,.T.);
#4700=EDGE_CURVE('65:754',#5823,#5871,#5873,.T.);
#4701=EDGE_CURVE('65:13973',#5820,#5861,#5874,.T.);
#4702=EDGE_CURVE('65:14254',#5859,#5875,#5876,.T.);
#4703=EDGE_CURVE('65:793',#5875,#5870,#5877,.T.);
#4704=EDGE_CURVE('65:13894',#5878,#5821,#5879,.T.);
#4705=EDGE_CURVE('65:13894',#5831,#5878,#5880,.T.);
#4706=EDGE_CURVE('65:13982',#5881,#5829,#5882,.T.);
#4707=EDGE_CURVE('65:13979',#5863,#5881,#5883,.T.);
#4708=EDGE_CURVE('65:14312',#5884,#5885,#5886,.T.);
#4709=EDGE_CURVE('65:745',#5887,#5885,#5888,.T.);
#4710=EDGE_CURVE('65:14309',#5887,#5870,#5889,.T.);
#4711=EDGE_CURVE('65:14303',#5875,#5858,#5890,.T.);
#4712=EDGE_CURVE('65:14297',#5867,#5891,#5892,.T.);
#4713=EDGE_CURVE('65:775',#5893,#5891,#5894,.T.);
#4714=EDGE_CURVE('65:14300',#5893,#5895,#5896,.T.);
#4715=EDGE_CURVE('65:766',#5897,#5895,#5898,.T.);
#4716=EDGE_CURVE('65:14306',#5897,#5899,#5900,.T.);
#4717=EDGE_CURVE('65:757',#5884,#5899,#5901,.T.);
#4718=EDGE_CURVE('65:14266',#5902,#5893,#5903,.T.);
#4719=EDGE_CURVE('65:14269',#5891,#5865,#5904,.T.);
#4720=EDGE_CURVE('65:769',#5881,#5902,#5905,.T.);
#4721=EDGE_CURVE('65:14236',#5906,#5897,#5907,.T.);
#4722=EDGE_CURVE('65:14239',#5895,#5902,#5908,.T.);
#4723=EDGE_CURVE('65:760',#5827,#5906,#5909,.T.);
#4724=EDGE_CURVE('65:14242',#5910,#5884,#5911,.T.);
#4725=EDGE_CURVE('65:14245',#5899,#5906,#5912,.T.);
#4726=EDGE_CURVE('65:748',#5825,#5910,#5913,.T.);
#4727=EDGE_CURVE('65:14251',#5885,#5910,#5914,.T.);
#4728=EDGE_CURVE('65:14248',#5871,#5887,#5915,.T.);
#4729=COLOUR_RGB('',0.298039227724075,0.298039227724075,0.298039227724075);
#4730=COLOUR_RGB('',0.752941191196442,0.752941191196442,0.752941191196442);
#4731=COLOUR_RGB('',0.752941191196442,0.752941191196442,0.752941191196442);
#4732=COLOUR_RGB('',0.752941191196442,0.752941191196442,0.752941191196442);
#4733=COLOUR_RGB('',0.752941191196442,0.752941191196442,0.752941191196442);
#4734=VERTEX_POINT('',#5916);
#4735=VERTEX_POINT('',#5917);
#4736=LINE('',#5918,#5919);
#4737=VERTEX_POINT('',#5920);
#4738=CIRCLE('',#5921,0.006925);
#4739=VERTEX_POINT('',#5922);
#4740=LINE('',#5923,#5924);
#4741=VERTEX_POINT('',#5925);
#4742=CIRCLE('',#5926,0.006925);
#4743=CIRCLE('',#5927,0.006925);
#4744=VERTEX_POINT('',#5928);
#4745=VERTEX_POINT('',#5929);
#4746=LINE('',#5930,#5931);
#4747=VERTEX_POINT('',#5932);
#4748=B_SPLINE_CURVE_WITH_KNOTS('',3,(#5933,#5934,#5935,#5936,#5937,#5938,#5939,#5940,#5941,#5942,#5943,#5944,#5945,#5946,#5947,#5948,#5949,#5950,#5951,#5952,#5953,#5954,#5955,#5956,#5957,#5958,#5959,#5960,#5961,#5962,#5963,#5964,#5965,#5966,#5967,#5968,#5969,#5970,#5971,#5972,#5973,#5974,#5975,#5976,#5977,#5978,#5979,#5980,#5981),.UNSPECIFIED.,.F.,.F.,(4,3,3,3,3,3,3,3,3,3,3,3,3,3,3,3,4),(0.0058537185383868,0.0072652185896478,0.00826894534965889,0.0100031305791493,0.0110519147446306,0.0117907973410859,0.0135206154319496,0.015269727445838,0.0160711678181227,0.0178056986341427,0.0188966579531869,0.0195792724000447,0.0213118639092016,0.0227855236013867,0.0234741791854162,0.0251908465728622,0.0253661359790496),.UNSPECIFIED.);
#4749=VERTEX_POINT('',#5982);
#4750=(B_SPLINE_CURVE(2,(#5984,#5985,#5986),.UNSPECIFIED.,.F.,.F.)B_SPLINE_CURVE_WITH_KNOTS((3,3),(0.0,0.00173076255866448),.UNSPECIFIED.)RATIONAL_B_SPLINE_CURVE((1.0,1.01169862948302,1.0))BOUNDED_CURVE()REPRESENTATION_ITEM('')GEOMETRIC_REPRESENTATION_ITEM()CURVE());
#4751=CIRCLE('',#5993,0.00585230783847834);
#4752=VERTEX_POINT('',#5994);
#4753=VERTEX_POINT('',#5995);
#4754=LINE('',#5996,#5997);
#4755=VERTEX_POINT('',#5998);
#4756=CIRCLE('',#5999,0.00518);
#4757=B_SPLINE_CURVE_WITH_KNOTS('',3,(#6000,#6001,#6002,#6003,#6004,#6005,#6006,#6007,#6008,#6009,#6010,#6011,#6012,#6013,#6014,#6015,#6016,#6017,#6018,#6019,#6020,#6021,#6022,#6023,#6024,#6025,#6026,#6027,#6028,#6029,#6030,#6031,#6032,#6033,#6034,#6035,#6036,#6037,#6038,#6039,#6040,#6041,#6042,#6043,#6044,#6045,#6046,#6047,#6048),.UNSPECIFIED.,.F.,.F.,(4,3,3,3,3,3,3,3,3,3,3,3,3,3,3,3,4),(0.0058537185383868,0.0072652185896478,0.00826894534965889,0.0100031305791493,0.0110519147446306,0.0117907973410859,0.0135206154319496,0.015269727445838,0.0160711678181227,0.0178056986341427,0.0188966579531869,0.0195792724000447,0.0213118639092016,0.0227855236013867,0.0234741791854162,0.0251908465728622,0.0253661359790496),.UNSPECIFIED.);
#4758=VERTEX_POINT('',#6049);
#4759=CIRCLE('',#6050,0.00585230783847834);
#4760=VERTEX_POINT('',#6051);
#4761=(B_SPLINE_CURVE(2,(#6053,#6054,#6055),.UNSPECIFIED.,.F.,.F.)B_SPLINE_CURVE_WITH_KNOTS((3,3),(0.0,0.00537625412870407),.UNSPECIFIED.)RATIONAL_B_SPLINE_CURVE((1.0,1.12220668043695,1.0))BOUNDED_CURVE()REPRESENTATION_ITEM('')GEOMETRIC_REPRESENTATION_ITEM()CURVE());
#4762=CIRCLE('',#6062,0.00585230783847834);
#4763=VERTEX_POINT('',#6063);
#4764=LINE('',#6064,#6065);
#4765=VERTEX_POINT('',#6066);
#4766=CIRCLE('',#6067,0.00518);
#4767=LINE('',#6068,#6069);
#4768=VERTEX_POINT('',#6070);
#4769=VERTEX_POINT('',#6071);
#4770=LINE('',#6072,#6073);
#4771=VERTEX_POINT('',#6074);
#4772=CIRCLE('',#6075,0.003);
#4773=VERTEX_POINT('',#6076);
#4774=LINE('',#6077,#6078);
#4775=VERTEX_POINT('',#6079);
#4776=CIRCLE('',#6080,0.003);
#4777=VERTEX_POINT('',#6081);
#4778=LINE('',#6082,#6083);
#4779=CIRCLE('',#6084,0.003);
#4780=VERTEX_POINT('',#6085);
#4781=VERTEX_POINT('',#6086);
#4782=LINE('',#6087,#6088);
#4783=VERTEX_POINT('',#6089);
#4784=CIRCLE('',#6090,0.001);
#4785=VERTEX_POINT('',#6091);
#4786=ELLIPSE('',#6092,0.00141421356237309,0.001);
#4787=VERTEX_POINT('',#6093);
#4788=LINE('',#6094,#6095);
#4789=CIRCLE('',#6096,0.001);
#4790=VERTEX_POINT('',#6097);
#4791=VERTEX_POINT('',#6098);
#4792=LINE('',#6099,#6100);
#4793=VERTEX_POINT('',#6101);
#4794=CIRCLE('',#6102,0.0005);
#4795=VERTEX_POINT('',#6103);
#4796=LINE('',#6104,#6105);
#4797=VERTEX_POINT('',#6106);
#4798=ELLIPSE('',#6107,0.000707106781186543,0.0005);
#4799=CIRCLE('',#6108,0.0005);
#4800=VERTEX_POINT('',#6109);
#4801=VERTEX_POINT('',#6110);
#4802=LINE('',#6111,#6112);
#4803=VERTEX_POINT('',#6113);
#4804=CIRCLE('',#6114,0.000500000000000005);
#4805=VERTEX_POINT('',#6115);
#4806=LINE('',#6116,#6117);
#4807=CIRCLE('',#6118,0.000500000000000005);
#4808=VERTEX_POINT('',#6119);
#4809=VERTEX_POINT('',#6120);
#4810=LINE('',#6121,#6122);
#4811=VERTEX_POINT('',#6123);
#4812=CIRCLE('',#6124,0.00531856450496773);
#4813=VERTEX_POINT('',#6125);
#4814=LINE('',#6126,#6127);
#4815=CIRCLE('',#6128,0.00531856450496773);
#4816=VERTEX_POINT('',#6129);
#4817=VERTEX_POINT('',#6130);
#4818=LINE('',#6131,#6132);
#4819=VERTEX_POINT('',#6133);
#4820=B_SPLINE_CURVE_WITH_KNOTS('',3,(#6134,#6135,#6136,#6137,#6138,#6139,#6140,#6141,#6142,#6143,#6144,#6145,#6146,#6147,#6148,#6149,#6150,#6151,#6152,#6153,#6154,#6155,#6156,#6157,#6158,#6159,#6160,#6161),.UNSPECIFIED.,.F.,.F.,(4,3,3,3,3,3,3,3,3,4),(0.0268559554303848,0.0278389228879261,0.0285968899292795,0.0303643051563603,0.0315912886491487,0.0325938974351995,0.0343615618535315,0.0357333150609168,0.0366165458368234,0.0373918821986517),.UNSPECIFIED.);
#4821=VERTEX_POINT('',#6162);
#4822=LINE('',#6163,#6164);
#4823=VERTEX_POINT('',#6165);
#4824=B_SPLINE_CURVE_WITH_KNOTS('',3,(#6166,#6167,#6168,#6169,#6170,#6171,#6172,#6173,#6174,#6175,#6176,#6177,#6178,#6179,#6180,#6181,#6182,#6183,#6184,#6185,#6186,#6187,#6188,#6189,#6190,#6191,#6192,#6193,#6194,#6195,#6196,#6197,#6198,#6199,#6200,#6201,#6202,#6203,#6204,#6205,#6206,#6207,#6208,#6209,#6210,#6211,#6212,#6213,#6214,#6215,#6216,#6217),.UNSPECIFIED.,.F.,.F.,(4,3,3,3,3,3,3,3,3,3,3,3,3,3,3,3,3,4),(0.00526895035922912,0.00703451854965576,0.0079683274210495,0.00869529645736336,0.0104703507002909,0.011489243149165,0.0121487662353351,0.0137956681723778,0.0155555662462795,0.0165363820246224,0.0183070649034197,0.0198499492196479,0.0204983848559824,0.0222644154311785,0.0236697919639909,0.0245892271097925,0.0263560102237761,0.02685495066682),.UNSPECIFIED.);
#4825=VERTEX_POINT('',#6218);
#4826=LINE('',#6219,#6220);
#4827=B_SPLINE_CURVE_WITH_KNOTS('',3,(#6221,#6222,#6223,#6224,#6225,#6226,#6227,#6228,#6229,#6230,#6231,#6232,#6233,#6234,#6235,#6236),.UNSPECIFIED.,.F.,.F.,(4,3,3,3,3,4),(0.0321239201709991,0.0338900383904125,0.0352754691930932,0.0361099438941586,0.036793258918162,0.038302134442168),.UNSPECIFIED.);
#4828=VERTEX_POINT('',#6237);
#4829=LINE('',#6238,#6239);
#4830=VERTEX_POINT('',#6240);
#4831=B_SPLINE_CURVE_WITH_KNOTS('',3,(#6241,#6242,#6243,#6244,#6245,#6246,#6247,#6248,#6249,#6250,#6251,#6252,#6253,#6254,#6255,#6256,#6257,#6258,#6259,#6260,#6261,#6262,#6263,#6264,#6265,#6266,#6267,#6268,#6269,#6270,#6271,#6272,#6273,#6274,#6275,#6276,#6277,#6278,#6279,#6280,#6281,#6282,#6283,#6284,#6285,#6286,#6287,#6288,#6289,#6290,#6291,#6292),.UNSPECIFIED.,.F.,.F.,(4,3,3,3,3,3,3,3,3,3,3,3,3,3,3,3,3,4),(0.00526895035922912,0.00703451854965576,0.0079683274210495,0.00869529645736336,0.0104703507002909,0.011489243149165,0.0121487662353351,0.0137956681723778,0.0155555662462795,0.0165363820246224,0.0183070649034197,0.0198499492196479,0.0204983848559824,0.0222644154311785,0.0236697919639909,0.0245892271097925,0.0263560102237761,0.02685495066682),.UNSPECIFIED.);
#4832=VERTEX_POINT('',#6293);
#4833=(B_SPLINE_CURVE(2,(#6295,#6296,#6297),.UNSPECIFIED.,.F.,.F.)B_SPLINE_CURVE_WITH_KNOTS((3,3),(0.0,0.00166937225635352),.UNSPECIFIED.)RATIONAL_B_SPLINE_CURVE((1.0,1.01083600745476,1.0))BOUNDED_CURVE()REPRESENTATION_ITEM('')GEOMETRIC_REPRESENTATION_ITEM()CURVE());
#4834=CIRCLE('',#6304,0.00585230783847829);
#4835=LINE('',#6305,#6306);
#4836=CIRCLE('',#6307,0.00531856450496773);
#4837=VERTEX_POINT('',#6308);
#4838=LINE('',#6309,#6310);
#4839=VERTEX_POINT('',#6311);
#4840=CIRCLE('',#6312,0.00585230783847829);
#4841=VERTEX_POINT('',#6313);
#4842=(B_SPLINE_CURVE(2,(#6315,#6316,#6317),.UNSPECIFIED.,.F.,.F.)B_SPLINE_CURVE_WITH_KNOTS((3,3),(0.0,0.00172724372376033),.UNSPECIFIED.)RATIONAL_B_SPLINE_CURVE((1.0,1.01165012980581,1.0))BOUNDED_CURVE()REPRESENTATION_ITEM('')GEOMETRIC_REPRESENTATION_ITEM()CURVE());
#4843=B_SPLINE_CURVE_WITH_KNOTS('',3,(#6324,#6325,#6326,#6327,#6328,#6329,#6330,#6331,#6332,#6333,#6334,#6335,#6336,#6337,#6338,#6339),.UNSPECIFIED.,.F.,.F.,(4,3,3,3,3,4),(0.0251721183083567,0.0269100687740173,0.0277902820779652,0.0285902105382532,0.0303570653546262,0.0321239201709991),.UNSPECIFIED.);
#4844=VERTEX_POINT('',#6340);
#4845=VERTEX_POINT('',#6341);
#4846=LINE('',#6342,#6343);
#4847=VERTEX_POINT('',#6344);
#4848=B_SPLINE_CURVE_WITH_KNOTS('',3,(#6345,#6346,#6347,#6348,#6349,#6350,#6351,#6352,#6353,#6354,#6355,#6356,#6357),.UNSPECIFIED.,.F.,.F.,(4,3,3,3,4),(0.0259444953343606,0.0277521106877849,0.0285298273331857,0.0303268641036506,0.0321239008741155),.UNSPECIFIED.);
#4849=VERTEX_POINT('',#6358);
#4850=LINE('',#6359,#6360);
#4851=VERTEX_POINT('',#6361);
#4852=B_SPLINE_CURVE_WITH_KNOTS('',3,(#6362,#6363,#6364,#6365,#6366,#6367,#6368,#6369,#6370,#6371,#6372,#6373,#6374,#6375,#6376,#6377,#6378,#6379,#6380,#6381,#6382,#6383,#6384,#6385,#6386,#6387,#6388,#6389,#6390,#6391,#6392,#6393,#6394,#6395,#6396,#6397,#6398,#6399,#6400,#6401,#6402,#6403,#6404,#6405,#6406,#6407,#6408,#6409,#6410,#6411,#6412,#6413),.UNSPECIFIED.,.F.,.F.,(4,3,3,3,3,3,3,3,3,3,3,3,3,3,3,3,3,4),(0.0052682250017365,0.00703222046994292,0.00799825932472201,0.00868401870375521,0.0104610165881005,0.0114891982018803,0.0125041112156167,0.0142980592098216,0.0158392249658951,0.0164883391263513,0.0182632265289566,0.0197968514514844,0.0205674670585776,0.0223353774094984,0.0237635166275184,0.0246205357507139,0.0263856886387239,0.0268556951692559),.UNSPECIFIED.);
#4853=VERTEX_POINT('',#6414);
#4854=LINE('',#6415,#6416);
#4855=B_SPLINE_CURVE_WITH_KNOTS('',3,(#6417,#6418,#6419,#6420,#6421,#6422,#6423,#6424,#6425,#6426,#6427,#6428,#6429,#6430,#6431,#6432,#6433,#6434,#6435,#6436,#6437,#6438,#6439,#6440,#6441,#6442,#6443,#6444),.UNSPECIFIED.,.F.,.F.,(4,3,3,3,3,3,3,3,3,4),(0.0268556961081426,0.0278388042578443,0.0285968518756049,0.0303642667905088,0.0315912164157997,0.0325938944047755,0.0343615570293088,0.035733672684349,0.0366166343385489,0.0373921463171834),.UNSPECIFIED.);
#4856=VERTEX_POINT('',#6445);
#4857=LINE('',#6446,#6447);
#4858=VERTEX_POINT('',#6448);
#4859=(B_SPLINE_CURVE(2,(#6450,#6451,#6452),.UNSPECIFIED.,.F.,.F.)B_SPLINE_CURVE_WITH_KNOTS((3,3),(0.0,0.0053762541287043),.UNSPECIFIED.)RATIONAL_B_SPLINE_CURVE((1.0,1.12220668043692,1.0))BOUNDED_CURVE()REPRESENTATION_ITEM('')GEOMETRIC_REPRESENTATION_ITEM()CURVE());
#4860=VERTEX_POINT('',#6459);
#4861=B_SPLINE_CURVE_WITH_KNOTS('',3,(#6460,#6461,#6462,#6463,#6464,#6465,#6466,#6467,#6468,#6469,#6470,#6471,#6472,#6473,#6474,#6475,#6476,#6477,#6478,#6479,#6480,#6481,#6482,#6483,#6484,#6485,#6486,#6487,#6488,#6489,#6490,#6491,#6492,#6493,#6494,#6495,#6496,#6497,#6498,#6499,#6500,#6501,#6502,#6503,#6504,#6505,#6506,#6507,#6508,#6509,#6510,#6511),.UNSPECIFIED.,.F.,.F.,(4,3,3,3,3,3,3,3,3,3,3,3,3,3,3,3,3,4),(0.0052682250017365,0.00703222046994292,0.00799825932472201,0.00868401870375521,0.0104610165881005,0.0114891982018803,0.0125041112156167,0.0142980592098216,0.0158392249658951,0.0164883391263513,0.0182632265289566,0.0197968514514844,0.0205674670585776,0.0223353774094984,0.0237635166275184,0.0246205357507139,0.0263856886387239,0.0268556951692559),.UNSPECIFIED.);
#4862=VERTEX_POINT('',#6512);
#4863=B_SPLINE_CURVE_WITH_KNOTS('',3,(#6513,#6514,#6515,#6516),.UNSPECIFIED.,.F.,.F.,(4,4),(138.970045443939,138.970224524735),.UNSPECIFIED.);
#4864=CIRCLE('',#6517,0.00516856450496772);
#4865=VERTEX_POINT('',#6518);
#4866=LINE('',#6519,#6520);
#4867=VERTEX_POINT('',#6521);
#4868=LINE('',#6522,#6523);
#4869=CIRCLE('',#6524,0.00516856450496772);
#4870=LINE('',#6525,#6526);
#4871=VERTEX_POINT('',#6527);
#4872=B_SPLINE_CURVE_WITH_KNOTS('',3,(#6528,#6529,#6530,#6531),.UNSPECIFIED.,.F.,.F.,(4,4),(139.333740122772,139.333919672236),.UNSPECIFIED.);
#4873=B_SPLINE_CURVE_WITH_KNOTS('',3,(#6532,#6533,#6534,#6535,#6536,#6537,#6538,#6539,#6540,#6541,#6542,#6543,#6544,#6545,#6546,#6547,#6548,#6549,#6550,#6551,#6552,#6553,#6554,#6555,#6556,#6557,#6558,#6559),.UNSPECIFIED.,.F.,.F.,(4,3,3,3,3,3,3,3,3,4),(0.0268556961081426,0.0278388042578443,0.0285968518756049,0.0303642667905088,0.0315912164157997,0.0325938944047755,0.0343615570293088,0.035733672684349,0.0366166343385489,0.0373921463171834),.UNSPECIFIED.);
#4874=LINE('',#6560,#6561);
#4875=VERTEX_POINT('',#6562);
#4876=B_SPLINE_CURVE_WITH_KNOTS('',3,(#6563,#6564,#6565,#6566,#6567,#6568,#6569,#6570,#6571,#6572,#6573,#6574,#6575,#6576,#6577,#6578,#6579,#6580,#6581),.UNSPECIFIED.,.F.,.F.,(4,3,3,3,3,3,4),(0.0321239008741155,0.0338922757920992,0.0352893088798796,0.0361316573892948,0.0367955334215651,0.0385688850402738,0.0390767656672854),.UNSPECIFIED.);
#4877=(B_SPLINE_CURVE(2,(#6583,#6584,#6585),.UNSPECIFIED.,.F.,.F.)B_SPLINE_CURVE_WITH_KNOTS((3,3),(0.0,0.0017271592002802),.UNSPECIFIED.)RATIONAL_B_SPLINE_CURVE((1.0,1.01164891736459,1.0))BOUNDED_CURVE()REPRESENTATION_ITEM('')GEOMETRIC_REPRESENTATION_ITEM()CURVE());
#4878=VERTEX_POINT('',#6592);
#4879=VERTEX_POINT('',#6593);
#4880=LINE('',#6594,#6595);
#4881=VERTEX_POINT('',#6596);
#4882=B_SPLINE_CURVE_WITH_KNOTS('',3,(#6597,#6598,#6599,#6600,#6601,#6602,#6603,#6604,#6605,#6606,#6607,#6608,#6609),.UNSPECIFIED.,.F.,.F.,(4,3,3,3,4),(0.0259444953343607,0.0277521106877862,0.0285298273331849,0.0303268641036502,0.0321239008741155),.UNSPECIFIED.);
#4883=VERTEX_POINT('',#6610);
#4884=LINE('',#6611,#6612);
#4885=VERTEX_POINT('',#6613);
#4886=B_SPLINE_CURVE_WITH_KNOTS('',3,(#6614,#6615,#6616,#6617,#6618,#6619,#6620,#6621,#6622,#6623,#6624,#6625,#6626,#6627,#6628,#6629,#6630,#6631,#6632,#6633,#6634,#6635,#6636,#6637,#6638,#6639,#6640,#6641,#6642,#6643,#6644,#6645,#6646,#6647,#6648,#6649,#6650,#6651,#6652,#6653,#6654,#6655,#6656,#6657,#6658,#6659,#6660,#6661,#6662,#6663,#6664,#6665),.UNSPECIFIED.,.F.,.F.,(4,3,3,3,3,3,3,3,3,3,3,3,3,3,3,3,3,4),(0.00526822500173936,0.0070322204699452,0.00799825932473191,0.00868401870375774,0.0104610165881029,0.0114891982018852,0.0125041112156165,0.0142980592098213,0.0158392249658898,0.016488339126351,0.0182632265289563,0.019796851451485,0.0205674670585812,0.0223353774095019,0.0237635166275254,0.0246205357507161,0.0263856886387268,0.0268556951692548),.UNSPECIFIED.);
#4887=VERTEX_POINT('',#6666);
#4888=LINE('',#6667,#6668);
#4889=B_SPLINE_CURVE_WITH_KNOTS('',3,(#6669,#6670,#6671,#6672,#6673,#6674,#6675,#6676,#6677,#6678,#6679,#6680,#6681,#6682,#6683,#6684,#6685,#6686,#6687,#6688,#6689,#6690,#6691,#6692,#6693,#6694,#6695,#6696),.UNSPECIFIED.,.F.,.F.,(4,3,3,3,3,3,3,3,3,4),(0.0268556961081415,0.0278388042578371,0.028596851875607,0.0303642667905111,0.0315912164157982,0.0325938944047766,0.0343615570293097,0.0357336726843554,0.0366166343385527,0.0373921463171863),.UNSPECIFIED.);
#4890=VERTEX_POINT('',#6697);
#4891=LINE('',#6698,#6699);
#4892=VERTEX_POINT('',#6700);
#4893=(B_SPLINE_CURVE(2,(#6702,#6703,#6704),.UNSPECIFIED.,.F.,.F.)B_SPLINE_CURVE_WITH_KNOTS((3,3),(0.0,0.00537625412870396),.UNSPECIFIED.)RATIONAL_B_SPLINE_CURVE((1.0,1.1222066804369,1.0))BOUNDED_CURVE()REPRESENTATION_ITEM('')GEOMETRIC_REPRESENTATION_ITEM()CURVE());
#4894=VERTEX_POINT('',#6711);
#4895=B_SPLINE_CURVE_WITH_KNOTS('',3,(#6712,#6713,#6714,#6715,#6716,#6717,#6718,#6719,#6720,#6721,#6722,#6723,#6724,#6725,#6726,#6727,#6728,#6729,#6730,#6731,#6732,#6733,#6734,#6735,#6736,#6737,#6738,#6739,#6740,#6741,#6742,#6743,#6744,#6745,#6746,#6747,#6748,#6749,#6750,#6751,#6752,#6753,#6754,#6755,#6756,#6757,#6758,#6759,#6760,#6761,#6762,#6763),.UNSPECIFIED.,.F.,.F.,(4,3,3,3,3,3,3,3,3,3,3,3,3,3,3,3,3,4),(0.00526822500173936,0.0070322204699452,0.00799825932473191,0.00868401870375774,0.0104610165881029,0.0114891982018852,0.0125041112156165,0.0142980592098213,0.0158392249658898,0.016488339126351,0.0182632265289563,0.019796851451485,0.0205674670585812,0.0223353774095019,0.0237635166275254,0.0246205357507161,0.0263856886387268,0.0268556951692548),.UNSPECIFIED.);
#4896=VERTEX_POINT('',#6764);
#4897=B_SPLINE_CURVE_WITH_KNOTS('',3,(#6765,#6766,#6767,#6768),.UNSPECIFIED.,.F.,.F.,(4,4),(138.970045443921,138.970224524717),.UNSPECIFIED.);
#4898=CIRCLE('',#6769,0.00516856450496773);
#4899=VERTEX_POINT('',#6770);
#4900=LINE('',#6771,#6772);
#4901=VERTEX_POINT('',#6773);
#4902=LINE('',#6774,#6775);
#4903=CIRCLE('',#6776,0.00516856450496773);
#4904=LINE('',#6777,#6778);
#4905=VERTEX_POINT('',#6779);
#4906=B_SPLINE_CURVE_WITH_KNOTS('',3,(#6780,#6781,#6782,#6783),.UNSPECIFIED.,.F.,.F.,(4,4),(139.333740122752,139.333919672215),.UNSPECIFIED.);
#4907=B_SPLINE_CURVE_WITH_KNOTS('',3,(#6784,#6785,#6786,#6787,#6788,#6789,#6790,#6791,#6792,#6793,#6794,#6795,#6796,#6797,#6798,#6799,#6800,#6801,#6802,#6803,#6804,#6805,#6806,#6807,#6808,#6809,#6810,#6811),.UNSPECIFIED.,.F.,.F.,(4,3,3,3,3,3,3,3,3,4),(0.0268556961081415,0.0278388042578371,0.028596851875607,0.0303642667905111,0.0315912164157982,0.0325938944047766,0.0343615570293097,0.0357336726843554,0.0366166343385527,0.0373921463171863),.UNSPECIFIED.);
#4908=VERTEX_POINT('',#6812);
#4909=LINE('',#6813,#6814);
#4910=VERTEX_POINT('',#6815);
#4911=B_SPLINE_CURVE_WITH_KNOTS('',3,(#6816,#6817,#6818,#6819,#6820,#6821,#6822,#6823,#6824,#6825,#6826,#6827,#6828,#6829,#6830,#6831,#6832,#6833,#6834),.UNSPECIFIED.,.F.,.F.,(4,3,3,3,3,3,4),(0.0321239008741155,0.0338922757920992,0.0352893088798791,0.0361316573892897,0.0367955334215641,0.0385688850402726,0.0390767656672855),.UNSPECIFIED.);
#4912=VERTEX_POINT('',#6835);
#4913=(B_SPLINE_CURVE(2,(#6837,#6838,#6839),.UNSPECIFIED.,.F.,.F.)B_SPLINE_CURVE_WITH_KNOTS((3,3),(0.0,0.00172715920028029),.UNSPECIFIED.)RATIONAL_B_SPLINE_CURVE((1.0,1.01164891736446,1.0))BOUNDED_CURVE()REPRESENTATION_ITEM('')GEOMETRIC_REPRESENTATION_ITEM()CURVE());
#4914=CIRCLE('',#6846,0.00585230783847829);
#4915=VERTEX_POINT('',#6847);
#4916=VERTEX_POINT('',#6848);
#4917=LINE('',#6849,#6850);
#4918=VERTEX_POINT('',#6851);
#4919=B_SPLINE_CURVE_WITH_KNOTS('',3,(#6852,#6853,#6854,#6855,#6856,#6857,#6858,#6859,#6860,#6861,#6862,#6863,#6864),.UNSPECIFIED.,.F.,.F.,(4,3,3,3,4),(0.0259444953343607,0.0277521106877855,0.0285298273331876,0.0303268641036516,0.0321239008741155),.UNSPECIFIED.);
#4920=VERTEX_POINT('',#6865);
#4921=LINE('',#6866,#6867);
#4922=B_SPLINE_CURVE_WITH_KNOTS('',3,(#6868,#6869,#6870,#6871,#6872,#6873,#6874,#6875,#6876,#6877,#6878,#6879,#6880,#6881,#6882,#6883),.UNSPECIFIED.,.F.,.F.,(4,3,3,3,3,4),(0.0321239201709991,0.0338900383904127,0.0352754691930891,0.0361099438941514,0.0367932589181606,0.038302134442168),.UNSPECIFIED.);
#4923=LINE('',#6884,#6885);
#4924=VERTEX_POINT('',#6886);
#4925=(B_SPLINE_CURVE(2,(#6888,#6889,#6890),.UNSPECIFIED.,.F.,.F.)B_SPLINE_CURVE_WITH_KNOTS((3,3),(0.0,0.00172724372376019),.UNSPECIFIED.)RATIONAL_B_SPLINE_CURVE((1.0,1.0116501298048,1.0))BOUNDED_CURVE()REPRESENTATION_ITEM('')GEOMETRIC_REPRESENTATION_ITEM()CURVE());
#4926=B_SPLINE_CURVE_WITH_KNOTS('',3,(#6897,#6898,#6899,#6900,#6901,#6902,#6903,#6904,#6905,#6906,#6907,#6908,#6909,#6910,#6911,#6912),.UNSPECIFIED.,.F.,.F.,(4,3,3,3,3,4),(0.0251721183083568,0.0269100687740174,0.0277902820779696,0.028590210538255,0.0303570653546271,0.0321239201709991),.UNSPECIFIED.);
#4927=VERTEX_POINT('',#6913);
#4928=LINE('',#6914,#6915);
#4929=VERTEX_POINT('',#6916);
#4930=B_SPLINE_CURVE_WITH_KNOTS('',3,(#6917,#6918,#6919,#6920,#6921,#6922,#6923,#6924,#6925,#6926,#6927,#6928,#6929,#6930,#6931,#6932,#6933,#6934,#6935),.UNSPECIFIED.,.F.,.F.,(4,3,3,3,3,3,4),(0.0321239008741155,0.0338922757920992,0.0352893088798791,0.0361316573892864,0.0367955334215634,0.0385688850402719,0.0390767656672855),.UNSPECIFIED.);
#4931=VERTEX_POINT('',#6936);
#4932=(B_SPLINE_CURVE(2,(#6938,#6939,#6940),.UNSPECIFIED.,.F.,.F.)B_SPLINE_CURVE_WITH_KNOTS((3,3),(0.0,0.00170951265909577),.UNSPECIFIED.)RATIONAL_B_SPLINE_CURVE((1.0,1.0114283129293,1.0))BOUNDED_CURVE()REPRESENTATION_ITEM('')GEOMETRIC_REPRESENTATION_ITEM()CURVE());
#4933=CIRCLE('',#6947,0.00584464099806029);
#4934=VERTEX_POINT('',#6948);
#4935=VERTEX_POINT('',#6949);
#4936=LINE('',#6950,#6951);
#4937=VERTEX_POINT('',#6952);
#4938=B_SPLINE_CURVE_WITH_KNOTS('',3,(#6953,#6954,#6955,#6956,#6957,#6958,#6959,#6960,#6961,#6962,#6963,#6964,#6965),.UNSPECIFIED.,.F.,.F.,(4,3,3,3,4),(0.0259444953343612,0.0277521106877838,0.0285298273331875,0.0303268641036518,0.0321239008741161),.UNSPECIFIED.);
#4939=VERTEX_POINT('',#6966);
#4940=LINE('',#6967,#6968);
#4941=B_SPLINE_CURVE_WITH_KNOTS('',3,(#6969,#6970,#6971,#6972,#6973,#6974,#6975,#6976,#6977,#6978,#6979,#6980,#6981,#6982,#6983,#6984),.UNSPECIFIED.,.F.,.F.,(4,3,3,3,3,4),(0.0321239201709992,0.0338900383904129,0.0352754691930863,0.0361099438941484,0.0367932589181597,0.038302134442168),.UNSPECIFIED.);
#4942=LINE('',#6985,#6986);
#4943=VERTEX_POINT('',#6987);
#4944=(B_SPLINE_CURVE(2,(#6989,#6990,#6991),.UNSPECIFIED.,.F.,.F.)B_SPLINE_CURVE_WITH_KNOTS((3,3),(0.0,0.00170959718409132),.UNSPECIFIED.)RATIONAL_B_SPLINE_CURVE((1.0,1.01142951376872,1.0))BOUNDED_CURVE()REPRESENTATION_ITEM('')GEOMETRIC_REPRESENTATION_ITEM()CURVE());
#4945=B_SPLINE_CURVE_WITH_KNOTS('',3,(#6998,#6999,#7000,#7001,#7002,#7003,#7004,#7005,#7006,#7007,#7008,#7009,#7010,#7011,#7012,#7013),.UNSPECIFIED.,.F.,.F.,(4,3,3,3,3,4),(0.0251721183083568,0.0269100687740174,0.0277902820779627,0.0285902105382522,0.0303570653546257,0.0321239201709992),.UNSPECIFIED.);
#4946=VERTEX_POINT('',#7014);
#4947=LINE('',#7015,#7016);
#4948=VERTEX_POINT('',#7017);
#4949=B_SPLINE_CURVE_WITH_KNOTS('',3,(#7018,#7019,#7020,#7021,#7022,#7023,#7024,#7025,#7026,#7027,#7028,#7029,#7030,#7031,#7032,#7033,#7034,#7035,#7036),.UNSPECIFIED.,.F.,.F.,(4,3,3,3,3,3,4),(0.0321239008741161,0.0338922757920999,0.0352893088798799,0.0361316573892951,0.0367955334215656,0.0385688850402741,0.039076765667286),.UNSPECIFIED.);
#4950=VERTEX_POINT('',#7037);
#4951=(B_SPLINE_CURVE(2,(#7039,#7040,#7041),.UNSPECIFIED.,.F.,.F.)B_SPLINE_CURVE_WITH_KNOTS((3,3),(0.0,0.0017271592194604),.UNSPECIFIED.)RATIONAL_B_SPLINE_CURVE((1.0,1.01164891764045,1.0))BOUNDED_CURVE()REPRESENTATION_ITEM('')GEOMETRIC_REPRESENTATION_ITEM()CURVE());
#4952=CIRCLE('',#7048,0.00585230783847828);
#4953=VERTEX_POINT('',#7049);
#4954=VERTEX_POINT('',#7050);
#4955=LINE('',#7051,#7052);
#4956=VERTEX_POINT('',#7053);
#4957=B_SPLINE_CURVE_WITH_KNOTS('',3,(#7054,#7055,#7056,#7057,#7058,#7059,#7060,#7061,#7062,#7063,#7064,#7065,#7066),.UNSPECIFIED.,.F.,.F.,(4,3,3,3,4),(0.0259444953343607,0.0277521106877642,0.0285298273331948,0.0303268641036552,0.0321239008741156),.UNSPECIFIED.);
#4958=VERTEX_POINT('',#7067);
#4959=LINE('',#7068,#7069);
#4960=B_SPLINE_CURVE_WITH_KNOTS('',3,(#7070,#7071,#7072,#7073,#7074,#7075,#7076,#7077,#7078,#7079,#7080,#7081,#7082,#7083,#7084,#7085),.UNSPECIFIED.,.F.,.F.,(4,3,3,3,3,4),(0.0321239201709992,0.0338900383904123,0.035275469193083,0.0361099438941447,0.0367932589181591,0.038302134442168),.UNSPECIFIED.);
#4961=LINE('',#7086,#7087);
#4962=VERTEX_POINT('',#7088);
#4963=(B_SPLINE_CURVE(2,(#7090,#7091,#7092),.UNSPECIFIED.,.F.,.F.)B_SPLINE_CURVE_WITH_KNOTS((3,3),(0.0,0.00172724372376032),.UNSPECIFIED.)RATIONAL_B_SPLINE_CURVE((1.0,1.01165012980494,1.0))BOUNDED_CURVE()REPRESENTATION_ITEM('')GEOMETRIC_REPRESENTATION_ITEM()CURVE());
#4964=B_SPLINE_CURVE_WITH_KNOTS('',3,(#7099,#7100,#7101,#7102,#7103,#7104,#7105,#7106,#7107,#7108,#7109,#7110,#7111,#7112,#7113,#7114),.UNSPECIFIED.,.F.,.F.,(4,3,3,3,3,4),(0.0251721183083568,0.0269100687740174,0.0277902820779646,0.0285902105382575,0.0303570653546283,0.0321239201709992),.UNSPECIFIED.);
#4965=VERTEX_POINT('',#7115);
#4966=LINE('',#7116,#7117);
#4967=VERTEX_POINT('',#7118);
#4968=B_SPLINE_CURVE_WITH_KNOTS('',3,(#7119,#7120,#7121,#7122,#7123,#7124,#7125,#7126,#7127,#7128,#7129,#7130,#7131,#7132,#7133,#7134,#7135,#7136,#7137),.UNSPECIFIED.,.F.,.F.,(4,3,3,3,3,3,4),(0.0321239008741156,0.0338922757920992,0.0352893088798795,0.036131657389287,0.0367955334215635,0.0385688850402721,0.0390767656672856),.UNSPECIFIED.);
#4969=VERTEX_POINT('',#7138);
#4970=(B_SPLINE_CURVE(2,(#7140,#7141,#7142),.UNSPECIFIED.,.F.,.F.)B_SPLINE_CURVE_WITH_KNOTS((3,3),(0.0,0.0017271592002805),.UNSPECIFIED.)RATIONAL_B_SPLINE_CURVE((1.0,1.011648917365,1.0))BOUNDED_CURVE()REPRESENTATION_ITEM('')GEOMETRIC_REPRESENTATION_ITEM()CURVE());
#4971=CIRCLE('',#7149,0.00585230783847829);
#4972=VERTEX_POINT('',#7150);
#4973=VERTEX_POINT('',#7151);
#4974=LINE('',#7152,#7153);
#4975=VERTEX_POINT('',#7154);
#4976=B_SPLINE_CURVE_WITH_KNOTS('',3,(#7155,#7156,#7157,#7158,#7159,#7160,#7161,#7162,#7163,#7164,#7165,#7166,#7167),.UNSPECIFIED.,.F.,.F.,(4,3,3,3,4),(0.0259444953343607,0.0277521106877829,0.0285298273331869,0.0303268641036512,0.0321239008741155),.UNSPECIFIED.);
#4977=VERTEX_POINT('',#7168);
#4978=LINE('',#7169,#7170);
#4979=B_SPLINE_CURVE_WITH_KNOTS('',3,(#7171,#7172,#7173,#7174,#7175,#7176,#7177,#7178,#7179,#7180,#7181,#7182,#7183,#7184,#7185,#7186),.UNSPECIFIED.,.F.,.F.,(4,3,3,3,3,4),(0.0321239201709991,0.0338900383904126,0.0352754691930944,0.0361099438941663,0.0367932589181642,0.038302134442168),.UNSPECIFIED.);
#4980=LINE('',#7187,#7188);
#4981=VERTEX_POINT('',#7189);
#4982=(B_SPLINE_CURVE(2,(#7191,#7192,#7193),.UNSPECIFIED.,.F.,.F.)B_SPLINE_CURVE_WITH_KNOTS((3,3),(0.0,0.00172724372376036),.UNSPECIFIED.)RATIONAL_B_SPLINE_CURVE((1.0,1.0116501298052,1.0))BOUNDED_CURVE()REPRESENTATION_ITEM('')GEOMETRIC_REPRESENTATION_ITEM()CURVE());
#4983=B_SPLINE_CURVE_WITH_KNOTS('',3,(#7200,#7201,#7202,#7203,#7204,#7205,#7206,#7207,#7208,#7209,#7210,#7211,#7212,#7213,#7214,#7215),.UNSPECIFIED.,.F.,.F.,(4,3,3,3,3,4),(0.0251721183083567,0.0269100687740173,0.0277902820779661,0.0285902105382525,0.0303570653546258,0.0321239201709991),.UNSPECIFIED.);
#4984=VERTEX_POINT('',#7216);
#4985=LINE('',#7217,#7218);
#4986=VERTEX_POINT('',#7219);
#4987=B_SPLINE_CURVE_WITH_KNOTS('',3,(#7220,#7221,#7222,#7223,#7224,#7225,#7226,#7227,#7228,#7229,#7230,#7231,#7232,#7233,#7234,#7235,#7236,#7237,#7238),.UNSPECIFIED.,.F.,.F.,(4,3,3,3,3,3,4),(0.0321239008741155,0.0338922757920994,0.0352893088798798,0.036131657389288,0.0367955334215638,0.0385688850402723,0.0390767656672855),.UNSPECIFIED.);
#4988=VERTEX_POINT('',#7239);
#4989=(B_SPLINE_CURVE(2,(#7241,#7242,#7243),.UNSPECIFIED.,.F.,.F.)B_SPLINE_CURVE_WITH_KNOTS((3,3),(0.0,0.00172715920028043),.UNSPECIFIED.)RATIONAL_B_SPLINE_CURVE((1.0,1.01164891736486,1.0))BOUNDED_CURVE()REPRESENTATION_ITEM('')GEOMETRIC_REPRESENTATION_ITEM()CURVE());
#4990=CIRCLE('',#7250,0.00585230783847828);
#4991=VERTEX_POINT('',#7251);
#4992=VERTEX_POINT('',#7252);
#4993=LINE('',#7253,#7254);
#4994=VERTEX_POINT('',#7255);
#4995=B_SPLINE_CURVE_WITH_KNOTS('',3,(#7256,#7257,#7258,#7259,#7260,#7261,#7262,#7263,#7264,#7265,#7266,#7267,#7268),.UNSPECIFIED.,.F.,.F.,(4,3,3,3,4),(0.0259444953343613,0.0277521106877749,0.0285298273331897,0.0303268641036529,0.0321239008741161),.UNSPECIFIED.);
#4996=VERTEX_POINT('',#7269);
#4997=LINE('',#7270,#7271);
#4998=B_SPLINE_CURVE_WITH_KNOTS('',3,(#7272,#7273,#7274,#7275,#7276,#7277,#7278,#7279,#7280,#7281,#7282,#7283,#7284,#7285,#7286,#7287),.UNSPECIFIED.,.F.,.F.,(4,3,3,3,3,4),(0.0321239201709991,0.0338900383904125,0.0352754691931031,0.0361099438941724,0.0367932589181655,0.0383021344421679),.UNSPECIFIED.);
#4999=LINE('',#7288,#7289);
#5000=VERTEX_POINT('',#7290);
#5001=(B_SPLINE_CURVE(2,(#7292,#7293,#7294),.UNSPECIFIED.,.F.,.F.)B_SPLINE_CURVE_WITH_KNOTS((3,3),(0.0,0.00172724372376039),.UNSPECIFIED.)RATIONAL_B_SPLINE_CURVE((1.0,1.01165012980588,1.0))BOUNDED_CURVE()REPRESENTATION_ITEM('')GEOMETRIC_REPRESENTATION_ITEM()CURVE());
#5002=B_SPLINE_CURVE_WITH_KNOTS('',3,(#7301,#7302,#7303,#7304,#7305,#7306,#7307,#7308,#7309,#7310,#7311,#7312,#7313,#7314,#7315,#7316),.UNSPECIFIED.,.F.,.F.,(4,3,3,3,3,4),(0.0251721183083567,0.0269100687740173,0.0277902820779672,0.02859021053825,0.0303570653546246,0.0321239201709991),.UNSPECIFIED.);
#5003=VERTEX_POINT('',#7317);
#5004=LINE('',#7318,#7319);
#5005=VERTEX_POINT('',#7320);
#5006=CIRCLE('',#7321,0.00518);
#5007=LINE('',#7322,#7323);
#5008=VERTEX_POINT('',#7324);
#5009=LINE('',#7325,#7326);
#5010=VERTEX_POINT('',#7327);
#5011=B_SPLINE_CURVE_WITH_KNOTS('',3,(#7328,#7329,#7330,#7331,#7332,#7333,#7334,#7335,#7336,#7337,#7338,#7339,#7340,#7341,#7342,#7343,#7344,#7345,#7346,#7347,#7348,#7349,#7350,#7351,#7352,#7353,#7354,#7355,#7356,#7357,#7358,#7359,#7360,#7361,#7362,#7363,#7364,#7365,#7366,#7367,#7368,#7369,#7370,#7371,#7372,#7373,#7374,#7375,#7376,#7377,#7378,#7379),.UNSPECIFIED.,.F.,.F.,(4,3,3,3,3,3,3,3,3,3,3,3,3,3,3,3,3,4),(0.0052682250017365,0.00703222046994292,0.00799825932472201,0.00868401870375521,0.0104610165881005,0.0114891982018803,0.0125041112156167,0.0142980592098216,0.0158392249658951,0.0164883391263513,0.0182632265289566,0.0197968514514844,0.0205674670585776,0.0223353774094984,0.0237635166275184,0.0246205357507139,0.0263856886387239,0.0268556951692559),.UNSPECIFIED.);
#5012=(B_SPLINE_CURVE(2,(#7381,#7382,#7383),.UNSPECIFIED.,.F.,.F.)B_SPLINE_CURVE_WITH_KNOTS((3,3),(0.0,0.0053762541287043),.UNSPECIFIED.)RATIONAL_B_SPLINE_CURVE((1.0,1.12220668043692,1.0))BOUNDED_CURVE()REPRESENTATION_ITEM('')GEOMETRIC_REPRESENTATION_ITEM()CURVE());
#5013=VERTEX_POINT('',#7390);
#5014=LINE('',#7391,#7392);
#5015=VERTEX_POINT('',#7393);
#5016=B_SPLINE_CURVE_WITH_KNOTS('',3,(#7394,#7395,#7396,#7397,#7398,#7399,#7400,#7401,#7402,#7403,#7404,#7405,#7406,#7407,#7408,#7409,#7410,#7411,#7412,#7413,#7414,#7415,#7416,#7417,#7418,#7419,#7420,#7421,#7422,#7423,#7424,#7425,#7426,#7427,#7428,#7429,#7430,#7431,#7432,#7433,#7434,#7435,#7436,#7437,#7438,#7439,#7440,#7441,#7442,#7443,#7444,#7445),.UNSPECIFIED.,.F.,.F.,(4,3,3,3,3,3,3,3,3,3,3,3,3,3,3,3,3,4),(0.0052682250017365,0.00703222046994292,0.00799825932472201,0.00868401870375521,0.0104610165881005,0.0114891982018803,0.0125041112156167,0.0142980592098216,0.0158392249658951,0.0164883391263513,0.0182632265289566,0.0197968514514844,0.0205674670585776,0.0223353774094984,0.0237635166275184,0.0246205357507139,0.0263856886387239,0.0268556951692559),.UNSPECIFIED.);
#5017=VERTEX_POINT('',#7446);
#5018=LINE('',#7447,#7448);
#5019=B_SPLINE_CURVE_WITH_KNOTS('',3,(#7449,#7450,#7451,#7452,#7453,#7454,#7455,#7456,#7457,#7458,#7459,#7460,#7461,#7462,#7463,#7464),.UNSPECIFIED.,.F.,.F.,(4,3,3,3,3,4),(0.0160619504370578,0.0178324144549748,0.019219597149598,0.0200499596401713,0.0207456053652153,0.0222413558891933),.UNSPECIFIED.);
#5020=VERTEX_POINT('',#7465);
#5021=LINE('',#7466,#7467);
#5022=VERTEX_POINT('',#7468);
#5023=CIRCLE('',#7469,0.00585230783847829);
#5024=VERTEX_POINT('',#7470);
#5025=(B_SPLINE_CURVE(2,(#7472,#7473,#7474),.UNSPECIFIED.,.F.,.F.)B_SPLINE_CURVE_WITH_KNOTS((3,3),(0.0,0.0017271592002802),.UNSPECIFIED.)RATIONAL_B_SPLINE_CURVE((1.0,1.01164891736473,1.0))BOUNDED_CURVE()REPRESENTATION_ITEM('')GEOMETRIC_REPRESENTATION_ITEM()CURVE());
#5026=B_SPLINE_CURVE_WITH_KNOTS('',3,(#7481,#7482,#7483,#7484,#7485,#7486,#7487,#7488,#7489,#7490,#7491,#7492,#7493,#7494,#7495,#7496),.UNSPECIFIED.,.F.,.F.,(4,3,3,3,3,4),(0.00910908574203179,0.0108473019157883,0.0117286489942332,0.0125158248740703,0.014288887655564,0.0160619504370578),.UNSPECIFIED.);
#5027=VERTEX_POINT('',#7497);
#5028=LINE('',#7498,#7499);
#5029=VERTEX_POINT('',#7500);
#5030=B_SPLINE_CURVE_WITH_KNOTS('',3,(#7501,#7502,#7503,#7504,#7505,#7506,#7507,#7508,#7509,#7510,#7511,#7512,#7513,#7514,#7515,#7516,#7517,#7518,#7519),.UNSPECIFIED.,.F.,.F.,(4,3,3,3,3,3,4),(0.0160619600854996,0.0178346177605497,0.0192284396836245,0.0200391988895659,0.0207742017108618,0.0225499052458577,0.0230159035920431),.UNSPECIFIED.);
#5031=(B_SPLINE_CURVE(2,(#7521,#7522,#7523),.UNSPECIFIED.,.F.,.F.)B_SPLINE_CURVE_WITH_KNOTS((3,3),(0.0,0.00172724372376034),.UNSPECIFIED.)RATIONAL_B_SPLINE_CURVE((1.0,1.01165012980649,1.0))BOUNDED_CURVE()REPRESENTATION_ITEM('')GEOMETRIC_REPRESENTATION_ITEM()CURVE());
#5032=VERTEX_POINT('',#7530);
#5033=LINE('',#7531,#7532);
#5034=VERTEX_POINT('',#7533);
#5035=B_SPLINE_CURVE_WITH_KNOTS('',3,(#7534,#7535,#7536,#7537,#7538,#7539,#7540,#7541,#7542,#7543,#7544,#7545,#7546),.UNSPECIFIED.,.F.,.F.,(4,3,3,3,4),(0.00988135725554397,0.0117022515241059,0.01250010254486,0.0142810313151798,0.0160619600854996),.UNSPECIFIED.);
#5036=VERTEX_POINT('',#7547);
#5037=LINE('',#7548,#7549);
#5038=B_SPLINE_CURVE_WITH_KNOTS('',3,(#7550,#7551,#7552,#7553,#7554,#7555,#7556,#7557,#7558,#7559,#7560,#7561,#7562,#7563,#7564,#7565,#7566,#7567,#7568,#7569,#7570,#7571,#7572,#7573,#7574,#7575,#7576,#7577,#7578,#7579,#7580,#7581,#7582,#7583,#7584,#7585,#7586,#7587,#7588,#7589,#7590,#7591,#7592,#7593,#7594,#7595,#7596,#7597,#7598,#7599,#7600,#7601),.UNSPECIFIED.,.F.,.F.,(4,3,3,3,3,3,3,3,3,3,3,3,3,3,3,3,3,4),(0.00526895035922912,0.00703451854965576,0.0079683274210495,0.00869529645736336,0.0104703507002909,0.011489243149165,0.0121487662353351,0.0137956681723778,0.0155555662462795,0.0165363820246224,0.0183070649034197,0.0198499492196479,0.0204983848559824,0.0222644154311785,0.0236697919639909,0.0245892271097925,0.0263560102237761,0.02685495066682),.UNSPECIFIED.);
#5039=VERTEX_POINT('',#7602);
#5040=LINE('',#7603,#7604);
#5041=VERTEX_POINT('',#7605);
#5042=CIRCLE('',#7606,0.00585230783847829);
#5043=VERTEX_POINT('',#7607);
#5044=(B_SPLINE_CURVE(2,(#7609,#7610,#7611),.UNSPECIFIED.,.F.,.F.)B_SPLINE_CURVE_WITH_KNOTS((3,3),(0.0,0.00166937225635353),.UNSPECIFIED.)RATIONAL_B_SPLINE_CURVE((1.0,1.01083600745542,1.0))BOUNDED_CURVE()REPRESENTATION_ITEM('')GEOMETRIC_REPRESENTATION_ITEM()CURVE());
#5045=B_SPLINE_CURVE_WITH_KNOTS('',3,(#7618,#7619,#7620,#7621,#7622,#7623,#7624,#7625,#7626,#7627,#7628,#7629,#7630,#7631,#7632,#7633,#7634,#7635,#7636,#7637,#7638,#7639,#7640,#7641,#7642,#7643,#7644,#7645,#7646,#7647,#7648,#7649,#7650,#7651,#7652,#7653,#7654,#7655,#7656,#7657,#7658,#7659,#7660,#7661,#7662,#7663,#7664,#7665,#7666,#7667,#7668,#7669),.UNSPECIFIED.,.F.,.F.,(4,3,3,3,3,3,3,3,3,3,3,3,3,3,3,3,3,4),(0.00526895035922912,0.00703451854965576,0.0079683274210495,0.00869529645736336,0.0104703507002909,0.011489243149165,0.0121487662353351,0.0137956681723778,0.0155555662462795,0.0165363820246224,0.0183070649034197,0.0198499492196479,0.0204983848559824,0.0222644154311785,0.0236697919639909,0.0245892271097925,0.0263560102237761,0.02685495066682),.UNSPECIFIED.);
#5046=VERTEX_POINT('',#7670);
#5047=LINE('',#7671,#7672);
#5048=VERTEX_POINT('',#7673);
#5049=B_SPLINE_CURVE_WITH_KNOTS('',3,(#7674,#7675,#7676,#7677,#7678,#7679,#7680,#7681,#7682,#7683,#7684,#7685,#7686,#7687,#7688,#7689,#7690,#7691,#7692,#7693,#7694,#7695,#7696,#7697,#7698,#7699,#7700,#7701,#7702,#7703,#7704,#7705,#7706,#7707,#7708,#7709,#7710,#7711,#7712,#7713,#7714,#7715,#7716,#7717,#7718,#7719,#7720,#7721,#7722,#7723,#7724,#7725),.UNSPECIFIED.,.F.,.F.,(4,3,3,3,3,3,3,3,3,3,3,3,3,3,3,3,3,4),(0.00526822500173936,0.0070322204699452,0.00799825932473191,0.00868401870375774,0.0104610165881029,0.0114891982018852,0.0125041112156165,0.0142980592098213,0.0158392249658898,0.016488339126351,0.0182632265289563,0.019796851451485,0.0205674670585812,0.0223353774095019,0.0237635166275254,0.0246205357507161,0.0263856886387268,0.0268556951692548),.UNSPECIFIED.);
#5050=(B_SPLINE_CURVE(2,(#7727,#7728,#7729),.UNSPECIFIED.,.F.,.F.)B_SPLINE_CURVE_WITH_KNOTS((3,3),(0.0,0.00537625412870396),.UNSPECIFIED.)RATIONAL_B_SPLINE_CURVE((1.0,1.1222066804369,1.0))BOUNDED_CURVE()REPRESENTATION_ITEM('')GEOMETRIC_REPRESENTATION_ITEM()CURVE());
#5051=VERTEX_POINT('',#7736);
#5052=LINE('',#7737,#7738);
#5053=VERTEX_POINT('',#7739);
#5054=B_SPLINE_CURVE_WITH_KNOTS('',3,(#7740,#7741,#7742,#7743,#7744,#7745,#7746,#7747,#7748,#7749,#7750,#7751,#7752,#7753,#7754,#7755,#7756,#7757,#7758,#7759,#7760,#7761,#7762,#7763,#7764,#7765,#7766,#7767,#7768,#7769,#7770,#7771,#7772,#7773,#7774,#7775,#7776,#7777,#7778,#7779,#7780,#7781,#7782,#7783,#7784,#7785,#7786,#7787,#7788,#7789,#7790,#7791),.UNSPECIFIED.,.F.,.F.,(4,3,3,3,3,3,3,3,3,3,3,3,3,3,3,3,3,4),(0.00526822500173936,0.0070322204699452,0.00799825932473191,0.00868401870375774,0.0104610165881029,0.0114891982018852,0.0125041112156165,0.0142980592098213,0.0158392249658898,0.016488339126351,0.0182632265289563,0.019796851451485,0.0205674670585812,0.0223353774095019,0.0237635166275254,0.0246205357507161,0.0263856886387268,0.0268556951692548),.UNSPECIFIED.);
#5055=VERTEX_POINT('',#7792);
#5056=LINE('',#7793,#7794);
#5057=B_SPLINE_CURVE_WITH_KNOTS('',3,(#7795,#7796,#7797,#7798,#7799,#7800,#7801,#7802,#7803,#7804,#7805,#7806,#7807,#7808,#7809,#7810),.UNSPECIFIED.,.F.,.F.,(4,3,3,3,3,4),(0.0160619504370578,0.0178324144549746,0.0192195971495809,0.0200499596401544,0.0207456053652118,0.0222413558891932),.UNSPECIFIED.);
#5058=VERTEX_POINT('',#7811);
#5059=LINE('',#7812,#7813);
#5060=VERTEX_POINT('',#7814);
#5061=CIRCLE('',#7815,0.00585230783847829);
#5062=VERTEX_POINT('',#7816);
#5063=(B_SPLINE_CURVE(2,(#7818,#7819,#7820),.UNSPECIFIED.,.F.,.F.)B_SPLINE_CURVE_WITH_KNOTS((3,3),(0.0,0.0017271592002803),.UNSPECIFIED.)RATIONAL_B_SPLINE_CURVE((1.0,1.0116489173648,1.0))BOUNDED_CURVE()REPRESENTATION_ITEM('')GEOMETRIC_REPRESENTATION_ITEM()CURVE());
#5064=B_SPLINE_CURVE_WITH_KNOTS('',3,(#7827,#7828,#7829,#7830,#7831,#7832,#7833,#7834,#7835,#7836,#7837,#7838,#7839,#7840,#7841,#7842),.UNSPECIFIED.,.F.,.F.,(4,3,3,3,3,4),(0.0091090857420317,0.0108473019157882,0.0117286489942344,0.0125158248740687,0.0142888876555632,0.0160619504370578),.UNSPECIFIED.);
#5065=VERTEX_POINT('',#7843);
#5066=LINE('',#7844,#7845);
#5067=VERTEX_POINT('',#7846);
#5068=B_SPLINE_CURVE_WITH_KNOTS('',3,(#7847,#7848,#7849,#7850,#7851,#7852,#7853,#7854,#7855,#7856,#7857,#7858,#7859,#7860,#7861,#7862,#7863,#7864,#7865),.UNSPECIFIED.,.F.,.F.,(4,3,3,3,3,3,4),(0.0160619600854996,0.0178346177605497,0.0192284396836243,0.020039198889562,0.0207742017108609,0.0225499052458568,0.0230159035920431),.UNSPECIFIED.);
#5069=(B_SPLINE_CURVE(2,(#7867,#7868,#7869),.UNSPECIFIED.,.F.,.F.)B_SPLINE_CURVE_WITH_KNOTS((3,3),(0.0,0.0017272437237602),.UNSPECIFIED.)RATIONAL_B_SPLINE_CURVE((1.0,1.01165012980534,1.0))BOUNDED_CURVE()REPRESENTATION_ITEM('')GEOMETRIC_REPRESENTATION_ITEM()CURVE());
#5070=VERTEX_POINT('',#7876);
#5071=LINE('',#7877,#7878);
#5072=VERTEX_POINT('',#7879);
#5073=B_SPLINE_CURVE_WITH_KNOTS('',3,(#7880,#7881,#7882,#7883,#7884,#7885,#7886,#7887,#7888,#7889,#7890,#7891,#7892),.UNSPECIFIED.,.F.,.F.,(4,3,3,3,4),(0.00988135725554397,0.0117022515241352,0.0125001025448607,0.0142810313151802,0.0160619600854996),.UNSPECIFIED.);
#5074=VERTEX_POINT('',#7893);
#5075=LINE('',#7894,#7895);
#5076=B_SPLINE_CURVE_WITH_KNOTS('',3,(#7896,#7897,#7898,#7899,#7900,#7901,#7902,#7903,#7904,#7905,#7906,#7907,#7908,#7909,#7910,#7911),.UNSPECIFIED.,.F.,.F.,(4,3,3,3,3,4),(0.0160619504370578,0.0178324144549747,0.0192195971495859,0.0200499596401589,0.0207456053652127,0.0222413558891932),.UNSPECIFIED.);
#5077=VERTEX_POINT('',#7912);
#5078=LINE('',#7913,#7914);
#5079=VERTEX_POINT('',#7915);
#5080=CIRCLE('',#7916,0.00584464099806029);
#5081=VERTEX_POINT('',#7917);
#5082=(B_SPLINE_CURVE(2,(#7919,#7920,#7921),.UNSPECIFIED.,.F.,.F.)B_SPLINE_CURVE_WITH_KNOTS((3,3),(0.0,0.00170951265909577),.UNSPECIFIED.)RATIONAL_B_SPLINE_CURVE((1.0,1.01142831292875,1.0))BOUNDED_CURVE()REPRESENTATION_ITEM('')GEOMETRIC_REPRESENTATION_ITEM()CURVE());
#5083=B_SPLINE_CURVE_WITH_KNOTS('',3,(#7928,#7929,#7930,#7931,#7932,#7933,#7934,#7935,#7936,#7937,#7938,#7939,#7940,#7941,#7942,#7943),.UNSPECIFIED.,.F.,.F.,(4,3,3,3,3,4),(0.0091090857420317,0.0108473019157882,0.0117286489942322,0.0125158248740696,0.0142888876555637,0.0160619504370578),.UNSPECIFIED.);
#5084=VERTEX_POINT('',#7944);
#5085=LINE('',#7945,#7946);
#5086=VERTEX_POINT('',#7947);
#5087=B_SPLINE_CURVE_WITH_KNOTS('',3,(#7948,#7949,#7950,#7951,#7952,#7953,#7954,#7955,#7956,#7957,#7958,#7959,#7960,#7961,#7962,#7963,#7964,#7965,#7966),.UNSPECIFIED.,.F.,.F.,(4,3,3,3,3,3,4),(0.0160619600854996,0.0178346177605496,0.0192284396836245,0.0200391988895687,0.0207742017108624,0.0225499052458585,0.0230159035920431),.UNSPECIFIED.);
#5088=(B_SPLINE_CURVE(2,(#7968,#7969,#7970),.UNSPECIFIED.,.F.,.F.)B_SPLINE_CURVE_WITH_KNOTS((3,3),(0.0,0.00170959718409133),.UNSPECIFIED.)RATIONAL_B_SPLINE_CURVE((1.0,1.01142951376942,1.0))BOUNDED_CURVE()REPRESENTATION_ITEM('')GEOMETRIC_REPRESENTATION_ITEM()CURVE());
#5089=VERTEX_POINT('',#7977);
#5090=LINE('',#7978,#7979);
#5091=VERTEX_POINT('',#7980);
#5092=B_SPLINE_CURVE_WITH_KNOTS('',3,(#7981,#7982,#7983,#7984,#7985,#7986,#7987,#7988,#7989,#7990,#7991,#7992,#7993),.UNSPECIFIED.,.F.,.F.,(4,3,3,3,4),(0.00988135725554398,0.0117022515241335,0.0125001025448645,0.0142810313151821,0.0160619600854996),.UNSPECIFIED.);
#5093=VERTEX_POINT('',#7994);
#5094=LINE('',#7995,#7996);
#5095=B_SPLINE_CURVE_WITH_KNOTS('',3,(#7997,#7998,#7999,#8000,#8001,#8002,#8003,#8004,#8005,#8006,#8007,#8008,#8009,#8010,#8011,#8012),.UNSPECIFIED.,.F.,.F.,(4,3,3,3,3,4),(0.0160619504370583,0.017832414454975,0.0192195971495947,0.0200499596401698,0.0207456053652158,0.0222413558891938),.UNSPECIFIED.);
#5096=VERTEX_POINT('',#8013);
#5097=LINE('',#8014,#8015);
#5098=VERTEX_POINT('',#8016);
#5099=CIRCLE('',#8017,0.00585230783847828);
#5100=VERTEX_POINT('',#8018);
#5101=(B_SPLINE_CURVE(2,(#8020,#8021,#8022),.UNSPECIFIED.,.F.,.F.)B_SPLINE_CURVE_WITH_KNOTS((3,3),(0.0,0.0017271592194604),.UNSPECIFIED.)RATIONAL_B_SPLINE_CURVE((1.0,1.01164891764085,1.0))BOUNDED_CURVE()REPRESENTATION_ITEM('')GEOMETRIC_REPRESENTATION_ITEM()CURVE());
#5102=B_SPLINE_CURVE_WITH_KNOTS('',3,(#8029,#8030,#8031,#8032,#8033,#8034,#8035,#8036,#8037,#8038,#8039,#8040,#8041,#8042,#8043,#8044),.UNSPECIFIED.,.F.,.F.,(4,3,3,3,3,4),(0.00910908569097825,0.0108473018774983,0.0117286493196928,0.0125158218990145,0.0142888861680364,0.0160619504370583),.UNSPECIFIED.);
#5103=VERTEX_POINT('',#8045);
#5104=LINE('',#8046,#8047);
#5105=VERTEX_POINT('',#8048);
#5106=B_SPLINE_CURVE_WITH_KNOTS('',3,(#8049,#8050,#8051,#8052,#8053,#8054,#8055,#8056,#8057,#8058,#8059,#8060,#8061,#8062,#8063,#8064,#8065,#8066,#8067),.UNSPECIFIED.,.F.,.F.,(4,3,3,3,3,3,4),(0.0160619600854996,0.0178346177605497,0.0192284396836243,0.0200391988895676,0.0207742017108622,0.0225499052458584,0.0230159035920431),.UNSPECIFIED.);
#5107=(B_SPLINE_CURVE(2,(#8069,#8070,#8071),.UNSPECIFIED.,.F.,.F.)B_SPLINE_CURVE_WITH_KNOTS((3,3),(0.0,0.00172724372376033),.UNSPECIFIED.)RATIONAL_B_SPLINE_CURVE((1.0,1.01165012980562,1.0))BOUNDED_CURVE()REPRESENTATION_ITEM('')GEOMETRIC_REPRESENTATION_ITEM()CURVE());
#5108=VERTEX_POINT('',#8078);
#5109=LINE('',#8079,#8080);
#5110=VERTEX_POINT('',#8081);
#5111=B_SPLINE_CURVE_WITH_KNOTS('',3,(#8082,#8083,#8084,#8085,#8086,#8087,#8088,#8089,#8090,#8091,#8092,#8093,#8094),.UNSPECIFIED.,.F.,.F.,(4,3,3,3,4),(0.00988135725554399,0.0117022515241329,0.0125001025448629,0.0142810313151812,0.0160619600854996),.UNSPECIFIED.);
#5112=VERTEX_POINT('',#8095);
#5113=LINE('',#8096,#8097);
#5114=B_SPLINE_CURVE_WITH_KNOTS('',3,(#8098,#8099,#8100,#8101,#8102,#8103,#8104,#8105,#8106,#8107,#8108,#8109,#8110,#8111,#8112,#8113),.UNSPECIFIED.,.F.,.F.,(4,3,3,3,3,4),(0.0160619504370578,0.0178324144549746,0.0192195971496096,0.0200499596401828,0.0207456053652183,0.0222413558891932),.UNSPECIFIED.);
#5115=VERTEX_POINT('',#8114);
#5116=LINE('',#8115,#8116);
#5117=VERTEX_POINT('',#8117);
#5118=CIRCLE('',#8118,0.00585230783847829);
#5119=VERTEX_POINT('',#8119);
#5120=(B_SPLINE_CURVE(2,(#8121,#8122,#8123),.UNSPECIFIED.,.F.,.F.)B_SPLINE_CURVE_WITH_KNOTS((3,3),(0.0,0.0017271592002805),.UNSPECIFIED.)RATIONAL_B_SPLINE_CURVE((1.0,1.01164891736594,1.0))BOUNDED_CURVE()REPRESENTATION_ITEM('')GEOMETRIC_REPRESENTATION_ITEM()CURVE());
#5121=B_SPLINE_CURVE_WITH_KNOTS('',3,(#8130,#8131,#8132,#8133,#8134,#8135,#8136,#8137,#8138,#8139,#8140,#8141,#8142,#8143,#8144,#8145),.UNSPECIFIED.,.F.,.F.,(4,3,3,3,3,4),(0.00910908574203165,0.0108473019157882,0.01172864899423,0.012515824874069,0.0142888876555634,0.0160619504370578),.UNSPECIFIED.);
#5122=VERTEX_POINT('',#8146);
#5123=LINE('',#8147,#8148);
#5124=VERTEX_POINT('',#8149);
#5125=B_SPLINE_CURVE_WITH_KNOTS('',3,(#8150,#8151,#8152,#8153,#8154,#8155,#8156,#8157,#8158,#8159,#8160,#8161,#8162,#8163,#8164,#8165,#8166,#8167,#8168),.UNSPECIFIED.,.F.,.F.,(4,3,3,3,3,3,4),(0.0160619600854996,0.0178346177605496,0.0192284396836244,0.0200391988895651,0.0207742017108616,0.0225499052458577,0.0230159035920431),.UNSPECIFIED.);
#5126=(B_SPLINE_CURVE(2,(#8170,#8171,#8172),.UNSPECIFIED.,.F.,.F.)B_SPLINE_CURVE_WITH_KNOTS((3,3),(0.0,0.00172724372376037),.UNSPECIFIED.)RATIONAL_B_SPLINE_CURVE((1.0,1.01165012980629,1.0))BOUNDED_CURVE()REPRESENTATION_ITEM('')GEOMETRIC_REPRESENTATION_ITEM()CURVE());
#5127=VERTEX_POINT('',#8179);
#5128=LINE('',#8180,#8181);
#5129=VERTEX_POINT('',#8182);
#5130=B_SPLINE_CURVE_WITH_KNOTS('',3,(#8183,#8184,#8185,#8186,#8187,#8188,#8189,#8190,#8191,#8192,#8193,#8194,#8195),.UNSPECIFIED.,.F.,.F.,(4,3,3,3,4),(0.00988135725554406,0.0117022515241477,0.0125001025448623,0.014281031315181,0.0160619600854996),.UNSPECIFIED.);
#5131=VERTEX_POINT('',#8196);
#5132=LINE('',#8197,#8198);
#5133=B_SPLINE_CURVE_WITH_KNOTS('',3,(#8199,#8200,#8201,#8202,#8203,#8204,#8205,#8206,#8207,#8208,#8209,#8210,#8211,#8212,#8213,#8214),.UNSPECIFIED.,.F.,.F.,(4,3,3,3,3,4),(0.0160619504370578,0.0178324144549748,0.0192195971495743,0.0200499596401537,0.0207456053652114,0.0222413558891932),.UNSPECIFIED.);
#5134=VERTEX_POINT('',#8215);
#5135=LINE('',#8216,#8217);
#5136=VERTEX_POINT('',#8218);
#5137=CIRCLE('',#8219,0.00585230783847828);
#5138=VERTEX_POINT('',#8220);
#5139=(B_SPLINE_CURVE(2,(#8222,#8223,#8224),.UNSPECIFIED.,.F.,.F.)B_SPLINE_CURVE_WITH_KNOTS((3,3),(0.0,0.00172715920028042),.UNSPECIFIED.)RATIONAL_B_SPLINE_CURVE((1.0,1.01164891736554,1.0))BOUNDED_CURVE()REPRESENTATION_ITEM('')GEOMETRIC_REPRESENTATION_ITEM()CURVE());
#5140=B_SPLINE_CURVE_WITH_KNOTS('',3,(#8231,#8232,#8233,#8234,#8235,#8236,#8237,#8238,#8239,#8240,#8241,#8242,#8243,#8244,#8245,#8246),.UNSPECIFIED.,.F.,.F.,(4,3,3,3,3,4),(0.00910908574203165,0.0108473019157882,0.0117286489942322,0.0125158248740689,0.0142888876555634,0.0160619504370578),.UNSPECIFIED.);
#5141=VERTEX_POINT('',#8247);
#5142=LINE('',#8248,#8249);
#5143=VERTEX_POINT('',#8250);
#5144=B_SPLINE_CURVE_WITH_KNOTS('',3,(#8251,#8252,#8253,#8254,#8255,#8256,#8257,#8258,#8259,#8260,#8261,#8262,#8263,#8264,#8265,#8266,#8267,#8268,#8269),.UNSPECIFIED.,.F.,.F.,(4,3,3,3,3,3,4),(0.0160619600854996,0.0178346177605497,0.0192284396836243,0.0200391988895614,0.0207742017108608,0.0225499052458571,0.0230159035920431),.UNSPECIFIED.);
#5145=(B_SPLINE_CURVE(2,(#8271,#8272,#8273),.UNSPECIFIED.,.F.,.F.)B_SPLINE_CURVE_WITH_KNOTS((3,3),(0.0,0.00172724372376039),.UNSPECIFIED.)RATIONAL_B_SPLINE_CURVE((1.0,1.01165012980622,1.0))BOUNDED_CURVE()REPRESENTATION_ITEM('')GEOMETRIC_REPRESENTATION_ITEM()CURVE());
#5146=VERTEX_POINT('',#8280);
#5147=LINE('',#8281,#8282);
#5148=VERTEX_POINT('',#8283);
#5149=B_SPLINE_CURVE_WITH_KNOTS('',3,(#8284,#8285,#8286,#8287,#8288,#8289,#8290,#8291,#8292,#8293,#8294,#8295,#8296),.UNSPECIFIED.,.F.,.F.,(4,3,3,3,4),(0.00988135725554404,0.0117022515241327,0.0125001025448655,0.0142810313151826,0.0160619600854996),.UNSPECIFIED.);
#5150=VERTEX_POINT('',#8297);
#5151=LINE('',#8298,#8299);
#5152=B_SPLINE_CURVE_WITH_KNOTS('',3,(#8300,#8301,#8302,#8303,#8304,#8305,#8306,#8307,#8308,#8309,#8310,#8311,#8312,#8313,#8314,#8315),.UNSPECIFIED.,.F.,.F.,(4,3,3,3,3,4),(0.0160619504370583,0.0178324144549752,0.0192195971495738,0.0200499596401499,0.0207456053652112,0.0222413558891937),.UNSPECIFIED.);
#5153=VERTEX_POINT('',#8316);
#5154=LINE('',#8317,#8318);
#5155=VERTEX_POINT('',#8319);
#5156=B_SPLINE_CURVE_WITH_KNOTS('',3,(#8320,#8321,#8322,#8323,#8324,#8325,#8326,#8327,#8328,#8329,#8330,#8331,#8332,#8333,#8334,#8335,#8336,#8337,#8338),.UNSPECIFIED.,.F.,.F.,(4,3,3,3,3,3,4),(0.0321239008741161,0.0338922757921,0.0352893088798804,0.0361316573892926,0.0367955334215651,0.0385688850402736,0.0390767656672861),.UNSPECIFIED.);
#5157=VERTEX_POINT('',#8339);
#5158=(B_SPLINE_CURVE(2,(#8341,#8342,#8343),.UNSPECIFIED.,.F.,.F.)B_SPLINE_CURVE_WITH_KNOTS((3,3),(0.0,0.00173850422896091),.UNSPECIFIED.)RATIONAL_B_SPLINE_CURVE((1.0,1.01179166386935,1.0))BOUNDED_CURVE()REPRESENTATION_ITEM('')GEOMETRIC_REPRESENTATION_ITEM()CURVE());
#5159=CIRCLE('',#8350,0.00585725582270143);
#5160=VERTEX_POINT('',#8351);
#5161=LINE('',#8352,#8353);
#5162=VERTEX_POINT('',#8354);
#5163=CIRCLE('',#8355,0.00585725582270143);
#5164=VERTEX_POINT('',#8356);
#5165=(B_SPLINE_CURVE(2,(#8358,#8359,#8360),.UNSPECIFIED.,.F.,.F.)B_SPLINE_CURVE_WITH_KNOTS((3,3),(0.0,0.00173850422896092),.UNSPECIFIED.)RATIONAL_B_SPLINE_CURVE((1.0,1.01179166386935,1.0))BOUNDED_CURVE()REPRESENTATION_ITEM('')GEOMETRIC_REPRESENTATION_ITEM()CURVE());
#5166=B_SPLINE_CURVE_WITH_KNOTS('',3,(#8367,#8368,#8369,#8370,#8371,#8372,#8373,#8374,#8375,#8376,#8377,#8378,#8379,#8380,#8381,#8382),.UNSPECIFIED.,.F.,.F.,(4,3,3,3,3,4),(0.00910908569097819,0.0108473018774982,0.0117286493196919,0.0125158218990146,0.0142888861680364,0.0160619504370583),.UNSPECIFIED.);
#5167=VERTEX_POINT('',#8383);
#5168=(B_SPLINE_CURVE(2,(#8385,#8386,#8387),.UNSPECIFIED.,.F.,.F.)B_SPLINE_CURVE_WITH_KNOTS((3,3),(0.0,0.00131491829181107),.UNSPECIFIED.)RATIONAL_B_SPLINE_CURVE((1.0,1.00647421472917,1.0))BOUNDED_CURVE()REPRESENTATION_ITEM('')GEOMETRIC_REPRESENTATION_ITEM()CURVE());
#5169=VERTEX_POINT('',#8394);
#5170=LINE('',#8395,#8396);
#5171=(B_SPLINE_CURVE(2,(#8398,#8399,#8400),.UNSPECIFIED.,.F.,.F.)B_SPLINE_CURVE_WITH_KNOTS((3,3),(0.0,0.00131491829181108),.UNSPECIFIED.)RATIONAL_B_SPLINE_CURVE((1.0,1.00647421472717,1.0))BOUNDED_CURVE()REPRESENTATION_ITEM('')GEOMETRIC_REPRESENTATION_ITEM()CURVE());
#5172=VERTEX_POINT('',#8407);
#5173=(B_SPLINE_CURVE(2,(#8409,#8410,#8411),.UNSPECIFIED.,.F.,.F.)B_SPLINE_CURVE_WITH_KNOTS((3,3),(0.0,0.00130499475151167),.UNSPECIFIED.)RATIONAL_B_SPLINE_CURVE((1.0,1.00638317156883,1.0))BOUNDED_CURVE()REPRESENTATION_ITEM('')GEOMETRIC_REPRESENTATION_ITEM()CURVE());
#5174=(B_SPLINE_CURVE(2,(#8419,#8420,#8421),.UNSPECIFIED.,.F.,.F.)B_SPLINE_CURVE_WITH_KNOTS((3,3),(0.0,0.00130494877592002),.UNSPECIFIED.)RATIONAL_B_SPLINE_CURVE((1.0,1.00638269261877,1.0))BOUNDED_CURVE()REPRESENTATION_ITEM('')GEOMETRIC_REPRESENTATION_ITEM()CURVE());
#5175=VERTEX_POINT('',#8428);
#5176=(B_SPLINE_CURVE(2,(#8430,#8431,#8432),.UNSPECIFIED.,.F.,.F.)B_SPLINE_CURVE_WITH_KNOTS((3,3),(0.0,0.00130499475151166),.UNSPECIFIED.)RATIONAL_B_SPLINE_CURVE((1.0,1.00638317156946,1.0))BOUNDED_CURVE()REPRESENTATION_ITEM('')GEOMETRIC_REPRESENTATION_ITEM()CURVE());
#5177=(B_SPLINE_CURVE(2,(#8440,#8441,#8442),.UNSPECIFIED.,.F.,.F.)B_SPLINE_CURVE_WITH_KNOTS((3,3),(0.0,0.00130494877592002),.UNSPECIFIED.)RATIONAL_B_SPLINE_CURVE((1.0,1.00638269261877,1.0))BOUNDED_CURVE()REPRESENTATION_ITEM('')GEOMETRIC_REPRESENTATION_ITEM()CURVE());
#5178=VERTEX_POINT('',#8449);
#5179=(B_SPLINE_CURVE(2,(#8451,#8452,#8453),.UNSPECIFIED.,.F.,.F.)B_SPLINE_CURVE_WITH_KNOTS((3,3),(0.0,0.00130499475151167),.UNSPECIFIED.)RATIONAL_B_SPLINE_CURVE((1.0,1.00638317156897,1.0))BOUNDED_CURVE()REPRESENTATION_ITEM('')GEOMETRIC_REPRESENTATION_ITEM()CURVE());
#5180=(B_SPLINE_CURVE(2,(#8461,#8462,#8463),.UNSPECIFIED.,.F.,.F.)B_SPLINE_CURVE_WITH_KNOTS((3,3),(0.0,0.00130494878635304),.UNSPECIFIED.)RATIONAL_B_SPLINE_CURVE((1.0,1.00638269272783,1.0))BOUNDED_CURVE()REPRESENTATION_ITEM('')GEOMETRIC_REPRESENTATION_ITEM()CURVE());
#5181=VERTEX_POINT('',#8470);
#5182=(B_SPLINE_CURVE(2,(#8472,#8473,#8474),.UNSPECIFIED.,.F.,.F.)B_SPLINE_CURVE_WITH_KNOTS((3,3),(0.0,0.00128950750564725),.UNSPECIFIED.)RATIONAL_B_SPLINE_CURVE((1.0,1.0062420942588,1.0))BOUNDED_CURVE()REPRESENTATION_ITEM('')GEOMETRIC_REPRESENTATION_ITEM()CURVE());
#5183=(B_SPLINE_CURVE(2,(#8482,#8483,#8484),.UNSPECIFIED.,.F.,.F.)B_SPLINE_CURVE_WITH_KNOTS((3,3),(0.0,0.00128946152964578),.UNSPECIFIED.)RATIONAL_B_SPLINE_CURVE((1.0,1.0062416206479,1.0))BOUNDED_CURVE()REPRESENTATION_ITEM('')GEOMETRIC_REPRESENTATION_ITEM()CURVE());
#5184=VERTEX_POINT('',#8491);
#5185=(B_SPLINE_CURVE(2,(#8493,#8494,#8495),.UNSPECIFIED.,.F.,.F.)B_SPLINE_CURVE_WITH_KNOTS((3,3),(0.0,0.00130499475151167),.UNSPECIFIED.)RATIONAL_B_SPLINE_CURVE((1.0,1.00638317156814,1.0))BOUNDED_CURVE()REPRESENTATION_ITEM('')GEOMETRIC_REPRESENTATION_ITEM()CURVE());
#5186=(B_SPLINE_CURVE(2,(#8503,#8504,#8505),.UNSPECIFIED.,.F.,.F.)B_SPLINE_CURVE_WITH_KNOTS((3,3),(0.0,0.00130494877591991),.UNSPECIFIED.)RATIONAL_B_SPLINE_CURVE((1.0,1.00638269261932,1.0))BOUNDED_CURVE()REPRESENTATION_ITEM('')GEOMETRIC_REPRESENTATION_ITEM()CURVE());
#5187=VERTEX_POINT('',#8512);
#5188=(B_SPLINE_CURVE(2,(#8514,#8515,#8516),.UNSPECIFIED.,.F.,.F.)B_SPLINE_CURVE_WITH_KNOTS((3,3),(0.0,0.00182025010937577),.UNSPECIFIED.)RATIONAL_B_SPLINE_CURVE((1.0,1.01304702339903,1.0))BOUNDED_CURVE()REPRESENTATION_ITEM('')GEOMETRIC_REPRESENTATION_ITEM()CURVE());
#5189=(B_SPLINE_CURVE(2,(#8524,#8525,#8526),.UNSPECIFIED.,.F.,.F.)B_SPLINE_CURVE_WITH_KNOTS((3,3),(0.0,0.00127286256351235),.UNSPECIFIED.)RATIONAL_B_SPLINE_CURVE((1.0,1.00605328208973,1.0))BOUNDED_CURVE()REPRESENTATION_ITEM('')GEOMETRIC_REPRESENTATION_ITEM()CURVE());
#5190=VERTEX_POINT('',#8533);
#5191=(B_SPLINE_CURVE(2,(#8535,#8536,#8537),.UNSPECIFIED.,.F.,.F.)B_SPLINE_CURVE_WITH_KNOTS((3,3),(0.0,0.00130499475151167),.UNSPECIFIED.)RATIONAL_B_SPLINE_CURVE((1.0,1.0063831715687,1.0))BOUNDED_CURVE()REPRESENTATION_ITEM('')GEOMETRIC_REPRESENTATION_ITEM()CURVE());
#5192=(B_SPLINE_CURVE(2,(#8545,#8546,#8547),.UNSPECIFIED.,.F.,.F.)B_SPLINE_CURVE_WITH_KNOTS((3,3),(0.0,0.00130494877591999),.UNSPECIFIED.)RATIONAL_B_SPLINE_CURVE((1.0,1.00638269262009,1.0))BOUNDED_CURVE()REPRESENTATION_ITEM('')GEOMETRIC_REPRESENTATION_ITEM()CURVE());
#5193=(B_SPLINE_CURVE(2,(#8555,#8556,#8557),.UNSPECIFIED.,.F.,.F.)B_SPLINE_CURVE_WITH_KNOTS((3,3),(0.0,0.0018202501093758),.UNSPECIFIED.)RATIONAL_B_SPLINE_CURVE((1.0,1.01304702339955,1.0))BOUNDED_CURVE()REPRESENTATION_ITEM('')GEOMETRIC_REPRESENTATION_ITEM()CURVE());
#5194=VERTEX_POINT('',#8564);
#5195=LINE('',#8565,#8566);
#5196=VERTEX_POINT('',#8567);
#5197=LINE('',#8568,#8569);
#5198=VERTEX_POINT('',#8570);
#5199=(B_SPLINE_CURVE(2,(#8572,#8573,#8574),.UNSPECIFIED.,.F.,.F.)B_SPLINE_CURVE_WITH_KNOTS((3,3),(0.0,0.00173076255866446),.UNSPECIFIED.)RATIONAL_B_SPLINE_CURVE((1.0,1.01169862948295,1.0))BOUNDED_CURVE()REPRESENTATION_ITEM('')GEOMETRIC_REPRESENTATION_ITEM()CURVE());
#5200=(B_SPLINE_CURVE(2,(#8582,#8583,#8584),.UNSPECIFIED.,.F.,.F.)B_SPLINE_CURVE_WITH_KNOTS((3,3),(0.0,0.00182025010937579),.UNSPECIFIED.)RATIONAL_B_SPLINE_CURVE((1.0,1.0130470233996,1.0))BOUNDED_CURVE()REPRESENTATION_ITEM('')GEOMETRIC_REPRESENTATION_ITEM()CURVE());
#5201=VERTEX_POINT('',#8591);
#5202=(B_SPLINE_CURVE(2,(#8593,#8594,#8595),.UNSPECIFIED.,.F.,.F.)B_SPLINE_CURVE_WITH_KNOTS((3,3),(0.0,0.00130494877591996),.UNSPECIFIED.)RATIONAL_B_SPLINE_CURVE((1.0,1.00638269261863,1.0))BOUNDED_CURVE()REPRESENTATION_ITEM('')GEOMETRIC_REPRESENTATION_ITEM()CURVE());
#5203=(B_SPLINE_CURVE(2,(#8603,#8604,#8605),.UNSPECIFIED.,.F.,.F.)B_SPLINE_CURVE_WITH_KNOTS((3,3),(0.0,0.00130499475151166),.UNSPECIFIED.)RATIONAL_B_SPLINE_CURVE((1.0,1.00638317156989,1.0))BOUNDED_CURVE()REPRESENTATION_ITEM('')GEOMETRIC_REPRESENTATION_ITEM()CURVE());
#5204=VERTEX_POINT('',#8612);
#5205=(B_SPLINE_CURVE(2,(#8614,#8615,#8616),.UNSPECIFIED.,.F.,.F.)B_SPLINE_CURVE_WITH_KNOTS((3,3),(0.0,0.00127286256351233),.UNSPECIFIED.)RATIONAL_B_SPLINE_CURVE((1.0,1.00605328208892,1.0))BOUNDED_CURVE()REPRESENTATION_ITEM('')GEOMETRIC_REPRESENTATION_ITEM()CURVE());
#5206=(B_SPLINE_CURVE(2,(#8624,#8625,#8626),.UNSPECIFIED.,.F.,.F.)B_SPLINE_CURVE_WITH_KNOTS((3,3),(0.0,0.00182025010937575),.UNSPECIFIED.)RATIONAL_B_SPLINE_CURVE((1.0,1.01304702340014,1.0))BOUNDED_CURVE()REPRESENTATION_ITEM('')GEOMETRIC_REPRESENTATION_ITEM()CURVE());
#5207=VERTEX_POINT('',#8633);
#5208=(B_SPLINE_CURVE(2,(#8635,#8636,#8637),.UNSPECIFIED.,.F.,.F.)B_SPLINE_CURVE_WITH_KNOTS((3,3),(0.0,0.0013049487759199),.UNSPECIFIED.)RATIONAL_B_SPLINE_CURVE((1.0,1.00638269261982,1.0))BOUNDED_CURVE()REPRESENTATION_ITEM('')GEOMETRIC_REPRESENTATION_ITEM()CURVE());
#5209=(B_SPLINE_CURVE(2,(#8645,#8646,#8647),.UNSPECIFIED.,.F.,.F.)B_SPLINE_CURVE_WITH_KNOTS((3,3),(0.0,0.00130499475151166),.UNSPECIFIED.)RATIONAL_B_SPLINE_CURVE((1.0,1.00638317156905,1.0))BOUNDED_CURVE()REPRESENTATION_ITEM('')GEOMETRIC_REPRESENTATION_ITEM()CURVE());
#5210=VERTEX_POINT('',#8654);
#5211=(B_SPLINE_CURVE(2,(#8656,#8657,#8658),.UNSPECIFIED.,.F.,.F.)B_SPLINE_CURVE_WITH_KNOTS((3,3),(0.0,0.00128946152964577),.UNSPECIFIED.)RATIONAL_B_SPLINE_CURVE((1.0,1.00624162064991,1.0))BOUNDED_CURVE()REPRESENTATION_ITEM('')GEOMETRIC_REPRESENTATION_ITEM()CURVE());
#5212=(B_SPLINE_CURVE(2,(#8666,#8667,#8668),.UNSPECIFIED.,.F.,.F.)B_SPLINE_CURVE_WITH_KNOTS((3,3),(0.0,0.00128950750564724),.UNSPECIFIED.)RATIONAL_B_SPLINE_CURVE((1.0,1.00624209425988,1.0))BOUNDED_CURVE()REPRESENTATION_ITEM('')GEOMETRIC_REPRESENTATION_ITEM()CURVE());
#5213=VERTEX_POINT('',#8675);
#5214=(B_SPLINE_CURVE(2,(#8677,#8678,#8679),.UNSPECIFIED.,.F.,.F.)B_SPLINE_CURVE_WITH_KNOTS((3,3),(0.0,0.00130494878635303),.UNSPECIFIED.)RATIONAL_B_SPLINE_CURVE((1.0,1.00638269272972,1.0))BOUNDED_CURVE()REPRESENTATION_ITEM('')GEOMETRIC_REPRESENTATION_ITEM()CURVE());
#5215=(B_SPLINE_CURVE(2,(#8687,#8688,#8689),.UNSPECIFIED.,.F.,.F.)B_SPLINE_CURVE_WITH_KNOTS((3,3),(0.0,0.00130499475151165),.UNSPECIFIED.)RATIONAL_B_SPLINE_CURVE((1.0,1.00638317157143,1.0))BOUNDED_CURVE()REPRESENTATION_ITEM('')GEOMETRIC_REPRESENTATION_ITEM()CURVE());
#5216=VERTEX_POINT('',#8696);
#5217=(B_SPLINE_CURVE(2,(#8698,#8699,#8700),.UNSPECIFIED.,.F.,.F.)B_SPLINE_CURVE_WITH_KNOTS((3,3),(0.0,0.00130494877592001),.UNSPECIFIED.)RATIONAL_B_SPLINE_CURVE((1.0,1.00638269261906,1.0))BOUNDED_CURVE()REPRESENTATION_ITEM('')GEOMETRIC_REPRESENTATION_ITEM()CURVE());
#5218=(B_SPLINE_CURVE(2,(#8708,#8709,#8710),.UNSPECIFIED.,.F.,.F.)B_SPLINE_CURVE_WITH_KNOTS((3,3),(0.0,0.00130499475151165),.UNSPECIFIED.)RATIONAL_B_SPLINE_CURVE((1.0,1.00638317157102,1.0))BOUNDED_CURVE()REPRESENTATION_ITEM('')GEOMETRIC_REPRESENTATION_ITEM()CURVE());
#5219=VERTEX_POINT('',#8717);
#5220=(B_SPLINE_CURVE(2,(#8719,#8720,#8721),.UNSPECIFIED.,.F.,.F.)B_SPLINE_CURVE_WITH_KNOTS((3,3),(0.0,0.00130494877592001),.UNSPECIFIED.)RATIONAL_B_SPLINE_CURVE((1.0,1.00638269261906,1.0))BOUNDED_CURVE()REPRESENTATION_ITEM('')GEOMETRIC_REPRESENTATION_ITEM()CURVE());
#5221=(B_SPLINE_CURVE(2,(#8729,#8730,#8731),.UNSPECIFIED.,.F.,.F.)B_SPLINE_CURVE_WITH_KNOTS((3,3),(0.0,0.00130499475151165),.UNSPECIFIED.)RATIONAL_B_SPLINE_CURVE((1.0,1.00638317157206,1.0))BOUNDED_CURVE()REPRESENTATION_ITEM('')GEOMETRIC_REPRESENTATION_ITEM()CURVE());
#5222=LINE('',#8738,#8739);
#5223=LINE('',#8740,#8741);
#5224=LINE('',#8742,#8743);
#5225=LINE('',#8744,#8745);
#5226=LINE('',#8746,#8747);
#5227=LINE('',#8748,#8749);
#5228=LINE('',#8750,#8751);
#5229=LINE('',#8752,#8753);
#5230=LINE('',#8754,#8755);
#5231=LINE('',#8756,#8757);
#5232=LINE('',#8758,#8759);
#5233=LINE('',#8760,#8761);
#5234=LINE('',#8762,#8763);
#5235=LINE('',#8764,#8765);
#5236=LINE('',#8766,#8767);
#5237=LINE('',#8768,#8769);
#5238=LINE('',#8770,#8771);
#5239=CIRCLE('',#8772,0.00585725582270143);
#5240=CIRCLE('',#8773,0.00585725582270143);
#5241=CIRCLE('',#8774,0.00585230783847828);
#5242=CIRCLE('',#8775,0.00585230783847829);
#5243=CIRCLE('',#8776,0.00585230783847828);
#5244=CIRCLE('',#8777,0.00584464099806029);
#5245=CIRCLE('',#8778,0.00585230783847829);
#5246=CIRCLE('',#8779,0.00585230783847829);
#5247=CIRCLE('',#8780,0.00585230783847829);
#5248=CIRCLE('',#8781,0.00518);
#5249=CIRCLE('',#8782,0.00518);
#5250=CIRCLE('',#8783,0.00518);
#5251=VERTEX_POINT('',#8784);
#5252=VERTEX_POINT('',#8785);
#5253=LINE('',#8786,#8787);
#5254=VERTEX_POINT('',#8788);
#5255=LINE('',#8789,#8790);
#5256=VERTEX_POINT('',#8791);
#5257=LINE('',#8792,#8793);
#5258=LINE('',#8794,#8795);
#5259=VERTEX_POINT('',#8796);
#5260=VERTEX_POINT('',#8797);
#5261=LINE('',#8798,#8799);
#5262=VERTEX_POINT('',#8800);
#5263=LINE('',#8801,#8802);
#5264=VERTEX_POINT('',#8803);
#5265=LINE('',#8804,#8805);
#5266=LINE('',#8806,#8807);
#5267=CIRCLE('',#8808,0.000500000000000005);
#5268=CIRCLE('',#8809,0.00585230783847828);
#5269=CIRCLE('',#8810,0.00585230783847829);
#5270=CIRCLE('',#8811,0.00585230783847828);
#5271=CIRCLE('',#8812,0.00584464099806029);
#5272=CIRCLE('',#8813,0.00585230783847829);
#5273=LINE('',#8814,#8815);
#5274=VERTEX_POINT('',#8816);
#5275=VERTEX_POINT('',#8817);
#5276=LINE('',#8818,#8819);
#5277=B_SPLINE_CURVE_WITH_KNOTS('',3,(#8820,#8821,#8822,#8823),.UNSPECIFIED.,.F.,.F.,(4,4),(139.629582231455,139.629761780919),.UNSPECIFIED.);
#5278=B_SPLINE_CURVE_WITH_KNOTS('',3,(#8824,#8825,#8826,#8827),.UNSPECIFIED.,.F.,.F.,(4,4),(138.957525235786,138.957704316582),.UNSPECIFIED.);
#5279=CIRCLE('',#8828,0.00516856450496773);
#5280=CIRCLE('',#8829,0.00516856450496773);
#5281=CIRCLE('',#8830,0.00585230783847829);
#5282=LINE('',#8831,#8832);
#5283=VERTEX_POINT('',#8833);
#5284=VERTEX_POINT('',#8834);
#5285=LINE('',#8835,#8836);
#5286=B_SPLINE_CURVE_WITH_KNOTS('',3,(#8837,#8838,#8839,#8840),.UNSPECIFIED.,.F.,.F.,(4,4),(139.629582231505,139.629761780968),.UNSPECIFIED.);
#5287=B_SPLINE_CURVE_WITH_KNOTS('',3,(#8841,#8842,#8843,#8844),.UNSPECIFIED.,.F.,.F.,(4,4),(138.957525235834,138.95770431663),.UNSPECIFIED.);
#5288=CIRCLE('',#8845,0.00585230783847829);
#5289=CIRCLE('',#8846,0.00516856450496772);
#5290=CIRCLE('',#8847,0.00516856450496772);
#5291=CIRCLE('',#8848,0.00585230783847834);
#5292=B_SPLINE_CURVE_WITH_KNOTS('',3,(#8849,#8850,#8851,#8852,#8853,#8854,#8855,#8856,#8857,#8858,#8859,#8860,#8861,#8862,#8863,#8864,#8865,#8866,#8867,#8868,#8869,#8870,#8871,#8872,#8873,#8874,#8875,#8876),.UNSPECIFIED.,.F.,.F.,(4,3,3,3,3,3,3,3,3,4),(0.0268559554303848,0.0278389228879261,0.0285968899292795,0.0303643051563603,0.0315912886491487,0.0325938974351995,0.0343615618535315,0.0357333150609168,0.0366165458368234,0.0373918821986517),.UNSPECIFIED.);
#5293=CIRCLE('',#8877,0.00531856450496773);
#5294=CIRCLE('',#8878,0.000500000000000005);
#5295=VERTEX_POINT('',#8879);
#5296=VERTEX_POINT('',#8880);
#5297=LINE('',#8881,#8882);
#5298=VERTEX_POINT('',#8883);
#5299=LINE('',#8884,#8885);
#5300=VERTEX_POINT('',#8886);
#5301=LINE('',#8887,#8888);
#5302=VERTEX_POINT('',#8889);
#5303=LINE('',#8890,#8891);
#5304=VERTEX_POINT('',#8892);
#5305=LINE('',#8893,#8894);
#5306=VERTEX_POINT('',#8895);
#5307=LINE('',#8896,#8897);
#5308=VERTEX_POINT('',#8898);
#5309=LINE('',#8899,#8900);
#5310=LINE('',#8901,#8902);
#5311=VERTEX_POINT('',#8903);
#5312=LINE('',#8904,#8905);
#5313=VERTEX_POINT('',#8906);
#5314=LINE('',#8907,#8908);
#5315=VERTEX_POINT('',#8909);
#5316=LINE('',#8910,#8911);
#5317=VERTEX_POINT('',#8912);
#5318=LINE('',#8913,#8914);
#5319=VERTEX_POINT('',#8915);
#5320=LINE('',#8916,#8917);
#5321=VERTEX_POINT('',#8918);
#5322=LINE('',#8919,#8920);
#5323=LINE('',#8921,#8922);
#5324=VERTEX_POINT('',#8923);
#5325=LINE('',#8924,#8925);
#5326=VERTEX_POINT('',#8926);
#5327=LINE('',#8927,#8928);
#5328=LINE('',#8929,#8930);
#5329=VERTEX_POINT('',#8931);
#5330=CIRCLE('',#8932,0.0005);
#5331=VERTEX_POINT('',#8933);
#5332=LINE('',#8934,#8935);
#5333=CIRCLE('',#8936,0.0005);
#5334=VERTEX_POINT('',#8937);
#5335=CIRCLE('',#8938,0.001);
#5336=VERTEX_POINT('',#8939);
#5337=LINE('',#8940,#8941);
#5338=CIRCLE('',#8942,0.001);
#5339=LINE('',#8943,#8944);
#5340=LINE('',#8945,#8946);
#5341=LINE('',#8947,#8948);
#5342=LINE('',#8949,#8950);
#5343=LINE('',#8951,#8952);
#5344=VERTEX_POINT('',#8953);
#5345=VERTEX_POINT('',#8954);
#5346=LINE('',#8955,#8956);
#5347=LINE('',#8957,#8958);
#5348=LINE('',#8959,#8960);
#5349=VERTEX_POINT('',#8961);
#5350=LINE('',#8962,#8963);
#5351=LINE('',#8964,#8965);
#5352=VERTEX_POINT('',#8966);
#5353=LINE('',#8967,#8968);
#5354=LINE('',#8969,#8970);
#5355=LINE('',#8971,#8972);
#5356=VERTEX_POINT('',#8973);
#5357=CIRCLE('',#8974,0.003);
#5358=VERTEX_POINT('',#8975);
#5359=LINE('',#8976,#8977);
#5360=CIRCLE('',#8978,0.003);
#5361=CIRCLE('',#8979,0.003);
#5362=CIRCLE('',#8980,0.006925);
#5363=CIRCLE('',#8981,0.006925);
#5364=VERTEX_POINT('',#8982);
#5365=LINE('',#8983,#8984);
#5366=LINE('',#8985,#8986);
#5367=LINE('',#8987,#8988);
#5368=LINE('',#8989,#8990);
#5369=LINE('',#8991,#8992);
#5370=LINE('',#8993,#8994);
#5371=VERTEX_POINT('',#8995);
#5372=LINE('',#8996,#8997);
#5373=VERTEX_POINT('',#8998);
#5374=LINE('',#8999,#9000);
#5375=LINE('',#9001,#9002);
#5376=VERTEX_POINT('',#9003);
#5377=LINE('',#9004,#9005);
#5378=LINE('',#9006,#9007);
#5379=VERTEX_POINT('',#9008);
#5380=LINE('',#9009,#9010);
#5381=VERTEX_POINT('',#9011);
#5382=LINE('',#9012,#9013);
#5383=LINE('',#9014,#9015);
#5384=VERTEX_POINT('',#9016);
#5385=LINE('',#9017,#9018);
#5386=VERTEX_POINT('',#9019);
#5387=LINE('',#9020,#9021);
#5388=LINE('',#9022,#9023);
#5389=VERTEX_POINT('',#9024);
#5390=LINE('',#9025,#9026);
#5391=LINE('',#9027,#9028);
#5392=LINE('',#9029,#9030);
#5393=VERTEX_POINT('',#9031);
#5394=LINE('',#9032,#9033);
#5395=LINE('',#9034,#9035);
#5396=VERTEX_POINT('',#9036);
#5397=LINE('',#9037,#9038);
#5398=LINE('',#9039,#9040);
#5399=LINE('',#9041,#9042);
#5400=LINE('',#9043,#9044);
#5401=LINE('',#9045,#9046);
#5402=VERTEX_POINT('',#9047);
#5403=VERTEX_POINT('',#9048);
#5404=CIRCLE('',#9049,0.00024);
#5405=VERTEX_POINT('',#9050);
#5406=CIRCLE('',#9051,0.000260000000000002);
#5407=VERTEX_POINT('',#9052);
#5408=CIRCLE('',#9053,0.00024);
#5409=CIRCLE('',#9054,0.000500000000000002);
#5410=VERTEX_POINT('',#9055);
#5411=VERTEX_POINT('',#9056);
#5412=LINE('',#9057,#9058);
#5413=VERTEX_POINT('',#9059);
#5414=CIRCLE('',#9060,0.00148014326155533);
#5415=VERTEX_POINT('',#9061);
#5416=LINE('',#9062,#9063);
#5417=CIRCLE('',#9064,0.00148014326155533);
#5418=VERTEX_POINT('',#9065);
#5419=LINE('',#9066,#9067);
#5420=VERTEX_POINT('',#9068);
#5421=CIRCLE('',#9069,0.0005);
#5422=LINE('',#9070,#9071);
#5423=VERTEX_POINT('',#9072);
#5424=VERTEX_POINT('',#9073);
#5425=LINE('',#9074,#9075);
#5426=VERTEX_POINT('',#9076);
#5427=CIRCLE('',#9077,0.000500000000000005);
#5428=VERTEX_POINT('',#9078);
#5429=LINE('',#9079,#9080);
#5430=CIRCLE('',#9081,0.000500000000000005);
#5431=VERTEX_POINT('',#9082);
#5432=VERTEX_POINT('',#9083);
#5433=LINE('',#9084,#9085);
#5434=VERTEX_POINT('',#9086);
#5435=CIRCLE('',#9087,0.00136588962423852);
#5436=VERTEX_POINT('',#9088);
#5437=LINE('',#9089,#9090);
#5438=CIRCLE('',#9091,0.00136588962423852);
#5439=VERTEX_POINT('',#9092);
#5440=VERTEX_POINT('',#9093);
#5441=LINE('',#9094,#9095);
#5442=VERTEX_POINT('',#9096);
#5443=CIRCLE('',#9097,0.00135331045814677);
#5444=VERTEX_POINT('',#9098);
#5445=LINE('',#9099,#9100);
#5446=CIRCLE('',#9101,0.00135331045814677);
#5447=VERTEX_POINT('',#9102);
#5448=VERTEX_POINT('',#9103);
#5449=LINE('',#9104,#9105);
#5450=VERTEX_POINT('',#9106);
#5451=CIRCLE('',#9107,0.000563901928522084);
#5452=VERTEX_POINT('',#9108);
#5453=LINE('',#9109,#9110);
#5454=CIRCLE('',#9111,0.000563901928522084);
#5455=VERTEX_POINT('',#9112);
#5456=VERTEX_POINT('',#9113);
#5457=LINE('',#9114,#9115);
#5458=VERTEX_POINT('',#9116);
#5459=CIRCLE('',#9117,0.000500000000000005);
#5460=VERTEX_POINT('',#9118);
#5461=LINE('',#9119,#9120);
#5462=CIRCLE('',#9121,0.000500000000000005);
#5463=VERTEX_POINT('',#9122);
#5464=VERTEX_POINT('',#9123);
#5465=LINE('',#9124,#9125);
#5466=VERTEX_POINT('',#9126);
#5467=CIRCLE('',#9127,0.00090516913105729);
#5468=VERTEX_POINT('',#9128);
#5469=LINE('',#9129,#9130);
#5470=CIRCLE('',#9131,0.00090516913105729);
#5471=CIRCLE('',#9132,0.00090516913105729);
#5472=CIRCLE('',#9133,0.00090516913105729);
#5473=CIRCLE('',#9134,0.000500000000000005);
#5474=CIRCLE('',#9135,0.000500000000000005);
#5475=VERTEX_POINT('',#9136);
#5476=CIRCLE('',#9137,0.000563901928522084);
#5477=VERTEX_POINT('',#9138);
#5478=LINE('',#9139,#9140);
#5479=CIRCLE('',#9141,0.000563901928522084);
#5480=VERTEX_POINT('',#9142);
#5481=LINE('',#9143,#9144);
#5482=VERTEX_POINT('',#9145);
#5483=LINE('',#9146,#9147);
#5484=LINE('',#9148,#9149);
#5485=VERTEX_POINT('',#9150);
#5486=LINE('',#9151,#9152);
#5487=VERTEX_POINT('',#9153);
#5488=LINE('',#9154,#9155);
#5489=LINE('',#9156,#9157);
#5490=LINE('',#9158,#9159);
#5491=LINE('',#9160,#9161);
#5492=VERTEX_POINT('',#9162);
#5493=LINE('',#9163,#9164);
#5494=VERTEX_POINT('',#9165);
#5495=LINE('',#9166,#9167);
#5496=VERTEX_POINT('',#9168);
#5497=LINE('',#9169,#9170);
#5498=CIRCLE('',#9171,0.00135331045814677);
#5499=VERTEX_POINT('',#9172);
#5500=CIRCLE('',#9173,0.00135331045814677);
#5501=VERTEX_POINT('',#9174);
#5502=LINE('',#9175,#9176);
#5503=VERTEX_POINT('',#9177);
#5504=LINE('',#9178,#9179);
#5505=LINE('',#9180,#9181);
#5506=LINE('',#9182,#9183);
#5507=LINE('',#9184,#9185);
#5508=LINE('',#9186,#9187);
#5509=VERTEX_POINT('',#9188);
#5510=LINE('',#9189,#9190);
#5511=VERTEX_POINT('',#9191);
#5512=LINE('',#9192,#9193);
#5513=LINE('',#9194,#9195);
#5514=CIRCLE('',#9196,0.00136588962423852);
#5515=CIRCLE('',#9197,0.00136588962423852);
#5516=CIRCLE('',#9198,0.000500000000000005);
#5517=CIRCLE('',#9199,0.000500000000000005);
#5518=CIRCLE('',#9200,0.00148014326155533);
#5519=CIRCLE('',#9201,0.000500000000000002);
#5520=CIRCLE('',#9202,0.0005);
#5521=CIRCLE('',#9203,0.00148014326155533);
#5522=CIRCLE('',#9204,0.000260000000000002);
#5523=VERTEX_POINT('',#9205);
#5524=VERTEX_POINT('',#9206);
#5525=LINE('',#9207,#9208);
#5526=VERTEX_POINT('',#9209);
#5527=CIRCLE('',#9210,0.00135331045814677);
#5528=VERTEX_POINT('',#9211);
#5529=LINE('',#9212,#9213);
#5530=CIRCLE('',#9214,0.00135331045814688);
#5531=VERTEX_POINT('',#9215);
#5532=VERTEX_POINT('',#9216);
#5533=LINE('',#9217,#9218);
#5534=VERTEX_POINT('',#9219);
#5535=CIRCLE('',#9220,0.00135331045814688);
#5536=VERTEX_POINT('',#9221);
#5537=LINE('',#9222,#9223);
#5538=CIRCLE('',#9224,0.00135331045814677);
#5539=VERTEX_POINT('',#9225);
#5540=VERTEX_POINT('',#9226);
#5541=LINE('',#9227,#9228);
#5542=VERTEX_POINT('',#9229);
#5543=CIRCLE('',#9230,0.000625275956724178);
#5544=VERTEX_POINT('',#9231);
#5545=LINE('',#9232,#9233);
#5546=CIRCLE('',#9234,0.000625275956724178);
#5547=VERTEX_POINT('',#9235);
#5548=VERTEX_POINT('',#9236);
#5549=LINE('',#9237,#9238);
#5550=VERTEX_POINT('',#9239);
#5551=CIRCLE('',#9240,0.00026);
#5552=VERTEX_POINT('',#9241);
#5553=LINE('',#9242,#9243);
#5554=CIRCLE('',#9244,0.00026);
#5555=VERTEX_POINT('',#9245);
#5556=VERTEX_POINT('',#9246);
#5557=LINE('',#9247,#9248);
#5558=VERTEX_POINT('',#9249);
#5559=CIRCLE('',#9250,0.00064);
#5560=VERTEX_POINT('',#9251);
#5561=LINE('',#9252,#9253);
#5562=CIRCLE('',#9254,0.00064);
#5563=VERTEX_POINT('',#9255);
#5564=VERTEX_POINT('',#9256);
#5565=LINE('',#9257,#9258);
#5566=VERTEX_POINT('',#9259);
#5567=CIRCLE('',#9260,0.00053);
#5568=VERTEX_POINT('',#9261);
#5569=LINE('',#9262,#9263);
#5570=CIRCLE('',#9264,0.00053);
#5571=VERTEX_POINT('',#9265);
#5572=VERTEX_POINT('',#9266);
#5573=LINE('',#9267,#9268);
#5574=LINE('',#9269,#9270);
#5575=CIRCLE('',#9271,0.00053);
#5576=VERTEX_POINT('',#9272);
#5577=CIRCLE('',#9273,0.00053);
#5578=LINE('',#9274,#9275);
#5579=VERTEX_POINT('',#9276);
#5580=LINE('',#9277,#9278);
#5581=VERTEX_POINT('',#9279);
#5582=B_SPLINE_CURVE_WITH_KNOTS('',3,(#9280,#9281,#9282,#9283,#9284,#9285),.UNSPECIFIED.,.F.,.F.,(4,2,4),(0.0,0.000838267462196296,0.00167653492439259),.UNSPECIFIED.);
#5583=VERTEX_POINT('',#9286);
#5584=LINE('',#9287,#9288);
#5585=VERTEX_POINT('',#9289);
#5586=LINE('',#9290,#9291);
#5587=VERTEX_POINT('',#9292);
#5588=LINE('',#9293,#9294);
#5589=VERTEX_POINT('',#9295);
#5590=LINE('',#9296,#9297);
#5591=VERTEX_POINT('',#9298);
#5592=LINE('',#9299,#9300);
#5593=VERTEX_POINT('',#9301);
#5594=LINE('',#9302,#9303);
#5595=VERTEX_POINT('',#9304);
#5596=LINE('',#9305,#9306);
#5597=VERTEX_POINT('',#9307);
#5598=B_SPLINE_CURVE_WITH_KNOTS('',3,(#9308,#9309,#9310,#9311,#9312,#9313),.UNSPECIFIED.,.F.,.F.,(4,2,4),(0.0,0.0007792832362852,0.00155856647257041),.UNSPECIFIED.);
#5599=LINE('',#9314,#9315);
#5600=VERTEX_POINT('',#9316);
#5601=VERTEX_POINT('',#9317);
#5602=LINE('',#9318,#9319);
#5603=VERTEX_POINT('',#9320);
#5604=LINE('',#9321,#9322);
#5605=VERTEX_POINT('',#9323);
#5606=LINE('',#9324,#9325);
#5607=VERTEX_POINT('',#9326);
#5608=LINE('',#9327,#9328);
#5609=VERTEX_POINT('',#9329);
#5610=LINE('',#9330,#9331);
#5611=VERTEX_POINT('',#9332);
#5612=B_SPLINE_CURVE_WITH_KNOTS('',3,(#9333,#9334,#9335,#9336,#9337,#9338),.UNSPECIFIED.,.F.,.F.,(4,2,4),(0.0,0.000838267462196304,0.00167653492439259),.UNSPECIFIED.);
#5613=VERTEX_POINT('',#9339);
#5614=LINE('',#9340,#9341);
#5615=VERTEX_POINT('',#9342);
#5616=LINE('',#9343,#9344);
#5617=VERTEX_POINT('',#9345);
#5618=LINE('',#9346,#9347);
#5619=VERTEX_POINT('',#9348);
#5620=B_SPLINE_CURVE_WITH_KNOTS('',3,(#9349,#9350,#9351,#9352,#9353,#9354),.UNSPECIFIED.,.F.,.F.,(4,2,4),(0.0,0.000779283236285206,0.00155856647257041),.UNSPECIFIED.);
#5621=VERTEX_POINT('',#9355);
#5622=LINE('',#9356,#9357);
#5623=LINE('',#9358,#9359);
#5624=VERTEX_POINT('',#9360);
#5625=VERTEX_POINT('',#9361);
#5626=LINE('',#9362,#9363);
#5627=VERTEX_POINT('',#9364);
#5628=LINE('',#9365,#9366);
#5629=VERTEX_POINT('',#9367);
#5630=LINE('',#9368,#9369);
#5631=LINE('',#9370,#9371);
#5632=B_SPLINE_CURVE_WITH_KNOTS('',3,(#9372,#9373,#9374,#9375,#9376,#9377),.UNSPECIFIED.,.F.,.F.,(4,2,4),(-0.00406205916148487,-0.00381205916148487,-0.00356205916148487),.UNSPECIFIED.);
#5633=VERTEX_POINT('',#9378);
#5634=LINE('',#9379,#9380);
#5635=CIRCLE('',#9381,0.00026);
#5636=LINE('',#9382,#9383);
#5637=LINE('',#9384,#9385);
#5638=VERTEX_POINT('',#9386);
#5639=CIRCLE('',#9387,0.00064);
#5640=LINE('',#9388,#9389);
#5641=VERTEX_POINT('',#9390);
#5642=LINE('',#9391,#9392);
#5643=CIRCLE('',#9393,0.00064);
#5644=LINE('',#9394,#9395);
#5645=LINE('',#9396,#9397);
#5646=VERTEX_POINT('',#9398);
#5647=CIRCLE('',#9399,0.00026);
#5648=LINE('',#9400,#9401);
#5649=B_SPLINE_CURVE_WITH_KNOTS('',3,(#9402,#9403,#9404,#9405,#9406,#9407),.UNSPECIFIED.,.F.,.F.,(4,2,4),(-0.00185000000000007,-0.00160000000000005,-0.00135000000000005),.UNSPECIFIED.);
#5650=LINE('',#9408,#9409);
#5651=LINE('',#9410,#9411);
#5652=VERTEX_POINT('',#9412);
#5653=LINE('',#9413,#9414);
#5654=VERTEX_POINT('',#9415);
#5655=LINE('',#9416,#9417);
#5656=LINE('',#9418,#9419);
#5657=LINE('',#9420,#9421);
#5658=VERTEX_POINT('',#9422);
#5659=LINE('',#9423,#9424);
#5660=VERTEX_POINT('',#9425);
#5661=LINE('',#9426,#9427);
#5662=LINE('',#9428,#9429);
#5663=CIRCLE('',#9430,0.00135331045814688);
#5664=LINE('',#9431,#9432);
#5665=CIRCLE('',#9433,0.000625275956724178);
#5666=VERTEX_POINT('',#9434);
#5667=VERTEX_POINT('',#9435);
#5668=LINE('',#9436,#9437);
#5669=LINE('',#9438,#9439);
#5670=LINE('',#9440,#9441);
#5671=LINE('',#9442,#9443);
#5672=CIRCLE('',#9444,0.000625275956724178);
#5673=CIRCLE('',#9445,0.00135331045814677);
#5674=LINE('',#9446,#9447);
#5675=LINE('',#9448,#9449);
#5676=LINE('',#9450,#9451);
#5677=LINE('',#9452,#9453);
#5678=B_SPLINE_CURVE_WITH_KNOTS('',3,(#9454,#9455,#9456,#9457,#9458,#9459),.UNSPECIFIED.,.F.,.F.,(4,2,4),(-0.00185000000000006,-0.00160000000000005,-0.00135000000000009),.UNSPECIFIED.);
#5679=B_SPLINE_CURVE_WITH_KNOTS('',3,(#9460,#9461,#9462,#9463,#9464,#9465),.UNSPECIFIED.,.F.,.F.,(4,2,4),(-0.00406205916148487,-0.00381205916148487,-0.00356205916148482),.UNSPECIFIED.);
#5680=LINE('',#9466,#9467);
#5681=VERTEX_POINT('',#9468);
#5682=VERTEX_POINT('',#9469);
#5683=LINE('',#9470,#9471);
#5684=VERTEX_POINT('',#9472);
#5685=CIRCLE('',#9473,0.000625275956724178);
#5686=VERTEX_POINT('',#9474);
#5687=LINE('',#9475,#9476);
#5688=CIRCLE('',#9477,0.000625275956724178);
#5689=VERTEX_POINT('',#9478);
#5690=VERTEX_POINT('',#9479);
#5691=LINE('',#9480,#9481);
#5692=VERTEX_POINT('',#9482);
#5693=CIRCLE('',#9483,0.00135331045814688);
#5694=VERTEX_POINT('',#9484);
#5695=LINE('',#9485,#9486);
#5696=CIRCLE('',#9487,0.00135331045814688);
#5697=VERTEX_POINT('',#9488);
#5698=VERTEX_POINT('',#9489);
#5699=LINE('',#9490,#9491);
#5700=VERTEX_POINT('',#9492);
#5701=CIRCLE('',#9493,0.00135331045814688);
#5702=VERTEX_POINT('',#9494);
#5703=LINE('',#9495,#9496);
#5704=CIRCLE('',#9497,0.00135331045814688);
#5705=VERTEX_POINT('',#9498);
#5706=VERTEX_POINT('',#9499);
#5707=LINE('',#9500,#9501);
#5708=VERTEX_POINT('',#9502);
#5709=CIRCLE('',#9503,0.001);
#5710=VERTEX_POINT('',#9504);
#5711=LINE('',#9505,#9506);
#5712=VERTEX_POINT('',#9507);
#5713=LINE('',#9508,#9509);
#5714=VERTEX_POINT('',#9510);
#5715=ELLIPSE('',#9511,0.00141421356237309,0.001);
#5716=CIRCLE('',#9512,0.001);
#5717=VERTEX_POINT('',#9513);
#5718=VERTEX_POINT('',#9514);
#5719=LINE('',#9515,#9516);
#5720=VERTEX_POINT('',#9517);
#5721=CIRCLE('',#9518,0.0005);
#5722=VERTEX_POINT('',#9519);
#5723=ELLIPSE('',#9520,0.000707106781186543,0.0005);
#5724=VERTEX_POINT('',#9521);
#5725=LINE('',#9522,#9523);
#5726=CIRCLE('',#9524,0.0005);
#5727=VERTEX_POINT('',#9525);
#5728=CIRCLE('',#9526,0.0005);
#5729=VERTEX_POINT('',#9527);
#5730=LINE('',#9528,#9529);
#5731=CIRCLE('',#9530,0.0005);
#5732=VERTEX_POINT('',#9531);
#5733=LINE('',#9532,#9533);
#5734=VERTEX_POINT('',#9534);
#5735=LINE('',#9535,#9536);
#5736=VERTEX_POINT('',#9537);
#5737=LINE('',#9538,#9539);
#5738=VERTEX_POINT('',#9540);
#5739=LINE('',#9541,#9542);
#5740=VERTEX_POINT('',#9543);
#5741=LINE('',#9544,#9545);
#5742=VERTEX_POINT('',#9546);
#5743=LINE('',#9547,#9548);
#5744=VERTEX_POINT('',#9549);
#5745=LINE('',#9550,#9551);
#5746=VERTEX_POINT('',#9552);
#5747=B_SPLINE_CURVE_WITH_KNOTS('',3,(#9553,#9554,#9555,#9556),.UNSPECIFIED.,.F.,.F.,(4,4),(0.0,0.000256618185079196),.UNSPECIFIED.);
#5748=LINE('',#9557,#9558);
#5749=VERTEX_POINT('',#9559);
#5750=CIRCLE('',#9560,0.001);
#5751=VERTEX_POINT('',#9561);
#5752=LINE('',#9562,#9563);
#5753=CIRCLE('',#9564,0.001);
#5754=LINE('',#9565,#9566);
#5755=LINE('',#9567,#9568);
#5756=VERTEX_POINT('',#9569);
#5757=B_SPLINE_CURVE_WITH_KNOTS('',3,(#9570,#9571,#9572,#9573,#9574,#9575),.UNSPECIFIED.,.F.,.F.,(4,2,4),(-0.00185000000000006,-0.00160000000000005,-0.00135000000000003),.UNSPECIFIED.);
#5758=LINE('',#9576,#9577);
#5759=VERTEX_POINT('',#9578);
#5760=LINE('',#9579,#9580);
#5761=LINE('',#9581,#9582);
#5762=CIRCLE('',#9583,0.000625275956724178);
#5763=VERTEX_POINT('',#9584);
#5764=LINE('',#9585,#9586);
#5765=LINE('',#9587,#9588);
#5766=CIRCLE('',#9589,0.00135331045814688);
#5767=LINE('',#9590,#9591);
#5768=VERTEX_POINT('',#9592);
#5769=LINE('',#9593,#9594);
#5770=LINE('',#9595,#9596);
#5771=VERTEX_POINT('',#9597);
#5772=B_SPLINE_CURVE_WITH_KNOTS('',3,(#9598,#9599,#9600,#9601),.UNSPECIFIED.,.F.,.F.,(4,4),(-0.0016765349243926,-0.00141991673931337),.UNSPECIFIED.);
#5773=VERTEX_POINT('',#9602);
#5774=LINE('',#9603,#9604);
#5775=VERTEX_POINT('',#9605);
#5776=LINE('',#9606,#9607);
#5777=VERTEX_POINT('',#9608);
#5778=LINE('',#9609,#9610);
#5779=VERTEX_POINT('',#9611);
#5780=LINE('',#9612,#9613);
#5781=VERTEX_POINT('',#9614);
#5782=LINE('',#9615,#9616);
#5783=LINE('',#9617,#9618);
#5784=VERTEX_POINT('',#9619);
#5785=B_SPLINE_CURVE_WITH_KNOTS('',3,(#9620,#9621,#9622,#9623),.UNSPECIFIED.,.F.,.F.,(4,4),(-0.000208524722862101,-0.0),.UNSPECIFIED.);
#5786=VERTEX_POINT('',#9624);
#5787=LINE('',#9625,#9626);
#5788=LINE('',#9627,#9628);
#5789=VERTEX_POINT('',#9629);
#5790=B_SPLINE_CURVE_WITH_KNOTS('',3,(#9630,#9631,#9632,#9633,#9634,#9635),.UNSPECIFIED.,.F.,.F.,(4,2,4),(0.00135000000000007,0.00160000000000005,0.00185000000000005),.UNSPECIFIED.);
#5791=B_SPLINE_CURVE_WITH_KNOTS('',3,(#9636,#9637,#9638,#9639),.UNSPECIFIED.,.F.,.F.,(4,4),(-0.000208637794066358,-0.0),.UNSPECIFIED.);
#5792=VERTEX_POINT('',#9640);
#5793=LINE('',#9641,#9642);
#5794=LINE('',#9643,#9644);
#5795=LINE('',#9645,#9646);
#5796=LINE('',#9647,#9648);
#5797=LINE('',#9649,#9650);
#5798=LINE('',#9651,#9652);
#5799=LINE('',#9653,#9654);
#5800=LINE('',#9655,#9656);
#5801=LINE('',#9657,#9658);
#5802=CIRCLE('',#9659,0.00135331045814688);
#5803=CIRCLE('',#9660,0.000625275956724178);
#5804=VERTEX_POINT('',#9661);
#5805=VERTEX_POINT('',#9662);
#5806=LINE('',#9663,#9664);
#5807=VERTEX_POINT('',#9665);
#5808=B_SPLINE_CURVE_WITH_KNOTS('',3,(#9666,#9667,#9668,#9669,#9670,#9671,#9672,#9673,#9674,#9675,#9676,#9677,#9678,#9679,#9680,#9681,#9682,#9683,#9684,#9685,#9686,#9687,#9688,#9689,#9690,#9691,#9692,#9693,#9694,#9695,#9696,#9697,#9698,#9699,#9700,#9701,#9702),.UNSPECIFIED.,.F.,.F.,(4,3,3,3,3,3,3,3,3,3,3,3,4),(0.016574252779348,0.0183748310820059,0.0201852883380748,0.0212137441562877,0.023025224108645,0.0245704639364937,0.0253622454605989,0.0271657777638283,0.0283483380101479,0.0290995063159937,0.0308927891186171,0.0326943234737546,0.0331485055586961),.UNSPECIFIED.);
#5809=VERTEX_POINT('',#9703);
#5810=LINE('',#9704,#9705);
#5811=B_SPLINE_CURVE_WITH_KNOTS('',3,(#9706,#9707,#9708,#9709,#9710,#9711,#9712,#9713,#9714,#9715,#9716,#9717,#9718,#9719,#9720,#9721,#9722,#9723,#9724,#9725,#9726,#9727,#9728,#9729,#9730,#9731,#9732,#9733,#9734,#9735,#9736,#9737,#9738,#9739,#9740,#9741,#9742),.UNSPECIFIED.,.F.,.F.,(4,3,3,3,3,3,3,3,3,3,3,3,4),(0.0,0.00179339936929109,0.00359617366620762,0.00460701113140431,0.00641483922950093,0.00797099193608337,0.00875022545782784,0.0105575838690291,0.0117536642957716,0.0125132526883773,0.0143147024483068,0.0161240328661328,0.0165742527793481),.UNSPECIFIED.);
#5812=VERTEX_POINT('',#9743);
#5813=VERTEX_POINT('',#9744);
#5814=LINE('',#9745,#9746);
#5815=VERTEX_POINT('',#9747);
#5816=B_SPLINE_CURVE_WITH_KNOTS('',3,(#9748,#9749,#9750,#9751,#9752,#9753,#9754,#9755,#9756,#9757,#9758,#9759,#9760,#9761,#9762,#9763,#9764,#9765,#9766,#9767,#9768,#9769,#9770,#9771,#9772,#9773,#9774,#9775,#9776,#9777,#9778,#9779,#9780,#9781,#9782,#9783,#9784),.UNSPECIFIED.,.F.,.F.,(4,3,3,3,3,3,3,3,3,3,3,3,4),(0.016574252779348,0.0183748310820058,0.0201852883380746,0.0212137441562849,0.0230252241086421,0.0245704639364897,0.0253622454605955,0.0271657777638252,0.028348338010142,0.029099506315981,0.0308927891186043,0.0326943234737422,0.0331485055586961),.UNSPECIFIED.);
#5817=VERTEX_POINT('',#9785);
#5818=LINE('',#9786,#9787);
#5819=B_SPLINE_CURVE_WITH_KNOTS('',3,(#9788,#9789,#9790,#9791,#9792,#9793,#9794,#9795,#9796,#9797,#9798,#9799,#9800,#9801,#9802,#9803,#9804,#9805,#9806,#9807,#9808,#9809,#9810,#9811,#9812,#9813,#9814,#9815,#9816,#9817,#9818,#9819,#9820,#9821,#9822,#9823,#9824),.UNSPECIFIED.,.F.,.F.,(4,3,3,3,3,3,3,3,3,3,3,3,4),(0.0,0.00179339936929079,0.00359617366620751,0.00460701113140665,0.00641483922950354,0.00797099193608739,0.00875022545782759,0.0105575838690293,0.0117536642957714,0.0125132526883724,0.0143147024483024,0.0161240328661286,0.0165742527793481),.UNSPECIFIED.);
#5820=VERTEX_POINT('',#9825);
#5821=VERTEX_POINT('',#9826);
#5822=CIRCLE('',#9827,0.00131586430852663);
#5823=VERTEX_POINT('',#9828);
#5824=B_SPLINE_CURVE_WITH_KNOTS('',3,(#9829,#9830,#9831,#9832,#9833,#9834,#9835,#9836,#9837,#9838,#9839,#9840,#9841,#9842,#9843,#9844,#9845,#9846,#9847,#9848,#9849,#9850,#9851,#9852,#9853,#9854,#9855,#9856,#9857,#9858,#9859,#9860,#9861,#9862,#9863,#9864,#9865,#9866,#9867,#9868,#9869,#9870,#9871),.UNSPECIFIED.,.F.,.F.,(4,3,3,3,3,3,3,3,3,3,3,3,3,3,4),(0.00497806260430745,0.00533342605863767,0.00556718433597614,0.00613565822217575,0.00645797285925363,0.00824307670684532,0.00921385140885571,0.00971516870019816,0.0113411877263753,0.0119404794398417,0.0124071040434793,0.0127362755280762,0.0130944389524837,0.013286897758325,0.0135983882496204),.UNSPECIFIED.);
#5825=VERTEX_POINT('',#9872);
#5826=B_SPLINE_CURVE_WITH_KNOTS('',3,(#9873,#9874,#9875,#9876,#9877,#9878,#9879,#9880,#9881,#9882,#9883,#9884,#9885,#9886,#9887,#9888,#9889,#9890,#9891,#9892,#9893,#9894,#9895,#9896,#9897,#9898,#9899,#9900,#9901,#9902,#9903,#9904,#9905,#9906,#9907,#9908,#9909,#9910,#9911,#9912,#9913,#9914,#9915),.UNSPECIFIED.,.F.,.F.,(4,3,3,3,3,3,3,3,3,3,3,3,3,3,4),(0.00497806260430763,0.00533342605863784,0.00556718433597666,0.00613565822217634,0.00645797285925359,0.00824307670684543,0.00921385140885517,0.0097151687001967,0.011341187726373,0.0119404794398387,0.0124071040434717,0.0127362755280722,0.0130944389524778,0.013286897758319,0.013598388249621),.UNSPECIFIED.);
#5827=VERTEX_POINT('',#9916);
#5828=B_SPLINE_CURVE_WITH_KNOTS('',3,(#9917,#9918,#9919,#9920,#9921,#9922,#9923,#9924,#9925,#9926,#9927,#9928,#9929,#9930,#9931,#9932,#9933,#9934,#9935,#9936,#9937,#9938,#9939,#9940,#9941,#9942,#9943,#9944,#9945,#9946,#9947,#9948,#9949,#9950,#9951,#9952,#9953,#9954,#9955,#9956,#9957,#9958,#9959),.UNSPECIFIED.,.F.,.F.,(4,3,3,3,3,3,3,3,3,3,3,3,3,3,4),(0.00497806260430805,0.00533342605863849,0.00556718433597644,0.0061356582221761,0.00645797285925426,0.00824307670684622,0.00921385140885572,0.00971516870019593,0.0113411877263719,0.0119404794398371,0.0124071040434641,0.0127362755280684,0.0130944389524718,0.0132868977583131,0.0135983882496221),.UNSPECIFIED.);
#5829=VERTEX_POINT('',#9960);
#5830=B_SPLINE_CURVE_WITH_KNOTS('',3,(#9961,#9962,#9963,#9964,#9965,#9966,#9967,#9968,#9969,#9970,#9971,#9972,#9973,#9974,#9975,#9976,#9977,#9978,#9979,#9980,#9981,#9982,#9983,#9984,#9985,#9986,#9987,#9988,#9989,#9990,#9991,#9992,#9993,#9994,#9995,#9996,#9997,#9998,#9999,#10000,#10001,#10002,#10003),.UNSPECIFIED.,.F.,.F.,(4,3,3,3,3,3,3,3,3,3,3,3,3,3,4),(0.00497806260430823,0.00533342605863865,0.00556718433597914,0.00613565822217919,0.00645797285925387,0.00824307670684605,0.00921385140885569,0.00971516870019452,0.0113411877263704,0.0119404794398352,0.0124071040434606,0.0127362755280666,0.0130944389524691,0.0132868977583107,0.0135983882496226),.UNSPECIFIED.);
#5831=VERTEX_POINT('',#10004);
#5832=CIRCLE('',#10005,0.00131586430852663);
#5833=CIRCLE('',#10006,0.00693428543975073);
#5834=VERTEX_POINT('',#10007);
#5835=LINE('',#10008,#10009);
#5836=VERTEX_POINT('',#10010);
#5837=CIRCLE('',#10011,0.00582658846102946);
#5838=LINE('',#10012,#10013);
#5839=B_SPLINE_CURVE_WITH_KNOTS('',3,(#10014,#10015,#10016,#10017,#10018,#10019,#10020,#10021,#10022,#10023,#10024,#10025,#10026,#10027,#10028,#10029,#10030,#10031,#10032,#10033,#10034,#10035,#10036,#10037,#10038,#10039,#10040,#10041,#10042,#10043,#10044,#10045,#10046,#10047,#10048,#10049,#10050),.UNSPECIFIED.,.F.,.F.,(4,3,3,3,3,3,3,3,3,3,3,3,4),(0.0,0.00179339936929109,0.00359617366620725,0.00460701113140915,0.00641483922950586,0.00797099193609045,0.00875022545783146,0.0105575838690339,0.0117536642957796,0.0125132526883895,0.0143147024483191,0.0161240328661447,0.016574252779348),.UNSPECIFIED.);
#5840=VERTEX_POINT('',#10051);
#5841=LINE('',#10052,#10053);
#5842=B_SPLINE_CURVE_WITH_KNOTS('',3,(#10054,#10055,#10056,#10057,#10058,#10059,#10060,#10061,#10062,#10063,#10064,#10065,#10066,#10067,#10068,#10069,#10070,#10071,#10072,#10073,#10074,#10075,#10076,#10077,#10078,#10079,#10080,#10081,#10082,#10083,#10084,#10085,#10086,#10087,#10088,#10089,#10090),.UNSPECIFIED.,.F.,.F.,(4,3,3,3,3,3,3,3,3,3,3,3,4),(0.0165742527793481,0.018374831082006,0.0201852883380749,0.0212137441562858,0.0230252241086429,0.0245704639364912,0.0253622454605966,0.0271657777638263,0.0283483380101439,0.0290995063159849,0.0308927891186081,0.0326943234737459,0.0331485055586961),.UNSPECIFIED.);
#5843=VERTEX_POINT('',#10091);
#5844=LINE('',#10092,#10093);
#5845=CIRCLE('',#10094,0.00584464099806029);
#5846=LINE('',#10095,#10096);
#5847=LINE('',#10097,#10098);
#5848=B_SPLINE_CURVE_WITH_KNOTS('',3,(#10099,#10100,#10101,#10102,#10103,#10104,#10105,#10106,#10107,#10108,#10109,#10110,#10111,#10112,#10113,#10114,#10115,#10116,#10117,#10118,#10119,#10120,#10121,#10122,#10123,#10124,#10125,#10126,#10127,#10128,#10129,#10130,#10131,#10132,#10133,#10134,#10135),.UNSPECIFIED.,.F.,.F.,(4,3,3,3,3,3,3,3,3,3,3,3,4),(0.0,0.00179339936929106,0.00359617366620745,0.00460701113140584,0.00641483922950282,0.00797099193608577,0.00875022545783094,0.010557583869033,0.0117536642957786,0.012513252688381,0.0143147024483112,0.016124032866137,0.016574252779348),.UNSPECIFIED.);
#5849=VERTEX_POINT('',#10136);
#5850=LINE('',#10137,#10138);
#5851=B_SPLINE_CURVE_WITH_KNOTS('',3,(#10139,#10140,#10141,#10142,#10143,#10144,#10145,#10146,#10147,#10148,#10149,#10150,#10151,#10152,#10153,#10154,#10155,#10156,#10157,#10158,#10159,#10160,#10161,#10162,#10163,#10164,#10165,#10166,#10167,#10168,#10169,#10170,#10171,#10172,#10173,#10174,#10175),.UNSPECIFIED.,.F.,.F.,(4,3,3,3,3,3,3,3,3,3,3,3,4),(0.0165742527793481,0.0183748310820059,0.0201852883380749,0.0212137441562859,0.0230252241086433,0.0245704639364914,0.025362245460599,0.0271657777638287,0.0283483380101485,0.0290995063159903,0.0308927891186138,0.0326943234737515,0.0331485055586961),.UNSPECIFIED.);
#5852=VERTEX_POINT('',#10176);
#5853=LINE('',#10177,#10178);
#5854=CIRCLE('',#10179,0.00583202617341917);
#5855=CIRCLE('',#10180,0.00583202617341917);
#5856=CIRCLE('',#10181,0.00584464099806029);
#5857=CIRCLE('',#10182,0.00582658846102946);
#5858=VERTEX_POINT('',#10183);
#5859=VERTEX_POINT('',#10184);
#5860=B_SPLINE_CURVE_WITH_KNOTS('',3,(#10185,#10186,#10187,#10188,#10189,#10190,#10191,#10192,#10193,#10194,#10195,#10196,#10197,#10198,#10199,#10200,#10201,#10202,#10203,#10204,#10205,#10206,#10207,#10208,#10209,#10210,#10211,#10212,#10213,#10214,#10215),.UNSPECIFIED.,.F.,.F.,(4,3,3,3,3,3,3,3,3,3,4),(-0.00440318050674427,-0.00382139089989427,-0.00331271191087399,-0.00186750898243445,-0.00029983661013977,0.000413037320563413,0.00203967765626437,0.00322142908150432,0.00360089642858492,0.00392993453504713,0.00440318050674427),.UNSPECIFIED.);
#5861=VERTEX_POINT('',#10216);
#5862=LINE('',#10217,#10218);
#5863=VERTEX_POINT('',#10219);
#5864=B_SPLINE_CURVE_WITH_KNOTS('',3,(#10220,#10221,#10222,#10223,#10224,#10225,#10226,#10227,#10228,#10229,#10230,#10231,#10232,#10233,#10234,#10235,#10236,#10237,#10238,#10239,#10240,#10241,#10242,#10243,#10244,#10245,#10246,#10247,#10248,#10249,#10250,#10251,#10252,#10253,#10254,#10255,#10256,#10257,#10258,#10259,#10260,#10261,#10262),.UNSPECIFIED.,.F.,.F.,(4,3,3,3,3,3,3,3,3,3,3,3,3,3,4),(0.00497806260430761,0.00533342605863795,0.0055671843359781,0.00613565822217811,0.00645797285925324,0.00824307670684516,0.00921385140885488,0.00971516870019152,0.0113411877263669,0.0119404794398312,0.0124071040434547,0.0127362755280628,0.013094438952464,0.0132868977583051,0.0135983882496209),.UNSPECIFIED.);
#5865=VERTEX_POINT('',#10263);
#5866=LINE('',#10264,#10265);
#5867=VERTEX_POINT('',#10266);
#5868=B_SPLINE_CURVE_WITH_KNOTS('',3,(#10267,#10268,#10269,#10270,#10271,#10272,#10273,#10274,#10275,#10276,#10277,#10278,#10279,#10280,#10281,#10282,#10283,#10284,#10285,#10286,#10287,#10288,#10289,#10290,#10291,#10292,#10293,#10294,#10295,#10296,#10297),.UNSPECIFIED.,.F.,.F.,(4,3,3,3,3,3,3,3,3,3,4),(-0.00440318050674427,-0.00382139089989427,-0.00331271191087399,-0.00186750898243445,-0.00029983661013977,0.000413037320563413,0.00203967765626437,0.00322142908150432,0.00360089642858492,0.00392993453504713,0.00440318050674427),.UNSPECIFIED.);
#5869=LINE('',#10298,#10299);
#5870=VERTEX_POINT('',#10300);
#5871=VERTEX_POINT('',#10301);
#5872=B_SPLINE_CURVE_WITH_KNOTS('',3,(#10302,#10303,#10304,#10305,#10306,#10307,#10308,#10309,#10310,#10311,#10312,#10313,#10314,#10315,#10316,#10317,#10318,#10319,#10320,#10321,#10322,#10323,#10324,#10325,#10326,#10327,#10328,#10329,#10330,#10331,#10332),.UNSPECIFIED.,.F.,.F.,(4,3,3,3,3,3,3,3,3,3,4),(-0.00440318050674414,-0.00382139089989413,-0.00331271191087412,-0.00186750898243471,-0.000299836610139997,0.000413037320564264,0.00203967765626535,0.00322142908150475,0.00360089642858716,0.00392993453505427,0.00440318050674414),.UNSPECIFIED.);
#5873=LINE('',#10333,#10334);
#5874=B_SPLINE_CURVE_WITH_KNOTS('',3,(#10335,#10336,#10337,#10338,#10339,#10340,#10341,#10342,#10343,#10344,#10345,#10346,#10347,#10348,#10349,#10350,#10351,#10352,#10353,#10354,#10355,#10356,#10357,#10358,#10359,#10360,#10361,#10362,#10363,#10364,#10365,#10366,#10367,#10368,#10369,#10370,#10371,#10372,#10373,#10374,#10375,#10376,#10377),.UNSPECIFIED.,.F.,.F.,(4,3,3,3,3,3,3,3,3,3,3,3,3,3,4),(0.00497806260430745,0.00533342605863767,0.00556718433597614,0.00613565822217575,0.00645797285925363,0.00824307670684532,0.00921385140885571,0.00971516870019816,0.0113411877263753,0.0119404794398417,0.0124071040434793,0.0127362755280762,0.0130944389524837,0.013286897758325,0.0135983882496204),.UNSPECIFIED.);
#5875=VERTEX_POINT('',#10378);
#5876=B_SPLINE_CURVE_WITH_KNOTS('',3,(#10379,#10380,#10381,#10382,#10383,#10384,#10385,#10386,#10387,#10388,#10389,#10390,#10391,#10392,#10393,#10394,#10395,#10396,#10397,#10398,#10399,#10400,#10401,#10402,#10403,#10404,#10405,#10406,#10407,#10408,#10409),.UNSPECIFIED.,.F.,.F.,(4,3,3,3,3,3,3,3,3,3,4),(-0.00440318050674414,-0.00382139089989413,-0.00331271191087412,-0.00186750898243471,-0.000299836610139997,0.000413037320564264,0.00203967765626535,0.00322142908150475,0.00360089642858716,0.00392993453505427,0.00440318050674414),.UNSPECIFIED.);
#5877=LINE('',#10410,#10411);
#5878=VERTEX_POINT('',#10412);
#5879=CIRCLE('',#10413,0.00693428543975073);
#5880=CIRCLE('',#10414,0.00693428543975073);
#5881=VERTEX_POINT('',#10415);
#5882=B_SPLINE_CURVE_WITH_KNOTS('',3,(#10416,#10417,#10418,#10419,#10420,#10421,#10422,#10423,#10424,#10425,#10426,#10427,#10428,#10429,#10430,#10431,#10432,#10433,#10434,#10435,#10436,#10437,#10438,#10439,#10440,#10441,#10442,#10443,#10444,#10445,#10446,#10447,#10448,#10449,#10450,#10451,#10452,#10453,#10454,#10455,#10456,#10457,#10458),.UNSPECIFIED.,.F.,.F.,(4,3,3,3,3,3,3,3,3,3,3,3,3,3,4),(0.00497806260430823,0.00533342605863865,0.00556718433597914,0.00613565822217919,0.00645797285925387,0.00824307670684605,0.00921385140885569,0.00971516870019452,0.0113411877263704,0.0119404794398352,0.0124071040434606,0.0127362755280666,0.0130944389524691,0.0132868977583107,0.0135983882496226),.UNSPECIFIED.);
#5883=B_SPLINE_CURVE_WITH_KNOTS('',3,(#10459,#10460,#10461,#10462,#10463,#10464,#10465,#10466,#10467,#10468,#10469,#10470,#10471,#10472,#10473,#10474,#10475,#10476,#10477,#10478,#10479,#10480,#10481,#10482,#10483,#10484,#10485,#10486,#10487,#10488,#10489,#10490,#10491,#10492,#10493,#10494,#10495,#10496,#10497,#10498,#10499,#10500,#10501),.UNSPECIFIED.,.F.,.F.,(4,3,3,3,3,3,3,3,3,3,3,3,3,3,4),(0.00497806260430803,0.00533342605863835,0.0055671843359778,0.00613565822217768,0.006457972859254,0.00824307670684602,0.00921385140885604,0.00971516870019528,0.0113411877263713,0.0119404794398364,0.0124071040434656,0.0127362755280694,0.0130944389524734,0.0132868977583151,0.0135983882496221),.UNSPECIFIED.);
#5884=VERTEX_POINT('',#10502);
#5885=VERTEX_POINT('',#10503);
#5886=CIRCLE('',#10504,0.0070359342241386);
#5887=VERTEX_POINT('',#10505);
#5888=LINE('',#10506,#10507);
#5889=CIRCLE('',#10508,0.0070359342241386);
#5890=CIRCLE('',#10509,0.0070359342241386);
#5891=VERTEX_POINT('',#10510);
#5892=CIRCLE('',#10511,0.0070359342241386);
#5893=VERTEX_POINT('',#10512);
#5894=LINE('',#10513,#10514);
#5895=VERTEX_POINT('',#10515);
#5896=CIRCLE('',#10516,0.0070359342241386);
#5897=VERTEX_POINT('',#10517);
#5898=LINE('',#10518,#10519);
#5899=VERTEX_POINT('',#10520);
#5900=CIRCLE('',#10521,0.0070359342241386);
#5901=LINE('',#10522,#10523);
#5902=VERTEX_POINT('',#10524);
#5903=B_SPLINE_CURVE_WITH_KNOTS('',3,(#10525,#10526,#10527,#10528,#10529,#10530,#10531,#10532,#10533,#10534,#10535,#10536,#10537,#10538,#10539,#10540,#10541,#10542,#10543,#10544,#10545,#10546,#10547,#10548,#10549,#10550,#10551,#10552,#10553,#10554,#10555),.UNSPECIFIED.,.F.,.F.,(4,3,3,3,3,3,3,3,3,3,4),(-0.00440318050674461,-0.00382139089989458,-0.00331271191087463,-0.00186750898243521,-0.000299836610140254,0.000413037320561017,0.00203967765626176,0.00322142908150318,0.00360089642858391,0.00392993453504814,0.00440318050674461),.UNSPECIFIED.);
#5904=B_SPLINE_CURVE_WITH_KNOTS('',3,(#10556,#10557,#10558,#10559,#10560,#10561,#10562,#10563,#10564,#10565,#10566,#10567,#10568,#10569,#10570,#10571,#10572,#10573,#10574,#10575,#10576,#10577,#10578,#10579,#10580,#10581,#10582,#10583,#10584,#10585,#10586),.UNSPECIFIED.,.F.,.F.,(4,3,3,3,3,3,3,3,3,3,4),(-0.00440318050674461,-0.00382139089989458,-0.00331271191087463,-0.00186750898243521,-0.000299836610140254,0.000413037320561017,0.00203967765626176,0.00322142908150318,0.00360089642858391,0.00392993453504814,0.00440318050674461),.UNSPECIFIED.);
#5905=LINE('',#10587,#10588);
#5906=VERTEX_POINT('',#10589);
#5907=B_SPLINE_CURVE_WITH_KNOTS('',3,(#10590,#10591,#10592,#10593,#10594,#10595,#10596,#10597,#10598,#10599,#10600,#10601,#10602,#10603,#10604,#10605,#10606,#10607,#10608,#10609,#10610,#10611,#10612,#10613,#10614,#10615,#10616,#10617,#10618,#10619,#10620),.UNSPECIFIED.,.F.,.F.,(4,3,3,3,3,3,3,3,3,3,4),(-0.00440318050674474,-0.00382139089989469,-0.00331271191087283,-0.00186750898243181,-0.000299836610137672,0.000413037320563895,0.00203967765626502,0.00322142908150488,0.00360089642858686,0.0039299345350515,0.00440318050674474),.UNSPECIFIED.);
#5908=B_SPLINE_CURVE_WITH_KNOTS('',3,(#10621,#10622,#10623,#10624,#10625,#10626,#10627,#10628,#10629,#10630,#10631,#10632,#10633,#10634,#10635,#10636,#10637,#10638,#10639,#10640,#10641,#10642,#10643,#10644,#10645,#10646,#10647,#10648,#10649,#10650,#10651),.UNSPECIFIED.,.F.,.F.,(4,3,3,3,3,3,3,3,3,3,4),(-0.00440318050674474,-0.00382139089989469,-0.00331271191087283,-0.00186750898243181,-0.000299836610137672,0.000413037320563895,0.00203967765626502,0.00322142908150488,0.00360089642858686,0.0039299345350515,0.00440318050674474),.UNSPECIFIED.);
#5909=LINE('',#10652,#10653);
#5910=VERTEX_POINT('',#10654);
#5911=B_SPLINE_CURVE_WITH_KNOTS('',3,(#10655,#10656,#10657,#10658,#10659,#10660,#10661,#10662,#10663,#10664,#10665,#10666,#10667,#10668,#10669,#10670,#10671,#10672,#10673,#10674,#10675,#10676,#10677,#10678,#10679,#10680,#10681,#10682,#10683,#10684,#10685),.UNSPECIFIED.,.F.,.F.,(4,3,3,3,3,3,3,3,3,3,4),(-0.00440318050674461,-0.00382139089989456,-0.0033127119108718,-0.00186750898243033,-0.000299836610136594,0.000413037320563403,0.00203967765626454,0.00322142908150458,0.00360089642858518,0.00392993453504901,0.00440318050674462),.UNSPECIFIED.);
#5912=B_SPLINE_CURVE_WITH_KNOTS('',3,(#10686,#10687,#10688,#10689,#10690,#10691,#10692,#10693,#10694,#10695,#10696,#10697,#10698,#10699,#10700,#10701,#10702,#10703,#10704,#10705,#10706,#10707,#10708,#10709,#10710,#10711,#10712,#10713,#10714,#10715,#10716),.UNSPECIFIED.,.F.,.F.,(4,3,3,3,3,3,3,3,3,3,4),(-0.00440318050674461,-0.00382139089989456,-0.0033127119108718,-0.00186750898243033,-0.000299836610136594,0.000413037320563403,0.00203967765626454,0.00322142908150458,0.00360089642858518,0.00392993453504901,0.00440318050674462),.UNSPECIFIED.);
#5913=LINE('',#10717,#10718);
#5914=B_SPLINE_CURVE_WITH_KNOTS('',3,(#10719,#10720,#10721,#10722,#10723,#10724,#10725,#10726,#10727,#10728,#10729,#10730,#10731,#10732,#10733,#10734,#10735,#10736,#10737,#10738,#10739,#10740,#10741,#10742,#10743,#10744,#10745,#10746,#10747,#10748,#10749),.UNSPECIFIED.,.F.,.F.,(4,3,3,3,3,3,3,3,3,3,4),(-0.00440318050674429,-0.00382139089989428,-0.00331271191087419,-0.00186750898243506,-0.000299836610140221,0.000413037320560851,0.00203967765626151,0.0032214290815029,0.00360089642858264,0.00392993453504353,0.00440318050674429),.UNSPECIFIED.);
#5915=B_SPLINE_CURVE_WITH_KNOTS('',3,(#10750,#10751,#10752,#10753,#10754,#10755,#10756,#10757,#10758,#10759,#10760,#10761,#10762,#10763,#10764,#10765,#10766,#10767,#10768,#10769,#10770,#10771,#10772,#10773,#10774,#10775,#10776,#10777,#10778,#10779,#10780),.UNSPECIFIED.,.F.,.F.,(4,3,3,3,3,3,3,3,3,3,4),(-0.00440318050674429,-0.00382139089989428,-0.00331271191087419,-0.00186750898243506,-0.000299836610140221,0.000413037320560851,0.00203967765626151,0.0032214290815029,0.00360089642858264,0.00392993453504353,0.00440318050674429),.UNSPECIFIED.);
#5916=CARTESIAN_POINT('',(0.0668300000000004,-0.00693975631344319,-0.00511470754305416));
#5917=CARTESIAN_POINT('',(0.0668300000000004,-0.00693975631344321,-0.00711470754305416));
#5918=CARTESIAN_POINT('',(0.0668300000000004,-0.0069397563134432,-0.00511470754305416));
#5919=VECTOR('',#10781,1.0);
#5920=CARTESIAN_POINT('',(0.0668300000000004,0.0069102436865568,-0.00511470754305426));
#5921=AXIS2_PLACEMENT_3D('',#10782,#10783,#10784);
#5922=CARTESIAN_POINT('',(0.0668300000000004,0.00691024368655678,-0.00711470754305426));
#5923=CARTESIAN_POINT('',(0.0668300000000004,0.0069102436865568,-0.00511470754305426));
#5924=VECTOR('',#10785,1.0);
#5925=CARTESIAN_POINT('',(0.0616150000000004,-0.00457100477023304,-0.00711470754305418));
#5926=AXIS2_PLACEMENT_3D('',#10786,#10787,#10788);
#5927=AXIS2_PLACEMENT_3D('',#10789,#10790,#10791);
#5928=CARTESIAN_POINT('',(0.0668300000000003,-0.00584485423585919,-0.0156679344161554));
#5929=CARTESIAN_POINT('',(0.0668300000000003,-0.00519475631344328,-0.0160919017136163));
#5930=CARTESIAN_POINT('',(0.0668300000000003,-0.00543893767362577,-0.01593265660946));
#5931=VECTOR('',#10792,1.0);
#5932=CARTESIAN_POINT('',(0.0718153475198857,-0.00142142262283606,-0.0161024240417586));
#5933=CARTESIAN_POINT('',(0.0620443044272534,0.00196754484556102,-0.0161119025078407));
#5934=CARTESIAN_POINT('',(0.0618530999772715,0.00150593673641402,-0.0161106096406125));
#5935=CARTESIAN_POINT('',(0.0617303456842477,0.00101549519110923,-0.0161092368003039));
#5936=CARTESIAN_POINT('',(0.0616790361209417,0.000532939876641295,-0.0161078868716395));
#5937=CARTESIAN_POINT('',(0.0616425495606411,0.000189791690508163,-0.0161069269286884));
#5938=CARTESIAN_POINT('',(0.0616401707687974,-0.000142410517980757,-0.0161059979993257));
#5939=CARTESIAN_POINT('',(0.0616713729567565,-0.000484827615175941,-0.0161050409082291));
#5940=CARTESIAN_POINT('',(0.0617252824226013,-0.00107643749939813,-0.016103387297596));
#5941=CARTESIAN_POINT('',(0.0618875807169427,-0.00168245717757537,-0.0161016947127605));
#5942=CARTESIAN_POINT('',(0.0621507132706429,-0.00223661942904218,-0.0161001480114431));
#5943=CARTESIAN_POINT('',(0.0623098480914512,-0.00257176044198726,-0.0160992126120274));
#5944=CARTESIAN_POINT('',(0.0625051275912462,-0.0028886422268016,-0.0160983285695911));
#5945=CARTESIAN_POINT('',(0.0627262818825238,-0.00317575261402553,-0.0160975278465465));
#5946=CARTESIAN_POINT('',(0.0628820880648964,-0.00337802575597745,-0.0160969637263569));
#5947=CARTESIAN_POINT('',(0.063048833128254,-0.00356391329436896,-0.016096445442934));
#5948=CARTESIAN_POINT('',(0.0632267618633052,-0.00373619083930362,-0.016095965199123));
#5949=CARTESIAN_POINT('',(0.0636433156517589,-0.00413951447327094,-0.016094840887309));
#5950=CARTESIAN_POINT('',(0.064154313175871,-0.00449224322382121,-0.0160938581980533));
#5951=CARTESIAN_POINT('',(0.0647130555686601,-0.00474243505407462,-0.0160931613356679));
#5952=CARTESIAN_POINT('',(0.065278030022944,-0.00499541745631926,-0.0160924567006679));
#5953=CARTESIAN_POINT('',(0.0658923084884439,-0.00514384662587197,-0.0160920434615278));
#5954=CARTESIAN_POINT('',(0.0664863394395886,-0.00518334387865077,-0.0160919334891583));
#5955=CARTESIAN_POINT('',(0.06675852348661,-0.00520144145771941,-0.0160918830999917));
#5956=CARTESIAN_POINT('',(0.0670238823806113,-0.00519840005119701,-0.0160918915677513));
#5957=CARTESIAN_POINT('',(0.0672972678605481,-0.00517363804754993,-0.0160919605132529));
#5958=CARTESIAN_POINT('',(0.0678889469872819,-0.00512004646434851,-0.0160921097297153));
#5959=CARTESIAN_POINT('',(0.0684951630658574,-0.00495804754991018,-0.0160925607616353));
#5960=CARTESIAN_POINT('',(0.0690495731109032,-0.00469512971792257,-0.0160932930983628));
#5961=CARTESIAN_POINT('',(0.069398277671023,-0.00452976358184669,-0.0160937537125935));
#5962=CARTESIAN_POINT('',(0.0697272286564581,-0.00432522096579106,-0.0160943235447038));
#5963=CARTESIAN_POINT('',(0.0700235454706394,-0.00409319563835189,-0.0160949701525753));
#5964=CARTESIAN_POINT('',(0.0702089512274592,-0.0039480171355589,-0.0160953747358323));
#5965=CARTESIAN_POINT('',(0.0703803833874399,-0.00379356790389039,-0.0160958052268898));
#5966=CARTESIAN_POINT('',(0.0705398945880084,-0.00362987486556139,-0.0160962615802989));
#5967=CARTESIAN_POINT('',(0.0709447611316226,-0.00321439410680739,-0.0160974198828303));
#5968=CARTESIAN_POINT('',(0.0712995590492783,-0.00270388256542649,-0.0160988437427194));
#5969=CARTESIAN_POINT('',(0.0715517121348553,-0.00214497567199854,-0.0161004038045364));
#5970=CARTESIAN_POINT('',(0.0717661815216156,-0.00166959612859428,-0.0161017307187022));
#5971=CARTESIAN_POINT('',(0.0719075294640403,-0.001159237173078,-0.0161031560951353));
#5972=CARTESIAN_POINT('',(0.07197034763842,-0.000654464181296509,-0.0161045667897913));
#5973=CARTESIAN_POINT('',(0.071999703185562,-0.000418578826420436,-0.0161052260211982));
#5974=CARTESIAN_POINT('',(0.072012302399925,-0.000185801864306,-0.0161058767579629));
#5975=CARTESIAN_POINT('',(0.0720096593486415,4.46493431419383E-05,-0.0161065211751128));
#5976=CARTESIAN_POINT('',(0.0720030708012647,0.000619113678286933,-0.0161081275657829));
#5977=CARTESIAN_POINT('',(0.0718959753285252,0.00122512740768323,-0.0161098234168807));
#5978=CARTESIAN_POINT('',(0.0716838187917319,0.00179434377694244,-0.0161114174429568));
#5979=CARTESIAN_POINT('',(0.0716621554260589,0.00185246662595165,-0.016111580209423));
#5980=CARTESIAN_POINT('',(0.0716394406051813,0.00191021929940076,-0.0161117419510426));
#5981=CARTESIAN_POINT('',(0.0716156955727474,0.00196754484556092,-0.0161119025078407));
#5982=CARTESIAN_POINT('',(0.0718153475198865,-0.00305780611594956,-0.0156679344161554));
#5984=CARTESIAN_POINT('',(0.0718153475198865,-0.0013854909970638,-0.0161088052212101));
#5985=CARTESIAN_POINT('',(0.0718153475198865,-0.00217039481721085,-0.0159710572484344));
#5986=CARTESIAN_POINT('',(0.0718153475198865,-0.00305780611594984,-0.0156679344161553));
#5993=AXIS2_PLACEMENT_3D('',#10793,#10794,#10795);
#5994=CARTESIAN_POINT('',(0.0668300000000004,0.00518745360261915,-0.01610638611322));
#5995=CARTESIAN_POINT('',(0.0668300000000004,0.00585976144109748,-0.0156679344161555));
#5996=CARTESIAN_POINT('',(0.0668300000000004,0.00545384487886406,-0.0159326566094601));
#5997=VECTOR('',#10796,1.0);
#5998=CARTESIAN_POINT('',(0.0616500119034979,-3.65135541528089E-06,-0.01610638611322));
#5999=AXIS2_PLACEMENT_3D('',#10797,#10798,#10799);
#6000=CARTESIAN_POINT('',(0.0620443044272534,0.00196754484556102,-0.0161119025078407));
#6001=CARTESIAN_POINT('',(0.0618530999772715,0.00150593673641402,-0.0161106096406125));
#6002=CARTESIAN_POINT('',(0.0617303456842477,0.00101549519110923,-0.0161092368003039));
#6003=CARTESIAN_POINT('',(0.0616790361209417,0.000532939876641295,-0.0161078868716395));
#6004=CARTESIAN_POINT('',(0.0616425495606411,0.000189791690508163,-0.0161069269286884));
#6005=CARTESIAN_POINT('',(0.0616401707687974,-0.000142410517980757,-0.0161059979993257));
#6006=CARTESIAN_POINT('',(0.0616713729567565,-0.000484827615175941,-0.0161050409082291));
#6007=CARTESIAN_POINT('',(0.0617252824226013,-0.00107643749939813,-0.016103387297596));
#6008=CARTESIAN_POINT('',(0.0618875807169427,-0.00168245717757537,-0.0161016947127605));
#6009=CARTESIAN_POINT('',(0.0621507132706429,-0.00223661942904218,-0.0161001480114431));
#6010=CARTESIAN_POINT('',(0.0623098480914512,-0.00257176044198726,-0.0160992126120274));
#6011=CARTESIAN_POINT('',(0.0625051275912462,-0.0028886422268016,-0.0160983285695911));
#6012=CARTESIAN_POINT('',(0.0627262818825238,-0.00317575261402553,-0.0160975278465465));
#6013=CARTESIAN_POINT('',(0.0628820880648964,-0.00337802575597745,-0.0160969637263569));
#6014=CARTESIAN_POINT('',(0.063048833128254,-0.00356391329436896,-0.016096445442934));
#6015=CARTESIAN_POINT('',(0.0632267618633052,-0.00373619083930362,-0.016095965199123));
#6016=CARTESIAN_POINT('',(0.0636433156517589,-0.00413951447327094,-0.016094840887309));
#6017=CARTESIAN_POINT('',(0.064154313175871,-0.00449224322382121,-0.0160938581980533));
#6018=CARTESIAN_POINT('',(0.0647130555686601,-0.00474243505407462,-0.0160931613356679));
#6019=CARTESIAN_POINT('',(0.065278030022944,-0.00499541745631926,-0.0160924567006679));
#6020=CARTESIAN_POINT('',(0.0658923084884439,-0.00514384662587197,-0.0160920434615278));
#6021=CARTESIAN_POINT('',(0.0664863394395886,-0.00518334387865077,-0.0160919334891583));
#6022=CARTESIAN_POINT('',(0.06675852348661,-0.00520144145771941,-0.0160918830999917));
#6023=CARTESIAN_POINT('',(0.0670238823806113,-0.00519840005119701,-0.0160918915677513));
#6024=CARTESIAN_POINT('',(0.0672972678605481,-0.00517363804754993,-0.0160919605132529));
#6025=CARTESIAN_POINT('',(0.0678889469872819,-0.00512004646434851,-0.0160921097297153));
#6026=CARTESIAN_POINT('',(0.0684951630658574,-0.00495804754991018,-0.0160925607616353));
#6027=CARTESIAN_POINT('',(0.0690495731109032,-0.00469512971792257,-0.0160932930983628));
#6028=CARTESIAN_POINT('',(0.069398277671023,-0.00452976358184669,-0.0160937537125935));
#6029=CARTESIAN_POINT('',(0.0697272286564581,-0.00432522096579106,-0.0160943235447038));
#6030=CARTESIAN_POINT('',(0.0700235454706394,-0.00409319563835189,-0.0160949701525753));
#6031=CARTESIAN_POINT('',(0.0702089512274592,-0.0039480171355589,-0.0160953747358323));
#6032=CARTESIAN_POINT('',(0.0703803833874399,-0.00379356790389039,-0.0160958052268898));
#6033=CARTESIAN_POINT('',(0.0705398945880084,-0.00362987486556139,-0.0160962615802989));
#6034=CARTESIAN_POINT('',(0.0709447611316226,-0.00321439410680739,-0.0160974198828303));
#6035=CARTESIAN_POINT('',(0.0712995590492783,-0.00270388256542649,-0.0160988437427194));
#6036=CARTESIAN_POINT('',(0.0715517121348553,-0.00214497567199854,-0.0161004038045364));
#6037=CARTESIAN_POINT('',(0.0717661815216156,-0.00166959612859428,-0.0161017307187022));
#6038=CARTESIAN_POINT('',(0.0719075294640403,-0.001159237173078,-0.0161031560951353));
#6039=CARTESIAN_POINT('',(0.07197034763842,-0.000654464181296509,-0.0161045667897913));
#6040=CARTESIAN_POINT('',(0.071999703185562,-0.000418578826420436,-0.0161052260211982));
#6041=CARTESIAN_POINT('',(0.072012302399925,-0.000185801864306,-0.0161058767579629));
#6042=CARTESIAN_POINT('',(0.0720096593486415,4.46493431419383E-05,-0.0161065211751128));
#6043=CARTESIAN_POINT('',(0.0720030708012647,0.000619113678286933,-0.0161081275657829));
#6044=CARTESIAN_POINT('',(0.0718959753285252,0.00122512740768323,-0.0161098234168807));
#6045=CARTESIAN_POINT('',(0.0716838187917319,0.00179434377694244,-0.0161114174429568));
#6046=CARTESIAN_POINT('',(0.0716621554260589,0.00185246662595165,-0.016111580209423));
#6047=CARTESIAN_POINT('',(0.0716394406051813,0.00191021929940076,-0.0161117419510426));
#6048=CARTESIAN_POINT('',(0.0716156955727474,0.00196754484556092,-0.0161119025078407));
#6049=CARTESIAN_POINT('',(0.0616150000000004,-0.00264834797813105,-0.0156679344161554));
#6050=AXIS2_PLACEMENT_3D('',#10800,#10801,#10802);
#6051=CARTESIAN_POINT('',(0.0616150000000004,0.00266325518336941,-0.0156679344161554));
#6053=CARTESIAN_POINT('',(0.0616150000000004,-0.00264834797813131,-0.0156679344161553));
#6054=CARTESIAN_POINT('',(0.0616150000000004,7.45360261918127E-06,-0.0164539255883056));
#6055=CARTESIAN_POINT('',(0.0616150000000004,0.00266325518336969,-0.0156679344161553));
#6062=AXIS2_PLACEMENT_3D('',#10803,#10804,#10805);
#6063=CARTESIAN_POINT('',(0.0668300000000003,-0.00519475631344329,-0.0171147075430542));
#6064=CARTESIAN_POINT('',(0.0668300000000003,-0.00519475631344329,-0.0166020950743402));
#6065=VECTOR('',#10806,1.0);
#6066=CARTESIAN_POINT('',(0.0718153475198865,-0.00142142262283048,-0.0171147075430542));
#6067=AXIS2_PLACEMENT_3D('',#10807,#10808,#10809);
#6068=CARTESIAN_POINT('',(0.0718153475198865,-0.00142142262283047,-0.0166020950743403));
#6069=VECTOR('',#10810,1.0);
#6070=CARTESIAN_POINT('',(0.0668300000000004,0.000815243686556805,-0.00511470754305422));
#6071=CARTESIAN_POINT('',(0.0668300000000004,0.000815243686556795,-0.00619470754305421));
#6072=CARTESIAN_POINT('',(0.0668300000000004,0.000815243686556802,-0.00511470754305421));
#6073=VECTOR('',#10811,1.0);
#6074=CARTESIAN_POINT('',(0.0668300000000004,-0.0051847563134432,-0.00511470754305417));
#6075=AXIS2_PLACEMENT_3D('',#10812,#10813,#10814);
#6076=CARTESIAN_POINT('',(0.0668300000000004,-0.00518475631344325,-0.0123347075430542));
#6077=CARTESIAN_POINT('',(0.0668300000000004,-0.0051847563134432,-0.00511470754305417));
#6078=VECTOR('',#10815,1.0);
#6079=CARTESIAN_POINT('',(0.0644246447025961,-0.000391918927273194,-0.0123347075430542));
#6080=AXIS2_PLACEMENT_3D('',#10816,#10817,#10818);
#6081=CARTESIAN_POINT('',(0.0644246447025961,-0.000391918927273124,-0.00619470754305421));
#6082=CARTESIAN_POINT('',(0.0644246447025961,-0.000391918927273173,-0.00926470754305421));
#6083=VECTOR('',#10819,1.0);
#6084=AXIS2_PLACEMENT_3D('',#10820,#10821,#10822);
#6085=CARTESIAN_POINT('',(0.0700354279664059,0.000301020896621615,-0.0126876007618676));
#6086=CARTESIAN_POINT('',(0.070035427966406,0.00209567559185964,-0.0126876007618676));
#6087=CARTESIAN_POINT('',(0.0700354279664059,0.000634632993480632,-0.0126876007618676));
#6088=VECTOR('',#10823,1.0);
#6089=CARTESIAN_POINT('',(0.069497223681057,0.000301020896621582,-0.012409074778329));
#6090=AXIS2_PLACEMENT_3D('',#10824,#10825,#10826);
#6091=CARTESIAN_POINT('',(0.0693283211852194,0.000469923392459173,-0.0123947075430542));
#6092=AXIS2_PLACEMENT_3D('',#10827,#10828,#10829);
#6093=CARTESIAN_POINT('',(0.0693283211852194,0.00209567559185963,-0.0123947075430542));
#6094=CARTESIAN_POINT('',(0.0693283211852194,0.000634632993480641,-0.0123947075430542));
#6095=VECTOR('',#10830,1.0);
#6096=AXIS2_PLACEMENT_3D('',#10831,#10832,#10833);
#6097=CARTESIAN_POINT('',(0.0696818745758127,0.00209567559185964,-0.0130411541524609));
#6098=CARTESIAN_POINT('',(0.0696818745758126,0.000301020896621612,-0.0130411541524609));
#6099=CARTESIAN_POINT('',(0.0696818745758126,0.00121876681590621,-0.0130411541524609));
#6100=VECTOR('',#10834,1.0);
#6101=CARTESIAN_POINT('',(0.0693283211852194,0.00209567559185962,-0.0128947075430542));
#6102=AXIS2_PLACEMENT_3D('',#10835,#10836,#10837);
#6103=CARTESIAN_POINT('',(0.0693283211852194,0.000469923392459194,-0.0128947075430542));
#6104=CARTESIAN_POINT('',(0.0693283211852194,0.00121876681590621,-0.0128947075430542));
#6105=VECTOR('',#10838,1.0);
#6106=CARTESIAN_POINT('',(0.069497223681057,0.000301020896621568,-0.0129240994822437));
#6107=AXIS2_PLACEMENT_3D('',#10839,#10840,#10841);
#6108=AXIS2_PLACEMENT_3D('',#10842,#10843,#10844);
#6109=CARTESIAN_POINT('',(0.0668300000000004,-0.00268475631344325,-0.0123347075430542));
#6110=CARTESIAN_POINT('',(0.0668300000000004,-0.00268475631344329,-0.0171147075430542));
#6111=CARTESIAN_POINT('',(0.0668300000000004,-0.00268475631344325,-0.0123347075430542));
#6112=VECTOR('',#10845,1.0);
#6113=CARTESIAN_POINT('',(0.0668300000000004,-0.00168475631344324,-0.0123347075430542));
#6114=AXIS2_PLACEMENT_3D('',#10846,#10847,#10848);
#6115=CARTESIAN_POINT('',(0.0668300000000004,-0.00168475631344328,-0.0171147075430542));
#6116=CARTESIAN_POINT('',(0.0668300000000004,-0.00168475631344324,-0.0123347075430542));
#6117=VECTOR('',#10849,1.0);
#6118=AXIS2_PLACEMENT_3D('',#10850,#10851,#10852);
#6119=CARTESIAN_POINT('',(0.0668300000000004,0.00532601810758689,-0.0142476515169656));
#6120=CARTESIAN_POINT('',(0.0668300000000004,0.00532601810758689,-0.0138760200057929));
#6121=CARTESIAN_POINT('',(0.0668300000000004,0.00532601810758689,-0.0140618357613792));
#6122=VECTOR('',#10853,1.0);
#6123=CARTESIAN_POINT('',(0.0622657113771968,0.00273772790408185,-0.0142476515169617));
#6124=AXIS2_PLACEMENT_3D('',#10854,#10855,#10856);
#6125=CARTESIAN_POINT('',(0.0622657113771957,0.0027377279040799,-0.0138760200057968));
#6126=CARTESIAN_POINT('',(0.062265711377194,0.00273772790408208,-0.014062428369313));
#6127=VECTOR('',#10857,1.0);
#6128=AXIS2_PLACEMENT_3D('',#10858,#10859,#10860);
#6129=CARTESIAN_POINT('',(0.0668300000000004,0.00531524368655673,-0.0142407100133196));
#6130=CARTESIAN_POINT('',(0.0668300000000004,0.00531524368655673,-0.0142428221894401));
#6131=CARTESIAN_POINT('',(0.0668300000000004,0.00531524368655673,-0.0140629394127975));
#6132=VECTOR('',#10861,1.0);
#6133=CARTESIAN_POINT('',(0.0713942886228007,0.00273772790408716,-0.0142476515169617));
#6134=CARTESIAN_POINT('',(0.0713942886228006,0.00273772790409125,-0.0142476515169656));
#6135=CARTESIAN_POINT('',(0.0712157844743569,0.00303373121945052,-0.0142468551583637));
#6136=CARTESIAN_POINT('',(0.0710097500441431,0.00330936193382735,-0.0142461133291344));
#6137=CARTESIAN_POINT('',(0.0707863229738915,0.00355685516126411,-0.0142454470519932));
#6138=CARTESIAN_POINT('',(0.0706140381702618,0.0037476973991389,-0.0142449332851237));
#6139=CARTESIAN_POINT('',(0.0704327667882314,0.00392178850429989,-0.0142444645021611));
#6140=CARTESIAN_POINT('',(0.0702329300243841,0.00408755611360903,-0.014244018052455));
#6141=CARTESIAN_POINT('',(0.0697669539065788,0.00447409033062007,-0.0142429770282868));
#6142=CARTESIAN_POINT('',(0.0692132585097694,0.00479358358160426,-0.0142421160792307));
#6143=CARTESIAN_POINT('',(0.0686243416164999,0.0050041318267027,-0.0142415486157378));
#6144=CARTESIAN_POINT('',(0.0682155009006375,0.00515029964126772,-0.0142411546685047));
#6145=CARTESIAN_POINT('',(0.0677896256786526,0.00524506089424896,-0.0142408992110289));
#6146=CARTESIAN_POINT('',(0.0673703013295152,0.00528778783755863,-0.0142407840288694));
#6147=CARTESIAN_POINT('',(0.067027657537548,0.00532270143583861,-0.0142406899097181));
#6148=CARTESIAN_POINT('',(0.0666959019334802,0.00532461072217342,-0.0142406847622737));
#6149=CARTESIAN_POINT('',(0.0663538761338932,0.00529393524513529,-0.0142407674568111));
#6150=CARTESIAN_POINT('',(0.065750862431547,0.0052398523864669,-0.0142409132526523));
#6151=CARTESIAN_POINT('',(0.0651327819565529,0.00507637564482226,-0.0142413539756751));
#6152=CARTESIAN_POINT('',(0.0645664717214718,0.00481073223511859,-0.0142420698209689));
#6153=CARTESIAN_POINT('',(0.0641270003640744,0.00460458609363228,-0.014242625335391));
#6154=CARTESIAN_POINT('',(0.0637178775063285,0.00433755124071803,-0.0142433447909533));
#6155=CARTESIAN_POINT('',(0.0633624845818575,0.00403311186930939,-0.0142441646799919));
#6156=CARTESIAN_POINT('',(0.063133657729664,0.00383709248274765,-0.0142446925819701));
#6157=CARTESIAN_POINT('',(0.0629282947743643,0.00362904635223824,-0.0142452527576744));
#6158=CARTESIAN_POINT('',(0.0627344929921484,0.00339636114988683,-0.0142458790910709));
#6159=CARTESIAN_POINT('',(0.062564365803606,0.00319210049325688,-0.0142464289123296));
#6160=CARTESIAN_POINT('',(0.0624065102987018,0.00297120677798278,-0.0142470233722796));
#6161=CARTESIAN_POINT('',(0.062265711377197,0.00273772790408594,-0.0142476515169656));
#6162=CARTESIAN_POINT('',(0.0713942886228024,0.00273772790408434,-0.0138760200057968));
#6163=CARTESIAN_POINT('',(0.0713942886228027,0.00273772790408775,-0.014062428369313));
#6164=VECTOR('',#10862,1.0);
#6165=CARTESIAN_POINT('',(0.0718153475157117,0.00187077018841681,-0.0138736597653581));
#6166=CARTESIAN_POINT('',(0.0622657113771961,0.00273772790408448,-0.0138760200057929));
#6167=CARTESIAN_POINT('',(0.0619452243676958,0.00220628245495039,-0.0138745726851398));
#6168=CARTESIAN_POINT('',(0.0617157064507539,0.00160803770036147,-0.0138729444180935));
#6169=CARTESIAN_POINT('',(0.0615979711799875,0.00100248231468447,-0.0138712975112267));
#6170=CARTESIAN_POINT('',(0.0615357010049166,0.000682204120768445,-0.0138704264623196));
#6171=CARTESIAN_POINT('',(0.0615040507154667,0.000360539718624485,-0.01386955197817));
#6172=CARTESIAN_POINT('',(0.0615003696855359,4.80187703193846E-05,-0.0138687026608777));
#6173=CARTESIAN_POINT('',(0.0614975040083472,-0.000195278396346166,-0.0138680414684299));
#6174=CARTESIAN_POINT('',(0.0615111485934623,-0.000441103691003502,-0.01386737359372));
#6175=CARTESIAN_POINT('',(0.0615429686453823,-0.000690181701836302,-0.0138666970814067));
#6176=CARTESIAN_POINT('',(0.0616206642766258,-0.00129836025946862,-0.0138650452283123));
#6177=CARTESIAN_POINT('',(0.0618101670768325,-0.00191301405410607,-0.0138633770450807));
#6178=CARTESIAN_POINT('',(0.0620989738649142,-0.00246960696249132,-0.0138618673984427));
#6179=CARTESIAN_POINT('',(0.0622647508020036,-0.00278909483938866,-0.0138610008516507));
#6180=CARTESIAN_POINT('',(0.0624625137536559,-0.00308992985607143,-0.0138601852248778));
#6181=CARTESIAN_POINT('',(0.062682553672654,-0.00336253004560929,-0.0138594463651594));
#6182=CARTESIAN_POINT('',(0.0628249842173289,-0.0035389825440975,-0.0138589681056118));
#6183=CARTESIAN_POINT('',(0.0629749295977597,-0.00370207289595325,-0.013858526159721));
#6184=CARTESIAN_POINT('',(0.0631343927777669,-0.0038555097888665,-0.0138581104413762));
#6185=CARTESIAN_POINT('',(0.0635325899380297,-0.00423865864514087,-0.0138570723467868));
#6186=CARTESIAN_POINT('',(0.0640134772938995,-0.00457715590789165,-0.0138561557122751));
#6187=CARTESIAN_POINT('',(0.0645395137541514,-0.00482750737261689,-0.0138554779276195));
#6188=CARTESIAN_POINT('',(0.0651016422770323,-0.00509503578500043,-0.0138547536392554));
#6189=CARTESIAN_POINT('',(0.0657157634567939,-0.00526183452410775,-0.0138543022541363));
#6190=CARTESIAN_POINT('',(0.0663166562490224,-0.00531997809894214,-0.0138541449002647));
#6191=CARTESIAN_POINT('',(0.0666515421952315,-0.00535238232533032,-0.0138540572047542));
#6192=CARTESIAN_POINT('',(0.0669760576525579,-0.00535333507626564,-0.0138540546265304));
#6193=CARTESIAN_POINT('',(0.0673106295648693,-0.00532304183905075,-0.0138541366088792));
#6194=CARTESIAN_POINT('',(0.0679146377486052,-0.0052683529589734,-0.0138542846129638));
#6195=CARTESIAN_POINT('',(0.0685334150030716,-0.00510393008388009,-0.0138547295649151));
#6196=CARTESIAN_POINT('',(0.0691001812068956,-0.00483711852379823,-0.0138554519071347));
#6197=CARTESIAN_POINT('',(0.0695940328713124,-0.00460463230259622,-0.013856081319942));
#6198=CARTESIAN_POINT('',(0.0700490845530254,-0.00429476388499513,-0.0138569204087583));
#6199=CARTESIAN_POINT('',(0.0704334240967372,-0.00394212627043186,-0.0138578757725956));
#6200=CARTESIAN_POINT('',(0.0705949523811159,-0.00379392151289449,-0.0138582772880892));
#6201=CARTESIAN_POINT('',(0.0707443991070304,-0.00363904217992379,-0.0138586969530472));
#6202=CARTESIAN_POINT('',(0.0708880147376585,-0.00347039176715499,-0.0138591540273624));
#6203=CARTESIAN_POINT('',(0.0712791554778545,-0.00301106817545235,-0.0138603988806223));
#6204=CARTESIAN_POINT('',(0.0716055656168024,-0.00246290288424902,-0.0138618852195132));
#6205=CARTESIAN_POINT('',(0.071823955221204,-0.00187736503472997,-0.0138634741065151));
#6206=CARTESIAN_POINT('',(0.071997745884484,-0.00141140415933791,-0.0138647385152617));
#6207=CARTESIAN_POINT('',(0.0721042022131362,-0.000921526120340666,-0.0138660685484767));
#6208=CARTESIAN_POINT('',(0.0721427738431133,-0.000442931618587628,-0.0138673686937956));
#6209=CARTESIAN_POINT('',(0.0721680084413891,-0.000129822216783006,-0.0138682192838496));
#6210=CARTESIAN_POINT('',(0.0721659619798467,0.000174422297994589,-0.0138690460915504));
#6211=CARTESIAN_POINT('',(0.0721362110089339,0.000488259321177655,-0.0138698992791738));
#6212=CARTESIAN_POINT('',(0.0720790416552569,0.0010913273631539,-0.013871538761298));
#6213=CARTESIAN_POINT('',(0.0719124404055741,0.00170813166492896,-0.0138732168302797));
#6214=CARTESIAN_POINT('',(0.0716442094756676,0.0022726630019416,-0.0138747536948425));
#6215=CARTESIAN_POINT('',(0.071568460925692,0.00243208693642001,-0.0138751877061706));
#6216=CARTESIAN_POINT('',(0.0714848565944273,0.00258754416830341,-0.0138756110004605));
#6217=CARTESIAN_POINT('',(0.071394288622802,0.00273772790408893,-0.0138760200057929));
#6218=CARTESIAN_POINT('',(0.0718153475136765,0.00187077019917898,-0.0142522090669235));
#6219=CARTESIAN_POINT('',(0.0718153475198865,0.00187077016634028,-0.0140629394127975));
#6220=VECTOR('',#10863,1.0);
#6221=CARTESIAN_POINT('',(0.0668300000000004,0.00531524368655673,-0.0142428221894401));
#6222=CARTESIAN_POINT('',(0.0674187060731382,0.00531524368655673,-0.0142428221894401));
#6223=CARTESIAN_POINT('',(0.0680426112201699,0.00521296592018416,-0.0142431013313674));
#6224=CARTESIAN_POINT('',(0.0686308423956378,0.00500180293230226,-0.0142436774305638));
#6225=CARTESIAN_POINT('',(0.0690922801298915,0.00483615620232578,-0.0142441293513714));
#6226=CARTESIAN_POINT('',(0.0695322971265119,0.00460463651201104,-0.0142447609027034));
#6227=CARTESIAN_POINT('',(0.0699247086535504,0.00432479186000088,-0.014245523973667));
#6228=CARTESIAN_POINT('',(0.0701610665366626,0.00415623542118123,-0.0142459835876823));
#6229=CARTESIAN_POINT('',(0.0703800779185877,0.00397063700050382,-0.014246489577722));
#6230=CARTESIAN_POINT('',(0.0705780279134099,0.00377485933465387,-0.0142470231867316));
#6231=CARTESIAN_POINT('',(0.0707401205511984,0.00361454552254092,-0.0142474601359318));
#6232=CARTESIAN_POINT('',(0.0708950600555437,0.00344066401677944,-0.0142479339826189));
#6233=CARTESIAN_POINT('',(0.0710398620131023,0.00325418263224567,-0.0142484420458076));
#6234=CARTESIAN_POINT('',(0.0713596093066831,0.00284240009136545,-0.014249563935541));
#6235=CARTESIAN_POINT('',(0.0716264436118645,0.00237023364345251,-0.0142508497699454));
#6236=CARTESIAN_POINT('',(0.0718153475082436,0.0018707701971242,-0.0142522090669291));
#6237=CARTESIAN_POINT('',(0.0668300000000004,0.00585976144109746,-0.0135279344161554));
#6238=CARTESIAN_POINT('',(0.0668300000000004,0.00551788977434217,-0.0137508891459507));
#6239=VECTOR('',#10864,1.0);
#6240=CARTESIAN_POINT('',(0.0616150000000212,0.00108645892457045,-0.0138715259068551));
#6241=CARTESIAN_POINT('',(0.0622657113771961,0.00273772790408448,-0.0138760200057929));
#6242=CARTESIAN_POINT('',(0.0619452243676958,0.00220628245495039,-0.0138745726851398));
#6243=CARTESIAN_POINT('',(0.0617157064507539,0.00160803770036147,-0.0138729444180935));
#6244=CARTESIAN_POINT('',(0.0615979711799875,0.00100248231468447,-0.0138712975112267));
#6245=CARTESIAN_POINT('',(0.0615357010049166,0.000682204120768445,-0.0138704264623196));
#6246=CARTESIAN_POINT('',(0.0615040507154667,0.000360539718624485,-0.01386955197817));
#6247=CARTESIAN_POINT('',(0.0615003696855359,4.80187703193846E-05,-0.0138687026608777));
#6248=CARTESIAN_POINT('',(0.0614975040083472,-0.000195278396346166,-0.0138680414684299));
#6249=CARTESIAN_POINT('',(0.0615111485934623,-0.000441103691003502,-0.01386737359372));
#6250=CARTESIAN_POINT('',(0.0615429686453823,-0.000690181701836302,-0.0138666970814067));
#6251=CARTESIAN_POINT('',(0.0616206642766258,-0.00129836025946862,-0.0138650452283123));
#6252=CARTESIAN_POINT('',(0.0618101670768325,-0.00191301405410607,-0.0138633770450807));
#6253=CARTESIAN_POINT('',(0.0620989738649142,-0.00246960696249132,-0.0138618673984427));
#6254=CARTESIAN_POINT('',(0.0622647508020036,-0.00278909483938866,-0.0138610008516507));
#6255=CARTESIAN_POINT('',(0.0624625137536559,-0.00308992985607143,-0.0138601852248778));
#6256=CARTESIAN_POINT('',(0.062682553672654,-0.00336253004560929,-0.0138594463651594));
#6257=CARTESIAN_POINT('',(0.0628249842173289,-0.0035389825440975,-0.0138589681056118));
#6258=CARTESIAN_POINT('',(0.0629749295977597,-0.00370207289595325,-0.013858526159721));
#6259=CARTESIAN_POINT('',(0.0631343927777669,-0.0038555097888665,-0.0138581104413762));
#6260=CARTESIAN_POINT('',(0.0635325899380297,-0.00423865864514087,-0.0138570723467868));
#6261=CARTESIAN_POINT('',(0.0640134772938995,-0.00457715590789165,-0.0138561557122751));
#6262=CARTESIAN_POINT('',(0.0645395137541514,-0.00482750737261689,-0.0138554779276195));
#6263=CARTESIAN_POINT('',(0.0651016422770323,-0.00509503578500043,-0.0138547536392554));
#6264=CARTESIAN_POINT('',(0.0657157634567939,-0.00526183452410775,-0.0138543022541363));
#6265=CARTESIAN_POINT('',(0.0663166562490224,-0.00531997809894214,-0.0138541449002647));
#6266=CARTESIAN_POINT('',(0.0666515421952315,-0.00535238232533032,-0.0138540572047542));
#6267=CARTESIAN_POINT('',(0.0669760576525579,-0.00535333507626564,-0.0138540546265304));
#6268=CARTESIAN_POINT('',(0.0673106295648693,-0.00532304183905075,-0.0138541366088792));
#6269=CARTESIAN_POINT('',(0.0679146377486052,-0.0052683529589734,-0.0138542846129638));
#6270=CARTESIAN_POINT('',(0.0685334150030716,-0.00510393008388009,-0.0138547295649151));
#6271=CARTESIAN_POINT('',(0.0691001812068956,-0.00483711852379823,-0.0138554519071347));
#6272=CARTESIAN_POINT('',(0.0695940328713124,-0.00460463230259622,-0.013856081319942));
#6273=CARTESIAN_POINT('',(0.0700490845530254,-0.00429476388499513,-0.0138569204087583));
#6274=CARTESIAN_POINT('',(0.0704334240967372,-0.00394212627043186,-0.0138578757725956));
#6275=CARTESIAN_POINT('',(0.0705949523811159,-0.00379392151289449,-0.0138582772880892));
#6276=CARTESIAN_POINT('',(0.0707443991070304,-0.00363904217992379,-0.0138586969530472));
#6277=CARTESIAN_POINT('',(0.0708880147376585,-0.00347039176715499,-0.0138591540273624));
#6278=CARTESIAN_POINT('',(0.0712791554778545,-0.00301106817545235,-0.0138603988806223));
#6279=CARTESIAN_POINT('',(0.0716055656168024,-0.00246290288424902,-0.0138618852195132));
#6280=CARTESIAN_POINT('',(0.071823955221204,-0.00187736503472997,-0.0138634741065151));
#6281=CARTESIAN_POINT('',(0.071997745884484,-0.00141140415933791,-0.0138647385152617));
#6282=CARTESIAN_POINT('',(0.0721042022131362,-0.000921526120340666,-0.0138660685484767));
#6283=CARTESIAN_POINT('',(0.0721427738431133,-0.000442931618587628,-0.0138673686937956));
#6284=CARTESIAN_POINT('',(0.0721680084413891,-0.000129822216783006,-0.0138682192838496));
#6285=CARTESIAN_POINT('',(0.0721659619798467,0.000174422297994589,-0.0138690460915504));
#6286=CARTESIAN_POINT('',(0.0721362110089339,0.000488259321177655,-0.0138698992791738));
#6287=CARTESIAN_POINT('',(0.0720790416552569,0.0010913273631539,-0.013871538761298));
#6288=CARTESIAN_POINT('',(0.0719124404055741,0.00170813166492896,-0.0138732168302797));
#6289=CARTESIAN_POINT('',(0.0716442094756676,0.0022726630019416,-0.0138747536948425));
#6290=CARTESIAN_POINT('',(0.071568460925692,0.00243208693642001,-0.0138751877061706));
#6291=CARTESIAN_POINT('',(0.0714848565944273,0.00258754416830341,-0.0138756110004605));
#6292=CARTESIAN_POINT('',(0.071394288622802,0.00273772790408893,-0.0138760200057929));
#6293=CARTESIAN_POINT('',(0.0616150000000004,0.00266325518336931,-0.0135279344161554));
#6295=CARTESIAN_POINT('',(0.0616150000000004,0.001032523191218,-0.0138784815887498));
#6296=CARTESIAN_POINT('',(0.0616150000000004,0.00180864230500065,-0.0137808592516824));
#6297=CARTESIAN_POINT('',(0.0616150000000004,0.00266325518336952,-0.0135279344161553));
#6304=AXIS2_PLACEMENT_3D('',#10865,#10866,#10867);
#6305=CARTESIAN_POINT('',(0.0668300000000004,0.00511197321210876,-0.0141097514462132));
#6306=VECTOR('',#10868,1.0);
#6307=AXIS2_PLACEMENT_3D('',#10869,#10870,#10871);
#6308=CARTESIAN_POINT('',(0.0668300000000004,0.00585976144109745,-0.0145979344161554));
#6309=CARTESIAN_POINT('',(0.0668300000000004,0.00545384487886404,-0.0143332122228508));
#6310=VECTOR('',#10872,1.0);
#6311=CARTESIAN_POINT('',(0.0616150000000004,0.00266325518336933,-0.0145979344161554));
#6312=AXIS2_PLACEMENT_3D('',#10873,#10874,#10875);
#6313=CARTESIAN_POINT('',(0.0616150000000214,0.00108645892457262,-0.0142543429254557));
#6315=CARTESIAN_POINT('',(0.0616150000000004,0.0026632551833697,-0.0145979344161555));
#6316=CARTESIAN_POINT('',(0.0616150000000004,0.00177765351134242,-0.0143358383690335));
#6317=CARTESIAN_POINT('',(0.0616150000000004,0.000975024596811966,-0.0142403506131989));
#6324=CARTESIAN_POINT('',(0.0616150000000418,0.00108645892456969,-0.0142543429254557));
#6325=CARTESIAN_POINT('',(0.0617406553741768,0.00168152222690026,-0.0142527244470968));
#6326=CARTESIAN_POINT('',(0.0619745331365578,0.00226695152519711,-0.0142511309746404));
#6327=CARTESIAN_POINT('',(0.0622954426495031,0.00278643800952882,-0.014249716168519));
#6328=CARTESIAN_POINT('',(0.0624579724961466,0.00304954039579625,-0.0142489996169284));
#6329=CARTESIAN_POINT('',(0.0626421141604998,0.00329585199047205,-0.0142483285707405));
#6330=CARTESIAN_POINT('',(0.0628406378479021,0.00351991334854864,-0.0142477179944827));
#6331=CARTESIAN_POINT('',(0.0630210540571121,0.00372353792042496,-0.0142471631092934));
#6332=CARTESIAN_POINT('',(0.0632111835316851,0.00390801095063328,-0.0142466602843511));
#6333=CARTESIAN_POINT('',(0.0634217895354203,0.00408317016578097,-0.0142461827569181));
#6334=CARTESIAN_POINT('',(0.0638869689239906,0.00447005589154247,-0.0142451280105415));
#6335=CARTESIAN_POINT('',(0.0644399739349534,0.00479020049283612,-0.0142442547285608));
#6336=CARTESIAN_POINT('',(0.0650284216196252,0.00500153866785167,-0.0142436781515354));
#6337=CARTESIAN_POINT('',(0.065616869304297,0.00521287684286722,-0.0142431015745099));
#6338=CARTESIAN_POINT('',(0.0662410483945427,0.00531524368655673,-0.0142428221894401));
#6339=CARTESIAN_POINT('',(0.0668300000000004,0.00531524368655673,-0.0142428221894401));
#6340=CARTESIAN_POINT('',(0.0668300000000004,0.00531524368655673,-0.0149530466428707));
#6341=CARTESIAN_POINT('',(0.0668300000000004,0.00531524368655672,-0.0153032352586183));
#6342=CARTESIAN_POINT('',(0.0668300000000004,0.00531524368655672,-0.0151329394140318));
#6343=VECTOR('',#10876,1.0);
#6344=CARTESIAN_POINT('',(0.0718153475157117,0.00187077018841673,-0.0149436597653581));
#6345=CARTESIAN_POINT('',(0.0718153475120576,0.00187077018704005,-0.0149436597653543));
#6346=CARTESIAN_POINT('',(0.0715890519651487,0.00246909746670566,-0.0149452881216884));
#6347=CARTESIAN_POINT('',(0.0712496291886016,0.00302737540181405,-0.014946808681656));
#6348=CARTESIAN_POINT('',(0.0708448217848611,0.0034909684384173,-0.0149480719626754));
#6349=CARTESIAN_POINT('',(0.0706706556075966,0.00369042681354963,-0.0149486154824429));
#6350=CARTESIAN_POINT('',(0.070487572402818,0.00387132811494863,-0.0149491085577728));
#6351=CARTESIAN_POINT('',(0.0702852776305142,0.00404356310425548,-0.014949578098409));
#6352=CARTESIAN_POINT('',(0.0698178437052503,0.00444153916761407,-0.0149506630459841));
#6353=CARTESIAN_POINT('',(0.0692583992007015,0.00477231579197408,-0.0149515653155322));
#6354=CARTESIAN_POINT('',(0.0686612744083057,0.004990774032233,-0.0149521613126064));
#6355=CARTESIAN_POINT('',(0.0680641496159099,0.00520923227249192,-0.0149527573096805));
#6356=CARTESIAN_POINT('',(0.067429012256822,0.00531524368655672,-0.0149530466428707));
#6357=CARTESIAN_POINT('',(0.0668300000000004,0.00531524368655673,-0.0149530466428707));
#6358=CARTESIAN_POINT('',(0.0718153475136765,0.00187077019917895,-0.0153222090669234));
#6359=CARTESIAN_POINT('',(0.0718153475198865,0.00187077016634023,-0.0151329394140318));
#6360=VECTOR('',#10877,1.0);
#6361=CARTESIAN_POINT('',(0.071394431137803,0.00273749156570165,-0.0153198494701539));
#6362=CARTESIAN_POINT('',(0.0713944311378012,0.00273749156570469,-0.0153198494701539));
#6363=CARTESIAN_POINT('',(0.0717147434559332,0.00220627360028092,-0.015321296171017));
#6364=CARTESIAN_POINT('',(0.071944045895147,0.00160850316426797,-0.015322923146625));
#6365=CARTESIAN_POINT('',(0.0720617742074439,0.00100379100618834,-0.0153245677618818));
#6366=CARTESIAN_POINT('',(0.0721262472324806,0.000672624939613237,-0.0153254684230614));
#6367=CARTESIAN_POINT('',(0.0721579270629261,0.000340107658112282,-0.015326372400656));
#6368=CARTESIAN_POINT('',(0.0721599000871382,1.78789608484006E-05,-0.0153272480794136));
#6369=CARTESIAN_POINT('',(0.0721613006724788,-0.000210860649622948,-0.0153278696951158));
#6370=CARTESIAN_POINT('',(0.0721479419952927,-0.000444335100258394,-0.0153285040098298));
#6371=CARTESIAN_POINT('',(0.0721183931882553,-0.000679434796936358,-0.0153291425614787));
#6372=CARTESIAN_POINT('',(0.0720418238124716,-0.00128864507736436,-0.0153307972306877));
#6373=CARTESIAN_POINT('',(0.0718531957235533,-0.0019042847423039,-0.0153324681015247));
#6374=CARTESIAN_POINT('',(0.0715650423091874,-0.0024618513933715,-0.0153339803983786));
#6375=CARTESIAN_POINT('',(0.071398315018621,-0.00278446279552055,-0.0153348554223916));
#6376=CARTESIAN_POINT('',(0.0711990098993203,-0.00308809802060279,-0.0153356786426364));
#6377=CARTESIAN_POINT('',(0.0709771140855054,-0.00336294160727124,-0.0153364235826541));
#6378=CARTESIAN_POINT('',(0.070758081819108,-0.00363423835982292,-0.0153371589092816));
#6379=CARTESIAN_POINT('',(0.0705227601788235,-0.00387392741939365,-0.015337808343407));
#6380=CARTESIAN_POINT('',(0.0702565618313521,-0.00409735034370433,-0.0153384135665421));
#6381=CARTESIAN_POINT('',(0.0697860328450809,-0.00449227000824874,-0.0153394833516512));
#6382=CARTESIAN_POINT('',(0.0692250556134143,-0.00481841481088984,-0.0153403663361028));
#6383=CARTESIAN_POINT('',(0.0686277854842351,-0.00503241187681896,-0.0153409456052202));
#6384=CARTESIAN_POINT('',(0.0681146756988957,-0.00521625497091955,-0.0153414432504865));
#6385=CARTESIAN_POINT('',(0.0675746052067269,-0.00531812528952312,-0.0153417189182906));
#6386=CARTESIAN_POINT('',(0.0670542406421193,-0.00534003716372921,-0.0153417782174415));
#6387=CARTESIAN_POINT('',(0.0668350714799735,-0.00534926609174896,-0.0153418031932875));
#6388=CARTESIAN_POINT('',(0.0666195879116001,-0.00534521660753079,-0.0153417922346546));
#6389=CARTESIAN_POINT('',(0.0663985495883942,-0.00532726518800762,-0.0153417436530287));
#6390=CARTESIAN_POINT('',(0.0657941595453926,-0.0052781802191199,-0.0153416108151997));
#6391=CARTESIAN_POINT('',(0.0651729688029769,-0.00511940135732109,-0.0153411811415924));
#6392=CARTESIAN_POINT('',(0.0646025329005189,-0.00485699653060801,-0.0153404707407334));
#6393=CARTESIAN_POINT('',(0.064109637004458,-0.00463026069291596,-0.0153398569054778));
#6394=CARTESIAN_POINT('',(0.0636537774555058,-0.0043265244822439,-0.0153390344410627));
#6395=CARTESIAN_POINT('',(0.0632667494065652,-0.00397861115543535,-0.0153380919029588));
#6396=CARTESIAN_POINT('',(0.0630722756141044,-0.00380379172232881,-0.0153376182965624));
#6397=CARTESIAN_POINT('',(0.062895151459491,-0.00361968639072869,-0.0153371194414507));
#6398=CARTESIAN_POINT('',(0.06272671034535,-0.00341650792254699,-0.0153365687665429));
#6399=CARTESIAN_POINT('',(0.0623402806046734,-0.00295038536588405,-0.0153353054338766));
#6400=CARTESIAN_POINT('',(0.0620210444354791,-0.00239676594740771,-0.0153338042283562));
#6401=CARTESIAN_POINT('',(0.0618106544770192,-0.00180781808620208,-0.0153322060014661));
#6402=CARTESIAN_POINT('',(0.0616406989413227,-0.00133205892934285,-0.0153309149345861));
#6403=CARTESIAN_POINT('',(0.0615408037590448,-0.000833046970052163,-0.0153295600104897));
#6404=CARTESIAN_POINT('',(0.0615104211389904,-0.000347894034957575,-0.0153282419507245));
#6405=CARTESIAN_POINT('',(0.0614921886823287,-5.67562118348864E-05,-0.0153274509897243));
#6406=CARTESIAN_POINT('',(0.0614973792571271,0.000227086559118142,-0.0153266795877836));
#6407=CARTESIAN_POINT('',(0.0615268533002056,0.000519598512918319,-0.0153258843543352));
#6408=CARTESIAN_POINT('',(0.0615875592878006,0.00112206852327542,-0.01532424645784));
#6409=CARTESIAN_POINT('',(0.0617576634661713,0.00173746001123747,-0.015322572191358));
#6410=CARTESIAN_POINT('',(0.0620288585021981,0.00229996620082936,-0.0153210408071956));
#6411=CARTESIAN_POINT('',(0.062101069492445,0.00244974449163277,-0.015320633046167));
#6412=CARTESIAN_POINT('',(0.062180223472117,0.00259595156892122,-0.0153202349353468));
#6413=CARTESIAN_POINT('',(0.0622655688621959,0.00273749156569861,-0.0153198494701539));
#6414=CARTESIAN_POINT('',(0.0713944311378031,0.00273749156570157,-0.0153103239832768));
#6415=CARTESIAN_POINT('',(0.071394431137803,0.0027374915657017,-0.00711470754305425));
#6416=VECTOR('',#10878,1.0);
#6417=CARTESIAN_POINT('',(0.0622655688621959,0.00273749156569868,-0.0153103239832768));
#6418=CARTESIAN_POINT('',(0.0624440841250734,0.00303354797494379,-0.0153095106636377));
#6419=CARTESIAN_POINT('',(0.0626501397337319,0.00330922834528386,-0.015308753034104));
#6420=CARTESIAN_POINT('',(0.0628735945511159,0.00355676380046303,-0.0153080725723056));
#6421=CARTESIAN_POINT('',(0.0630458944064741,0.00374763157240326,-0.015307547886954));
#6422=CARTESIAN_POINT('',(0.0632271816848577,0.00392174313163521,-0.0153070691492886));
#6423=CARTESIAN_POINT('',(0.0634270379953102,0.00408752958525215,-0.0153066132208606));
#6424=CARTESIAN_POINT('',(0.063893010073654,0.00447406658364969,-0.0153055502075554));
#6425=CARTESIAN_POINT('',(0.0644467023906286,0.00479356420266807,-0.0153046710673216));
#6426=CARTESIAN_POINT('',(0.0650356175794787,0.00500411723835327,-0.0153040916085043));
#6427=CARTESIAN_POINT('',(0.0654444458994135,0.00515028436982837,-0.0153036893448521));
#6428=CARTESIAN_POINT('',(0.0658703084815556,0.00524504806549708,-0.015303428486602));
#6429=CARTESIAN_POINT('',(0.0662896220804982,0.00528778003288331,-0.0153033108585106));
#6430=CARTESIAN_POINT('',(0.0666322901961824,0.00532270111052222,-0.0153032147314198));
#6431=CARTESIAN_POINT('',(0.0669640688839229,0.00532461297451078,-0.0153032094681897));
#6432=CARTESIAN_POINT('',(0.0673061182467719,0.00529393574911707,-0.0153032939136576));
#6433=CARTESIAN_POINT('',(0.0679091312590264,0.00523985359577466,-0.0153034427860763));
#6434=CARTESIAN_POINT('',(0.0685272112896139,0.0050763778227755,-0.0153038928124203));
#6435=CARTESIAN_POINT('',(0.0690935213634022,0.00481073547884313,-0.0153046237700526));
#6436=CARTESIAN_POINT('',(0.0695331091597765,0.00460453548700509,-0.015305191162493));
#6437=CARTESIAN_POINT('',(0.069942331979973,0.00433741380150865,-0.0153059260484131));
#6438=CARTESIAN_POINT('',(0.0702977914403319,0.00403287540477955,-0.0153067635217947));
#6439=CARTESIAN_POINT('',(0.0705265309580005,0.00383690378565578,-0.015307302439108));
#6440=CARTESIAN_POINT('',(0.0707318239280802,0.00362891167991687,-0.0153078742944577));
#6441=CARTESIAN_POINT('',(0.070925563594647,0.00339629320865478,-0.015308513669604));
#6442=CARTESIAN_POINT('',(0.0710957266265799,0.00319198262499881,-0.0153090752376885));
#6443=CARTESIAN_POINT('',(0.0712536117124177,0.00297103178382867,-0.0153096824067394));
#6444=CARTESIAN_POINT('',(0.0713944311378012,0.00273749156570458,-0.0153103239832768));
#6445=CARTESIAN_POINT('',(0.0668300000000004,0.00517601810758687,-0.0152220249565649));
#6446=CARTESIAN_POINT('',(0.0668300000000004,0.00551788977434218,-0.0154449796863602));
#6447=VECTOR('',#10879,1.0);
#6448=CARTESIAN_POINT('',(0.0616150000000214,0.00108645892457265,-0.0153243429254557));
#6450=CARTESIAN_POINT('',(0.0616150000000004,0.00266325518336979,-0.0156679344161555));
#6451=CARTESIAN_POINT('',(0.0616150000000004,7.45360261917433E-06,-0.0148819432440051));
#6452=CARTESIAN_POINT('',(0.0616150000000004,-0.00264834797813143,-0.0156679344161555));
#6459=CARTESIAN_POINT('',(0.0622655688621941,0.00273749156569559,-0.0153198494701539));
#6460=CARTESIAN_POINT('',(0.0713944311378012,0.00273749156570469,-0.0153198494701539));
#6461=CARTESIAN_POINT('',(0.0717147434559332,0.00220627360028092,-0.015321296171017));
#6462=CARTESIAN_POINT('',(0.071944045895147,0.00160850316426797,-0.015322923146625));
#6463=CARTESIAN_POINT('',(0.0720617742074439,0.00100379100618834,-0.0153245677618818));
#6464=CARTESIAN_POINT('',(0.0721262472324806,0.000672624939613237,-0.0153254684230614));
#6465=CARTESIAN_POINT('',(0.0721579270629261,0.000340107658112282,-0.015326372400656));
#6466=CARTESIAN_POINT('',(0.0721599000871382,1.78789608484006E-05,-0.0153272480794136));
#6467=CARTESIAN_POINT('',(0.0721613006724788,-0.000210860649622948,-0.0153278696951158));
#6468=CARTESIAN_POINT('',(0.0721479419952927,-0.000444335100258394,-0.0153285040098298));
#6469=CARTESIAN_POINT('',(0.0721183931882553,-0.000679434796936358,-0.0153291425614787));
#6470=CARTESIAN_POINT('',(0.0720418238124716,-0.00128864507736436,-0.0153307972306877));
#6471=CARTESIAN_POINT('',(0.0718531957235533,-0.0019042847423039,-0.0153324681015247));
#6472=CARTESIAN_POINT('',(0.0715650423091874,-0.0024618513933715,-0.0153339803983786));
#6473=CARTESIAN_POINT('',(0.071398315018621,-0.00278446279552055,-0.0153348554223916));
#6474=CARTESIAN_POINT('',(0.0711990098993203,-0.00308809802060279,-0.0153356786426364));
#6475=CARTESIAN_POINT('',(0.0709771140855054,-0.00336294160727124,-0.0153364235826541));
#6476=CARTESIAN_POINT('',(0.070758081819108,-0.00363423835982292,-0.0153371589092816));
#6477=CARTESIAN_POINT('',(0.0705227601788235,-0.00387392741939365,-0.015337808343407));
#6478=CARTESIAN_POINT('',(0.0702565618313521,-0.00409735034370433,-0.0153384135665421));
#6479=CARTESIAN_POINT('',(0.0697860328450809,-0.00449227000824874,-0.0153394833516512));
#6480=CARTESIAN_POINT('',(0.0692250556134143,-0.00481841481088984,-0.0153403663361028));
#6481=CARTESIAN_POINT('',(0.0686277854842351,-0.00503241187681896,-0.0153409456052202));
#6482=CARTESIAN_POINT('',(0.0681146756988957,-0.00521625497091955,-0.0153414432504865));
#6483=CARTESIAN_POINT('',(0.0675746052067269,-0.00531812528952312,-0.0153417189182906));
#6484=CARTESIAN_POINT('',(0.0670542406421193,-0.00534003716372921,-0.0153417782174415));
#6485=CARTESIAN_POINT('',(0.0668350714799735,-0.00534926609174896,-0.0153418031932875));
#6486=CARTESIAN_POINT('',(0.0666195879116001,-0.00534521660753079,-0.0153417922346546));
#6487=CARTESIAN_POINT('',(0.0663985495883942,-0.00532726518800762,-0.0153417436530287));
#6488=CARTESIAN_POINT('',(0.0657941595453926,-0.0052781802191199,-0.0153416108151997));
#6489=CARTESIAN_POINT('',(0.0651729688029769,-0.00511940135732109,-0.0153411811415924));
#6490=CARTESIAN_POINT('',(0.0646025329005189,-0.00485699653060801,-0.0153404707407334));
#6491=CARTESIAN_POINT('',(0.064109637004458,-0.00463026069291596,-0.0153398569054778));
#6492=CARTESIAN_POINT('',(0.0636537774555058,-0.0043265244822439,-0.0153390344410627));
#6493=CARTESIAN_POINT('',(0.0632667494065652,-0.00397861115543535,-0.0153380919029588));
#6494=CARTESIAN_POINT('',(0.0630722756141044,-0.00380379172232881,-0.0153376182965624));
#6495=CARTESIAN_POINT('',(0.062895151459491,-0.00361968639072869,-0.0153371194414507));
#6496=CARTESIAN_POINT('',(0.06272671034535,-0.00341650792254699,-0.0153365687665429));
#6497=CARTESIAN_POINT('',(0.0623402806046734,-0.00295038536588405,-0.0153353054338766));
#6498=CARTESIAN_POINT('',(0.0620210444354791,-0.00239676594740771,-0.0153338042283562));
#6499=CARTESIAN_POINT('',(0.0618106544770192,-0.00180781808620208,-0.0153322060014661));
#6500=CARTESIAN_POINT('',(0.0616406989413227,-0.00133205892934285,-0.0153309149345861));
#6501=CARTESIAN_POINT('',(0.0615408037590448,-0.000833046970052163,-0.0153295600104897));
#6502=CARTESIAN_POINT('',(0.0615104211389904,-0.000347894034957575,-0.0153282419507245));
#6503=CARTESIAN_POINT('',(0.0614921886823287,-5.67562118348864E-05,-0.0153274509897243));
#6504=CARTESIAN_POINT('',(0.0614973792571271,0.000227086559118142,-0.0153266795877836));
#6505=CARTESIAN_POINT('',(0.0615268533002056,0.000519598512918319,-0.0153258843543352));
#6506=CARTESIAN_POINT('',(0.0615875592878006,0.00112206852327542,-0.01532424645784));
#6507=CARTESIAN_POINT('',(0.0617576634661713,0.00173746001123747,-0.015322572191358));
#6508=CARTESIAN_POINT('',(0.0620288585021981,0.00229996620082936,-0.0153210408071956));
#6509=CARTESIAN_POINT('',(0.062101069492445,0.00244974449163277,-0.015320633046167));
#6510=CARTESIAN_POINT('',(0.062180223472117,0.00259595156892122,-0.0153202349353468));
#6511=CARTESIAN_POINT('',(0.0622655688621959,0.00273749156569861,-0.0153198494701539));
#6512=CARTESIAN_POINT('',(0.0623943007874647,0.00266049554309561,-0.015222024956565));
#6513=CARTESIAN_POINT('',(0.0623943007874886,0.00266049554308005,-0.0152220249565466));
#6514=CARTESIAN_POINT('',(0.0623513901561688,0.0026861608777096,-0.0152546331198157));
#6515=CARTESIAN_POINT('',(0.0623084794935374,0.00271182623105576,-0.0152872413068701));
#6516=CARTESIAN_POINT('',(0.0622655688622114,0.00273749156568531,-0.0153198494701407));
#6517=AXIS2_PLACEMENT_3D('',#10880,#10881,#10882);
#6518=CARTESIAN_POINT('',(0.0668300000000004,0.00517601810758687,-0.0152116441283044));
#6519=CARTESIAN_POINT('',(0.0668300000000004,0.00517601810758687,-0.0152168345424347));
#6520=VECTOR('',#10883,1.0);
#6521=CARTESIAN_POINT('',(0.0623943007874647,0.00266049554309561,-0.0152116441283049));
#6522=CARTESIAN_POINT('',(0.0623943007874642,0.00266049554309472,-0.00711470754305452));
#6523=VECTOR('',#10884,1.0);
#6524=AXIS2_PLACEMENT_3D('',#10885,#10886,#10887);
#6525=CARTESIAN_POINT('',(0.0668300000000004,0.00511197321210875,-0.0151695114655345));
#6526=VECTOR('',#10888,1.0);
#6527=CARTESIAN_POINT('',(0.0622655688621941,0.00273749156569566,-0.0153103239832768));
#6528=CARTESIAN_POINT('',(0.0623943007874319,0.00266049554311395,-0.0152116441283293));
#6529=CARTESIAN_POINT('',(0.0623513901465781,0.0026861608834384,-0.0152445374126255));
#6530=CARTESIAN_POINT('',(0.0623084795030032,0.00271182622539615,-0.0152774306990141));
#6531=CARTESIAN_POINT('',(0.0622655688621524,0.0027374915657206,-0.0153103239833088));
#6532=CARTESIAN_POINT('',(0.0622655688621959,0.00273749156569868,-0.0153103239832768));
#6533=CARTESIAN_POINT('',(0.0624440841250734,0.00303354797494379,-0.0153095106636377));
#6534=CARTESIAN_POINT('',(0.0626501397337319,0.00330922834528386,-0.015308753034104));
#6535=CARTESIAN_POINT('',(0.0628735945511159,0.00355676380046303,-0.0153080725723056));
#6536=CARTESIAN_POINT('',(0.0630458944064741,0.00374763157240326,-0.015307547886954));
#6537=CARTESIAN_POINT('',(0.0632271816848577,0.00392174313163521,-0.0153070691492886));
#6538=CARTESIAN_POINT('',(0.0634270379953102,0.00408752958525215,-0.0153066132208606));
#6539=CARTESIAN_POINT('',(0.063893010073654,0.00447406658364969,-0.0153055502075554));
#6540=CARTESIAN_POINT('',(0.0644467023906286,0.00479356420266807,-0.0153046710673216));
#6541=CARTESIAN_POINT('',(0.0650356175794787,0.00500411723835327,-0.0153040916085043));
#6542=CARTESIAN_POINT('',(0.0654444458994135,0.00515028436982837,-0.0153036893448521));
#6543=CARTESIAN_POINT('',(0.0658703084815556,0.00524504806549708,-0.015303428486602));
#6544=CARTESIAN_POINT('',(0.0662896220804982,0.00528778003288331,-0.0153033108585106));
#6545=CARTESIAN_POINT('',(0.0666322901961824,0.00532270111052222,-0.0153032147314198));
#6546=CARTESIAN_POINT('',(0.0669640688839229,0.00532461297451078,-0.0153032094681897));
#6547=CARTESIAN_POINT('',(0.0673061182467719,0.00529393574911707,-0.0153032939136576));
#6548=CARTESIAN_POINT('',(0.0679091312590264,0.00523985359577466,-0.0153034427860763));
#6549=CARTESIAN_POINT('',(0.0685272112896139,0.0050763778227755,-0.0153038928124203));
#6550=CARTESIAN_POINT('',(0.0690935213634022,0.00481073547884313,-0.0153046237700526));
#6551=CARTESIAN_POINT('',(0.0695331091597765,0.00460453548700509,-0.015305191162493));
#6552=CARTESIAN_POINT('',(0.069942331979973,0.00433741380150865,-0.0153059260484131));
#6553=CARTESIAN_POINT('',(0.0702977914403319,0.00403287540477955,-0.0153067635217947));
#6554=CARTESIAN_POINT('',(0.0705265309580005,0.00383690378565578,-0.015307302439108));
#6555=CARTESIAN_POINT('',(0.0707318239280802,0.00362891167991687,-0.0153078742944577));
#6556=CARTESIAN_POINT('',(0.070925563594647,0.00339629320865478,-0.015308513669604));
#6557=CARTESIAN_POINT('',(0.0710957266265799,0.00319198262499881,-0.0153090752376885));
#6558=CARTESIAN_POINT('',(0.0712536117124177,0.00297103178382867,-0.0153096824067394));
#6559=CARTESIAN_POINT('',(0.0713944311378012,0.00273749156570458,-0.0153103239832768));
#6560=CARTESIAN_POINT('',(0.0668300000000004,0.00545384487886404,-0.01486265660946));
#6561=VECTOR('',#10889,1.0);
#6562=CARTESIAN_POINT('',(0.0616150000000212,0.00108645892457054,-0.0149415259068551));
#6563=CARTESIAN_POINT('',(0.0668300000000004,0.00531524368655673,-0.0149530466428707));
#6564=CARTESIAN_POINT('',(0.0662405416940059,0.00531524368655673,-0.0149530466428707));
#6565=CARTESIAN_POINT('',(0.0656160632823795,0.00521273256352038,-0.0149527668639961));
#6566=CARTESIAN_POINT('',(0.0650273249109044,0.00500114465479294,-0.0149521896058213));
#6567=CARTESIAN_POINT('',(0.0645622159701293,0.00483398818448769,-0.0149517335663457));
#6568=CARTESIAN_POINT('',(0.0641188890724401,0.004599881334295,-0.0149510949585177));
#6569=CARTESIAN_POINT('',(0.0637240135019665,0.0043167270207081,-0.0149503228677818));
#6570=CARTESIAN_POINT('',(0.0634859211825344,0.00414599762562744,-0.0149498573315777));
#6571=CARTESIAN_POINT('',(0.0632655223959461,0.00395794035721859,-0.0149493446425417));
#6572=CARTESIAN_POINT('',(0.0630665898692482,0.00375958391867036,-0.0149488040113581));
#6573=CARTESIAN_POINT('',(0.0629098061448898,0.00360325422386258,-0.0149483779263338));
#6574=CARTESIAN_POINT('',(0.0627596236170008,0.00343393675241628,-0.0149479165209318));
#6575=CARTESIAN_POINT('',(0.0626190908936795,0.00325283370035951,-0.0149474231113789));
#6576=CARTESIAN_POINT('',(0.0622436986212228,0.00276906960148152,-0.0149461051113503));
#6577=CARTESIAN_POINT('',(0.0619423443634537,0.00220161997937472,-0.0149445599145036));
#6578=CARTESIAN_POINT('',(0.0617519703248527,0.00160466167408177,-0.0149429356227321));
#6579=CARTESIAN_POINT('',(0.0616974479813584,0.00143369526494249,-0.0149424704322337));
#6580=CARTESIAN_POINT('',(0.061651735248489,0.00126042520658105,-0.0149419990677129));
#6581=CARTESIAN_POINT('',(0.0616150000000411,0.00108645892456634,-0.0149415259068551));
#6583=CARTESIAN_POINT('',(0.0616150000000004,0.000975108613274468,-0.0149555082233591));
#6584=CARTESIAN_POINT('',(0.0616150000000004,0.00177769880081177,-0.0148600170597446));
#6585=CARTESIAN_POINT('',(0.0616150000000004,0.00266325518336955,-0.0145979344161553));
#6592=CARTESIAN_POINT('',(0.0668300000000004,0.00531524368655674,-0.0128130466428707));
#6593=CARTESIAN_POINT('',(0.0668300000000004,0.00531524368655674,-0.0131632352586183));
#6594=CARTESIAN_POINT('',(0.0668300000000004,0.00531524368655674,-0.0129929394140318));
#6595=VECTOR('',#10890,1.0);
#6596=CARTESIAN_POINT('',(0.0718153475157117,0.0018707701884168,-0.0128036597653581));
#6597=CARTESIAN_POINT('',(0.0718153475120576,0.00187077018704012,-0.0128036597653543));
#6598=CARTESIAN_POINT('',(0.0715890519651486,0.00246909746670611,-0.0128052881216884));
#6599=CARTESIAN_POINT('',(0.0712496291886011,0.00302737540181486,-0.0128068086816559));
#6600=CARTESIAN_POINT('',(0.0708448217848602,0.0034909684384183,-0.0128080719626754));
#6601=CARTESIAN_POINT('',(0.0706706556075962,0.00369042681355004,-0.0128086154824429));
#6602=CARTESIAN_POINT('',(0.070487572402818,0.00387132811494855,-0.0128091085577728));
#6603=CARTESIAN_POINT('',(0.0702852776305148,0.00404356310425497,-0.012809578098409));
#6604=CARTESIAN_POINT('',(0.0698178437052509,0.00444153916761371,-0.0128106630459841));
#6605=CARTESIAN_POINT('',(0.069258399200702,0.00477231579197386,-0.0128115653155322));
#6606=CARTESIAN_POINT('',(0.0686612744083061,0.00499077403223288,-0.0128121613126064));
#6607=CARTESIAN_POINT('',(0.0680641496159101,0.00520923227249189,-0.0128127573096805));
#6608=CARTESIAN_POINT('',(0.0674290122568222,0.00531524368655674,-0.0128130466428707));
#6609=CARTESIAN_POINT('',(0.0668300000000004,0.00531524368655674,-0.0128130466428707));
#6610=CARTESIAN_POINT('',(0.0718153475136765,0.00187077019917901,-0.0131822090669234));
#6611=CARTESIAN_POINT('',(0.0718153475198865,0.00187077016634028,-0.0129929394140318));
#6612=VECTOR('',#10891,1.0);
#6613=CARTESIAN_POINT('',(0.0713944311378046,0.00273749156569908,-0.0131798494701539));
#6614=CARTESIAN_POINT('',(0.0713944311378027,0.0027374915657021,-0.0131798494701539));
#6615=CARTESIAN_POINT('',(0.0717147434559343,0.00220627360027834,-0.013181296171017));
#6616=CARTESIAN_POINT('',(0.0719440458951478,0.00160850316426545,-0.013182923146625));
#6617=CARTESIAN_POINT('',(0.0720617742074443,0.00100379100618601,-0.0131845677618818));
#6618=CARTESIAN_POINT('',(0.0721262472324814,0.000672624939608282,-0.0131854684230614));
#6619=CARTESIAN_POINT('',(0.0721579270629268,0.000340107658104722,-0.013186372400656));
#6620=CARTESIAN_POINT('',(0.0721599000871383,1.78789608385036E-05,-0.0131872480794137));
#6621=CARTESIAN_POINT('',(0.0721613006724785,-0.00021086064963024,-0.0131878696951158));
#6622=CARTESIAN_POINT('',(0.0721479419952922,-0.000444335100263506,-0.0131885040098298));
#6623=CARTESIAN_POINT('',(0.072118393188255,-0.000679434796938955,-0.0131891425614787));
#6624=CARTESIAN_POINT('',(0.072041823812471,-0.00128864507736696,-0.0131907972306877));
#6625=CARTESIAN_POINT('',(0.0718531957235524,-0.0019042847423064,-0.0131924681015247));
#6626=CARTESIAN_POINT('',(0.0715650423091862,-0.00246185139337381,-0.0131939803983787));
#6627=CARTESIAN_POINT('',(0.0713983150186193,-0.00278446279552352,-0.0131948554223916));
#6628=CARTESIAN_POINT('',(0.0711990098993178,-0.00308809802060632,-0.0131956786426364));
#6629=CARTESIAN_POINT('',(0.0709771140855022,-0.00336294160727515,-0.0131964235826541));
#6630=CARTESIAN_POINT('',(0.0707580818191057,-0.00363423835982522,-0.0131971589092816));
#6631=CARTESIAN_POINT('',(0.0705227601788223,-0.0038739274193946,-0.0131978083434071));
#6632=CARTESIAN_POINT('',(0.0702565618313523,-0.00409735034370418,-0.0131984135665421));
#6633=CARTESIAN_POINT('',(0.0697860328450811,-0.00449227000824859,-0.0131994833516512));
#6634=CARTESIAN_POINT('',(0.0692250556134146,-0.00481841481088968,-0.0132003663361028));
#6635=CARTESIAN_POINT('',(0.0686277854842354,-0.00503241187681884,-0.0132009456052202));
#6636=CARTESIAN_POINT('',(0.0681146756988977,-0.00521625497091886,-0.0132014432504865));
#6637=CARTESIAN_POINT('',(0.0675746052067307,-0.00531812528952242,-0.0132017189182906));
#6638=CARTESIAN_POINT('',(0.0670542406421247,-0.00534003716372897,-0.0132017782174415));
#6639=CARTESIAN_POINT('',(0.0668350714799772,-0.00534926609174902,-0.0132018031932875));
#6640=CARTESIAN_POINT('',(0.0666195879116021,-0.00534521660753093,-0.0132017922346546));
#6641=CARTESIAN_POINT('',(0.0663985495883945,-0.00532726518800763,-0.0132017436530287));
#6642=CARTESIAN_POINT('',(0.0657941595453929,-0.00527818021911995,-0.0132016108151997));
#6643=CARTESIAN_POINT('',(0.0651729688029773,-0.00511940135732119,-0.0132011811415924));
#6644=CARTESIAN_POINT('',(0.0646025329005192,-0.00485699653060814,-0.0132004707407334));
#6645=CARTESIAN_POINT('',(0.064109637004458,-0.00463026069291597,-0.0131998569054779));
#6646=CARTESIAN_POINT('',(0.0636537774555055,-0.00432652448224371,-0.0131990344410627));
#6647=CARTESIAN_POINT('',(0.0632667494065648,-0.00397861115543495,-0.0131980919029588));
#6648=CARTESIAN_POINT('',(0.0630722756141032,-0.0038037917223277,-0.0131976182965624));
#6649=CARTESIAN_POINT('',(0.0628951514594892,-0.00361968639072675,-0.0131971194414507));
#6650=CARTESIAN_POINT('',(0.0627267103453477,-0.00341650792254409,-0.0131965687665428));
#6651=CARTESIAN_POINT('',(0.0623402806046713,-0.00295038536588083,-0.0131953054338766));
#6652=CARTESIAN_POINT('',(0.0620210444354774,-0.00239676594740426,-0.0131938042283562));
#6653=CARTESIAN_POINT('',(0.0618106544770179,-0.00180781808619853,-0.0131922060014661));
#6654=CARTESIAN_POINT('',(0.0616406989413213,-0.00133205892933802,-0.0131909149345861));
#6655=CARTESIAN_POINT('',(0.0615408037590437,-0.000833046970046028,-0.0131895600104897));
#6656=CARTESIAN_POINT('',(0.0615104211389899,-0.000347894034950395,-0.0131882419507245));
#6657=CARTESIAN_POINT('',(0.0614921886823288,-5.67562118294251E-05,-0.0131874509897243));
#6658=CARTESIAN_POINT('',(0.0614973792571273,0.00022708655912205,-0.0131866795877836));
#6659=CARTESIAN_POINT('',(0.0615268533002058,0.0005195985129206,-0.0131858843543352));
#6660=CARTESIAN_POINT('',(0.0615875592878012,0.00112206852327798,-0.01318424645784));
#6661=CARTESIAN_POINT('',(0.0617576634661722,0.00173746001124023,-0.0131825721913579));
#6662=CARTESIAN_POINT('',(0.0620288585021994,0.00229996620083218,-0.0131810408071955));
#6663=CARTESIAN_POINT('',(0.0621010694924458,0.00244974449163426,-0.013180633046167));
#6664=CARTESIAN_POINT('',(0.0621802234721171,0.00259595156892143,-0.0131802349353467));
#6665=CARTESIAN_POINT('',(0.0622655688621953,0.00273749156569765,-0.0131798494701539));
#6666=CARTESIAN_POINT('',(0.0713944311378046,0.00273749156569901,-0.0131703239832768));
#6667=CARTESIAN_POINT('',(0.0713944311378046,0.00273749156569912,-0.00711470754305425));
#6668=VECTOR('',#10892,1.0);
#6669=CARTESIAN_POINT('',(0.0622655688621954,0.00273749156569771,-0.0131703239832768));
#6670=CARTESIAN_POINT('',(0.0624440841250716,0.00303354797494101,-0.0131695106636377));
#6671=CARTESIAN_POINT('',(0.0626501397337287,0.00330922834527953,-0.013168753034104));
#6672=CARTESIAN_POINT('',(0.062873594551111,0.00355676380045755,-0.0131680725723056));
#6673=CARTESIAN_POINT('',(0.063045894406471,0.00374763157240045,-0.013167547886954));
#6674=CARTESIAN_POINT('',(0.0632271816848568,0.00392174313163463,-0.0131670691492886));
#6675=CARTESIAN_POINT('',(0.0634270379953119,0.00408752958525355,-0.0131666132208606));
#6676=CARTESIAN_POINT('',(0.0638930100736559,0.00447406658365101,-0.0131655502075554));
#6677=CARTESIAN_POINT('',(0.0644467023906308,0.00479356420266919,-0.0131646710673215));
#6678=CARTESIAN_POINT('',(0.0650356175794811,0.00500411723835413,-0.0131640916085043));
#6679=CARTESIAN_POINT('',(0.0654444458994146,0.00515028436982857,-0.0131636893448521));
#6680=CARTESIAN_POINT('',(0.0658703084815554,0.00524504806549694,-0.0131634284866019));
#6681=CARTESIAN_POINT('',(0.0662896220804966,0.00528778003288316,-0.0131633108585106));
#6682=CARTESIAN_POINT('',(0.0666322901961818,0.00532270111052227,-0.0131632147314198));
#6683=CARTESIAN_POINT('',(0.0669640688839231,0.00532461297451085,-0.0131632094681896));
#6684=CARTESIAN_POINT('',(0.067306118246773,0.00529393574911698,-0.0131632939136576));
#6685=CARTESIAN_POINT('',(0.0679091312590275,0.00523985359577445,-0.0131634427860763));
#6686=CARTESIAN_POINT('',(0.0685272112896149,0.0050763778227752,-0.0131638928124203));
#6687=CARTESIAN_POINT('',(0.069093521363403,0.00481073547884276,-0.0131646237700526));
#6688=CARTESIAN_POINT('',(0.0695331091597791,0.0046045354870038,-0.013165191162493));
#6689=CARTESIAN_POINT('',(0.069942331979977,0.00433741380150597,-0.0131659260484131));
#6690=CARTESIAN_POINT('',(0.0702977914403369,0.00403287540477531,-0.0131667635217947));
#6691=CARTESIAN_POINT('',(0.0705265309580045,0.0038369037856519,-0.013167302439108));
#6692=CARTESIAN_POINT('',(0.0707318239280834,0.00362891167991341,-0.0131678742944577));
#6693=CARTESIAN_POINT('',(0.0709255635946495,0.00339629320865182,-0.013168513669604));
#6694=CARTESIAN_POINT('',(0.0710957266265821,0.00319198262499593,-0.0131690752376885));
#6695=CARTESIAN_POINT('',(0.0712536117124196,0.00297103178382592,-0.0131696824067394));
#6696=CARTESIAN_POINT('',(0.0713944311378028,0.00273749156570202,-0.0131703239832768));
#6697=CARTESIAN_POINT('',(0.0668300000000004,0.0051760181075869,-0.0130820249565649));
#6698=CARTESIAN_POINT('',(0.0668300000000004,0.00551788977434217,-0.0133049796863602));
#6699=VECTOR('',#10893,1.0);
#6700=CARTESIAN_POINT('',(0.0616150000000214,0.00108645892457262,-0.0131843429254557));
#6702=CARTESIAN_POINT('',(0.0616150000000004,0.00266325518336966,-0.0135279344161555));
#6703=CARTESIAN_POINT('',(0.0616150000000004,7.45360261920208E-06,-0.0127419432440052));
#6704=CARTESIAN_POINT('',(0.0616150000000004,-0.00264834797813124,-0.0135279344161554));
#6711=CARTESIAN_POINT('',(0.0622655688621935,0.00273749156569462,-0.0131798494701539));
#6712=CARTESIAN_POINT('',(0.0713944311378027,0.0027374915657021,-0.0131798494701539));
#6713=CARTESIAN_POINT('',(0.0717147434559343,0.00220627360027834,-0.013181296171017));
#6714=CARTESIAN_POINT('',(0.0719440458951478,0.00160850316426545,-0.013182923146625));
#6715=CARTESIAN_POINT('',(0.0720617742074443,0.00100379100618601,-0.0131845677618818));
#6716=CARTESIAN_POINT('',(0.0721262472324814,0.000672624939608282,-0.0131854684230614));
#6717=CARTESIAN_POINT('',(0.0721579270629268,0.000340107658104722,-0.013186372400656));
#6718=CARTESIAN_POINT('',(0.0721599000871383,1.78789608385036E-05,-0.0131872480794137));
#6719=CARTESIAN_POINT('',(0.0721613006724785,-0.00021086064963024,-0.0131878696951158));
#6720=CARTESIAN_POINT('',(0.0721479419952922,-0.000444335100263506,-0.0131885040098298));
#6721=CARTESIAN_POINT('',(0.072118393188255,-0.000679434796938955,-0.0131891425614787));
#6722=CARTESIAN_POINT('',(0.072041823812471,-0.00128864507736696,-0.0131907972306877));
#6723=CARTESIAN_POINT('',(0.0718531957235524,-0.0019042847423064,-0.0131924681015247));
#6724=CARTESIAN_POINT('',(0.0715650423091862,-0.00246185139337381,-0.0131939803983787));
#6725=CARTESIAN_POINT('',(0.0713983150186193,-0.00278446279552352,-0.0131948554223916));
#6726=CARTESIAN_POINT('',(0.0711990098993178,-0.00308809802060632,-0.0131956786426364));
#6727=CARTESIAN_POINT('',(0.0709771140855022,-0.00336294160727515,-0.0131964235826541));
#6728=CARTESIAN_POINT('',(0.0707580818191057,-0.00363423835982522,-0.0131971589092816));
#6729=CARTESIAN_POINT('',(0.0705227601788223,-0.0038739274193946,-0.0131978083434071));
#6730=CARTESIAN_POINT('',(0.0702565618313523,-0.00409735034370418,-0.0131984135665421));
#6731=CARTESIAN_POINT('',(0.0697860328450811,-0.00449227000824859,-0.0131994833516512));
#6732=CARTESIAN_POINT('',(0.0692250556134146,-0.00481841481088968,-0.0132003663361028));
#6733=CARTESIAN_POINT('',(0.0686277854842354,-0.00503241187681884,-0.0132009456052202));
#6734=CARTESIAN_POINT('',(0.0681146756988977,-0.00521625497091886,-0.0132014432504865));
#6735=CARTESIAN_POINT('',(0.0675746052067307,-0.00531812528952242,-0.0132017189182906));
#6736=CARTESIAN_POINT('',(0.0670542406421247,-0.00534003716372897,-0.0132017782174415));
#6737=CARTESIAN_POINT('',(0.0668350714799772,-0.00534926609174902,-0.0132018031932875));
#6738=CARTESIAN_POINT('',(0.0666195879116021,-0.00534521660753093,-0.0132017922346546));
#6739=CARTESIAN_POINT('',(0.0663985495883945,-0.00532726518800763,-0.0132017436530287));
#6740=CARTESIAN_POINT('',(0.0657941595453929,-0.00527818021911995,-0.0132016108151997));
#6741=CARTESIAN_POINT('',(0.0651729688029773,-0.00511940135732119,-0.0132011811415924));
#6742=CARTESIAN_POINT('',(0.0646025329005192,-0.00485699653060814,-0.0132004707407334));
#6743=CARTESIAN_POINT('',(0.064109637004458,-0.00463026069291597,-0.0131998569054779));
#6744=CARTESIAN_POINT('',(0.0636537774555055,-0.00432652448224371,-0.0131990344410627));
#6745=CARTESIAN_POINT('',(0.0632667494065648,-0.00397861115543495,-0.0131980919029588));
#6746=CARTESIAN_POINT('',(0.0630722756141032,-0.0038037917223277,-0.0131976182965624));
#6747=CARTESIAN_POINT('',(0.0628951514594892,-0.00361968639072675,-0.0131971194414507));
#6748=CARTESIAN_POINT('',(0.0627267103453477,-0.00341650792254409,-0.0131965687665428));
#6749=CARTESIAN_POINT('',(0.0623402806046713,-0.00295038536588083,-0.0131953054338766));
#6750=CARTESIAN_POINT('',(0.0620210444354774,-0.00239676594740426,-0.0131938042283562));
#6751=CARTESIAN_POINT('',(0.0618106544770179,-0.00180781808619853,-0.0131922060014661));
#6752=CARTESIAN_POINT('',(0.0616406989413213,-0.00133205892933802,-0.0131909149345861));
#6753=CARTESIAN_POINT('',(0.0615408037590437,-0.000833046970046028,-0.0131895600104897));
#6754=CARTESIAN_POINT('',(0.0615104211389899,-0.000347894034950395,-0.0131882419507245));
#6755=CARTESIAN_POINT('',(0.0614921886823288,-5.67562118294251E-05,-0.0131874509897243));
#6756=CARTESIAN_POINT('',(0.0614973792571273,0.00022708655912205,-0.0131866795877836));
#6757=CARTESIAN_POINT('',(0.0615268533002058,0.0005195985129206,-0.0131858843543352));
#6758=CARTESIAN_POINT('',(0.0615875592878012,0.00112206852327798,-0.01318424645784));
#6759=CARTESIAN_POINT('',(0.0617576634661722,0.00173746001124023,-0.0131825721913579));
#6760=CARTESIAN_POINT('',(0.0620288585021994,0.00229996620083218,-0.0131810408071955));
#6761=CARTESIAN_POINT('',(0.0621010694924458,0.00244974449163426,-0.013180633046167));
#6762=CARTESIAN_POINT('',(0.0621802234721171,0.00259595156892143,-0.0131802349353467));
#6763=CARTESIAN_POINT('',(0.0622655688621953,0.00273749156569765,-0.0131798494701539));
#6764=CARTESIAN_POINT('',(0.0623943007874637,0.00266049554309383,-0.0130820249565643));
#6765=CARTESIAN_POINT('',(0.0623943007874881,0.00266049554307909,-0.0130820249565465));
#6766=CARTESIAN_POINT('',(0.062351390156159,0.00268616087770864,-0.0131146331198218));
#6767=CARTESIAN_POINT('',(0.062308479493543,0.00271182623105748,-0.0131472413068701));
#6768=CARTESIAN_POINT('',(0.0622655688622109,0.00273749156568433,-0.0131798494701407));
#6769=AXIS2_PLACEMENT_3D('',#10894,#10895,#10896);
#6770=CARTESIAN_POINT('',(0.0668300000000004,0.0051760181075869,-0.0130716441283044));
#6771=CARTESIAN_POINT('',(0.0668300000000004,0.0051760181075869,-0.0130768345424347));
#6772=VECTOR('',#10897,1.0);
#6773=CARTESIAN_POINT('',(0.0623943007874637,0.00266049554309383,-0.0130716441283051));
#6774=CARTESIAN_POINT('',(0.062394300787465,0.00266049554309294,-0.00711470754305363));
#6775=VECTOR('',#10898,1.0);
#6776=AXIS2_PLACEMENT_3D('',#10899,#10900,#10901);
#6777=CARTESIAN_POINT('',(0.0668300000000004,0.00511197321210877,-0.0130295114655345));
#6778=VECTOR('',#10902,1.0);
#6779=CARTESIAN_POINT('',(0.0622655688621935,0.00273749156569469,-0.0131703239832768));
#6780=CARTESIAN_POINT('',(0.0623943007874517,0.00266049554310083,-0.0130716441283137));
#6781=CARTESIAN_POINT('',(0.0623513901466102,0.00268616088342875,-0.0131045374126099));
#6782=CARTESIAN_POINT('',(0.0623084795030499,0.00271182622535863,-0.0131374306989672));
#6783=CARTESIAN_POINT('',(0.062265568862213,0.00273749156568308,-0.0131703239832619));
#6784=CARTESIAN_POINT('',(0.0622655688621954,0.00273749156569771,-0.0131703239832768));
#6785=CARTESIAN_POINT('',(0.0624440841250716,0.00303354797494101,-0.0131695106636377));
#6786=CARTESIAN_POINT('',(0.0626501397337287,0.00330922834527953,-0.013168753034104));
#6787=CARTESIAN_POINT('',(0.062873594551111,0.00355676380045755,-0.0131680725723056));
#6788=CARTESIAN_POINT('',(0.063045894406471,0.00374763157240045,-0.013167547886954));
#6789=CARTESIAN_POINT('',(0.0632271816848568,0.00392174313163463,-0.0131670691492886));
#6790=CARTESIAN_POINT('',(0.0634270379953119,0.00408752958525355,-0.0131666132208606));
#6791=CARTESIAN_POINT('',(0.0638930100736559,0.00447406658365101,-0.0131655502075554));
#6792=CARTESIAN_POINT('',(0.0644467023906308,0.00479356420266919,-0.0131646710673215));
#6793=CARTESIAN_POINT('',(0.0650356175794811,0.00500411723835413,-0.0131640916085043));
#6794=CARTESIAN_POINT('',(0.0654444458994146,0.00515028436982857,-0.0131636893448521));
#6795=CARTESIAN_POINT('',(0.0658703084815554,0.00524504806549694,-0.0131634284866019));
#6796=CARTESIAN_POINT('',(0.0662896220804966,0.00528778003288316,-0.0131633108585106));
#6797=CARTESIAN_POINT('',(0.0666322901961818,0.00532270111052227,-0.0131632147314198));
#6798=CARTESIAN_POINT('',(0.0669640688839231,0.00532461297451085,-0.0131632094681896));
#6799=CARTESIAN_POINT('',(0.067306118246773,0.00529393574911698,-0.0131632939136576));
#6800=CARTESIAN_POINT('',(0.0679091312590275,0.00523985359577445,-0.0131634427860763));
#6801=CARTESIAN_POINT('',(0.0685272112896149,0.0050763778227752,-0.0131638928124203));
#6802=CARTESIAN_POINT('',(0.069093521363403,0.00481073547884276,-0.0131646237700526));
#6803=CARTESIAN_POINT('',(0.0695331091597791,0.0046045354870038,-0.013165191162493));
#6804=CARTESIAN_POINT('',(0.069942331979977,0.00433741380150597,-0.0131659260484131));
#6805=CARTESIAN_POINT('',(0.0702977914403369,0.00403287540477531,-0.0131667635217947));
#6806=CARTESIAN_POINT('',(0.0705265309580045,0.0038369037856519,-0.013167302439108));
#6807=CARTESIAN_POINT('',(0.0707318239280834,0.00362891167991341,-0.0131678742944577));
#6808=CARTESIAN_POINT('',(0.0709255635946495,0.00339629320865182,-0.013168513669604));
#6809=CARTESIAN_POINT('',(0.0710957266265821,0.00319198262499593,-0.0131690752376885));
#6810=CARTESIAN_POINT('',(0.0712536117124196,0.00297103178382592,-0.0131696824067394));
#6811=CARTESIAN_POINT('',(0.0713944311378028,0.00273749156570202,-0.0131703239832768));
#6812=CARTESIAN_POINT('',(0.0668300000000004,0.00585976144109746,-0.0124579344161554));
#6813=CARTESIAN_POINT('',(0.0668300000000004,0.00545384487886406,-0.01272265660946));
#6814=VECTOR('',#10903,1.0);
#6815=CARTESIAN_POINT('',(0.0616150000000212,0.0010864589245705,-0.0128015259068551));
#6816=CARTESIAN_POINT('',(0.0668300000000004,0.00531524368655674,-0.0128130466428707));
#6817=CARTESIAN_POINT('',(0.0662405416940059,0.00531524368655675,-0.0128130466428707));
#6818=CARTESIAN_POINT('',(0.0656160632823795,0.00521273256352039,-0.0128127668639961));
#6819=CARTESIAN_POINT('',(0.0650273249109044,0.00500114465479294,-0.0128121896058213));
#6820=CARTESIAN_POINT('',(0.0645622159701295,0.00483398818448775,-0.0128117335663457));
#6821=CARTESIAN_POINT('',(0.0641188890724405,0.00459988133429516,-0.0128110949585177));
#6822=CARTESIAN_POINT('',(0.0637240135019669,0.00431672702070839,-0.0128103228677817));
#6823=CARTESIAN_POINT('',(0.0634859211825361,0.00414599762562869,-0.0128098573315777));
#6824=CARTESIAN_POINT('',(0.0632655223959489,0.00395794035722098,-0.0128093446425417));
#6825=CARTESIAN_POINT('',(0.0630665898692518,0.00375958391867397,-0.0128088040113581));
#6826=CARTESIAN_POINT('',(0.0629098061448923,0.00360325422386532,-0.0128083779263338));
#6827=CARTESIAN_POINT('',(0.0627596236170023,0.00343393675241819,-0.0128079165209318));
#6828=CARTESIAN_POINT('',(0.0626190908936801,0.00325283370036034,-0.0128074231113789));
#6829=CARTESIAN_POINT('',(0.0622436986212235,0.00276906960148251,-0.0128061051113503));
#6830=CARTESIAN_POINT('',(0.0619423443634543,0.00220161997937583,-0.0128045599145036));
#6831=CARTESIAN_POINT('',(0.0617519703248531,0.00160466167408302,-0.0128029356227322));
#6832=CARTESIAN_POINT('',(0.0616974479813586,0.00143369526494332,-0.0128024704322337));
#6833=CARTESIAN_POINT('',(0.0616517352484891,0.00126042520658145,-0.0128019990677129));
#6834=CARTESIAN_POINT('',(0.0616150000000411,0.0010864589245663,-0.0128015259068551));
#6835=CARTESIAN_POINT('',(0.0616150000000004,0.00266325518336931,-0.0124579344161554));
#6837=CARTESIAN_POINT('',(0.0616150000000004,0.000975108613274336,-0.0128155082233591));
#6838=CARTESIAN_POINT('',(0.0616150000000004,0.0017776988008117,-0.0127200170597446));
#6839=CARTESIAN_POINT('',(0.0616150000000004,0.00266325518336952,-0.0124579344161553));
#6846=AXIS2_PLACEMENT_3D('',#10904,#10905,#10906);
#6847=CARTESIAN_POINT('',(0.0668300000000004,0.00531524368655675,-0.0117430466428707));
#6848=CARTESIAN_POINT('',(0.0668300000000004,0.00531524368655675,-0.0121028221894401));
#6849=CARTESIAN_POINT('',(0.0668300000000004,0.00531524368655675,-0.0119229394140318));
#6850=VECTOR('',#10907,1.0);
#6851=CARTESIAN_POINT('',(0.0718153475157117,0.00187077018841678,-0.0117336597653581));
#6852=CARTESIAN_POINT('',(0.0718153475120576,0.0018707701870401,-0.0117336597653543));
#6853=CARTESIAN_POINT('',(0.0715890519651487,0.00246909746670589,-0.0117352881216884));
#6854=CARTESIAN_POINT('',(0.0712496291886014,0.00302737540181443,-0.0117368086816559));
#6855=CARTESIAN_POINT('',(0.0708448217848607,0.00349096843841777,-0.0117380719626754));
#6856=CARTESIAN_POINT('',(0.0706706556075959,0.00369042681355043,-0.0117386154824429));
#6857=CARTESIAN_POINT('',(0.0704875724028169,0.00387132811494969,-0.0117391085577728));
#6858=CARTESIAN_POINT('',(0.0702852776305127,0.00404356310425679,-0.011739578098409));
#6859=CARTESIAN_POINT('',(0.0698178437052489,0.00444153916761504,-0.0117406630459841));
#6860=CARTESIAN_POINT('',(0.0692583992007002,0.0047723157919747,-0.0117415653155322));
#6861=CARTESIAN_POINT('',(0.0686612744083047,0.00499077403223338,-0.0117421613126063));
#6862=CARTESIAN_POINT('',(0.0680641496159092,0.00520923227249206,-0.0117427573096805));
#6863=CARTESIAN_POINT('',(0.0674290122568217,0.00531524368655674,-0.0117430466428707));
#6864=CARTESIAN_POINT('',(0.0668300000000004,0.00531524368655675,-0.0117430466428707));
#6865=CARTESIAN_POINT('',(0.0718153475136765,0.001870770199179,-0.0121122090669234));
#6866=CARTESIAN_POINT('',(0.0718153475198865,0.00187077016634029,-0.0119229394140318));
#6867=VECTOR('',#10908,1.0);
#6868=CARTESIAN_POINT('',(0.0668300000000004,0.00531524368655675,-0.0121028221894401));
#6869=CARTESIAN_POINT('',(0.0674187060731383,0.00531524368655674,-0.0121028221894401));
#6870=CARTESIAN_POINT('',(0.0680426112201701,0.00521296592018414,-0.0121031013313674));
#6871=CARTESIAN_POINT('',(0.068630842395638,0.00500180293230218,-0.0121036774305638));
#6872=CARTESIAN_POINT('',(0.0690922801298903,0.0048361562023262,-0.0121041293513714));
#6873=CARTESIAN_POINT('',(0.0695322971265094,0.00460463651201239,-0.0121047609027034));
#6874=CARTESIAN_POINT('',(0.0699247086535469,0.0043247918600034,-0.0121055239736669));
#6875=CARTESIAN_POINT('',(0.0701610665366584,0.00415623542118453,-0.0121059835876823));
#6876=CARTESIAN_POINT('',(0.070380077918583,0.003970637000508,-0.012106489577722));
#6877=CARTESIAN_POINT('',(0.0705780279134048,0.00377485933465894,-0.0121070231867316));
#6878=CARTESIAN_POINT('',(0.070740120551195,0.00361454552254479,-0.0121074601359318));
#6879=CARTESIAN_POINT('',(0.0708950600555415,0.00344066401678216,-0.0121079339826189));
#6880=CARTESIAN_POINT('',(0.0710398620131013,0.00325418263224688,-0.0121084420458076));
#6881=CARTESIAN_POINT('',(0.0713596093066826,0.00284240009136638,-0.012109563935541));
#6882=CARTESIAN_POINT('',(0.0716264436118643,0.00237023364345301,-0.0121108497699454));
#6883=CARTESIAN_POINT('',(0.0718153475082436,0.00187077019712423,-0.012112209066929));
#6884=CARTESIAN_POINT('',(0.0668300000000004,0.00551788977434219,-0.0122349796863602));
#6885=VECTOR('',#10909,1.0);
#6886=CARTESIAN_POINT('',(0.0616150000000214,0.00108645892457266,-0.0121143429254556));
#6888=CARTESIAN_POINT('',(0.0616150000000004,0.00266325518336968,-0.0124579344161555));
#6889=CARTESIAN_POINT('',(0.0616150000000004,0.00177765351134244,-0.0121958383690335));
#6890=CARTESIAN_POINT('',(0.0616150000000004,0.000975024596812077,-0.0121003506131989));
#6897=CARTESIAN_POINT('',(0.0616150000000418,0.00108645892456974,-0.0121143429254557));
#6898=CARTESIAN_POINT('',(0.0617406553741768,0.0016815222269003,-0.0121127244470968));
#6899=CARTESIAN_POINT('',(0.0619745331365578,0.00226695152519712,-0.0121111309746404));
#6900=CARTESIAN_POINT('',(0.0622954426495031,0.00278643800952883,-0.012109716168519));
#6901=CARTESIAN_POINT('',(0.0624579724961475,0.00304954039579757,-0.0121089996169284));
#6902=CARTESIAN_POINT('',(0.0626421141605016,0.00329585199047451,-0.0121083285707405));
#6903=CARTESIAN_POINT('',(0.0628406378479051,0.00351991334855199,-0.0121077179944827));
#6904=CARTESIAN_POINT('',(0.0630210540571146,0.00372353792042745,-0.0121071631092933));
#6905=CARTESIAN_POINT('',(0.0632111835316871,0.00390801095063508,-0.0121066602843511));
#6906=CARTESIAN_POINT('',(0.0634217895354217,0.00408317016578214,-0.0121061827569181));
#6907=CARTESIAN_POINT('',(0.0638869689239919,0.00447005589154333,-0.0121051280105415));
#6908=CARTESIAN_POINT('',(0.0644399739349546,0.00479020049283666,-0.0121042547285608));
#6909=CARTESIAN_POINT('',(0.0650284216196261,0.005001538667852,-0.0121036781515354));
#6910=CARTESIAN_POINT('',(0.0656168693042976,0.00521287684286734,-0.0121031015745099));
#6911=CARTESIAN_POINT('',(0.066241048394543,0.00531524368655675,-0.0121028221894401));
#6912=CARTESIAN_POINT('',(0.0668300000000004,0.00531524368655675,-0.0121028221894401));
#6913=CARTESIAN_POINT('',(0.0668300000000004,0.00585209460067947,-0.0113929344161554));
#6914=CARTESIAN_POINT('',(0.0668300000000004,0.00545001145865506,-0.01165515660946));
#6915=VECTOR('',#10910,1.0);
#6916=CARTESIAN_POINT('',(0.0616150000000212,0.0010864589245705,-0.0117315259068551));
#6917=CARTESIAN_POINT('',(0.0668300000000004,0.00531524368655675,-0.0117430466428707));
#6918=CARTESIAN_POINT('',(0.0662405416940059,0.00531524368655675,-0.0117430466428707));
#6919=CARTESIAN_POINT('',(0.0656160632823796,0.00521273256352041,-0.011742766863996));
#6920=CARTESIAN_POINT('',(0.0650273249109045,0.00500114465479298,-0.0117421896058213));
#6921=CARTESIAN_POINT('',(0.0645622159701296,0.00483398818448779,-0.0117417335663457));
#6922=CARTESIAN_POINT('',(0.0641188890724405,0.00459988133429519,-0.0117410949585177));
#6923=CARTESIAN_POINT('',(0.0637240135019669,0.00431672702070841,-0.0117403228677817));
#6924=CARTESIAN_POINT('',(0.063485921182537,0.00414599762562936,-0.0117398573315777));
#6925=CARTESIAN_POINT('',(0.0632655223959506,0.00395794035722243,-0.0117393446425417));
#6926=CARTESIAN_POINT('',(0.0630665898692541,0.00375958391867627,-0.0117388040113581));
#6927=CARTESIAN_POINT('',(0.0629098061448939,0.00360325422386708,-0.0117383779263338));
#6928=CARTESIAN_POINT('',(0.0627596236170033,0.00343393675241944,-0.0117379165209318));
#6929=CARTESIAN_POINT('',(0.0626190908936805,0.00325283370036091,-0.0117374231113789));
#6930=CARTESIAN_POINT('',(0.0622436986212239,0.00276906960148314,-0.0117361051113503));
#6931=CARTESIAN_POINT('',(0.0619423443634546,0.00220161997937651,-0.0117345599145036));
#6932=CARTESIAN_POINT('',(0.0617519703248533,0.00160466167408372,-0.0117329356227321));
#6933=CARTESIAN_POINT('',(0.0616974479813587,0.00143369526494379,-0.0117324704322337));
#6934=CARTESIAN_POINT('',(0.0616517352484891,0.00126042520658169,-0.0117319990677129));
#6935=CARTESIAN_POINT('',(0.0616150000000411,0.0010864589245663,-0.0117315259068551));
#6936=CARTESIAN_POINT('',(0.0616150000000004,0.002646317637807,-0.0113929344161554));
#6938=CARTESIAN_POINT('',(0.0616150000000004,0.000975108613274364,-0.0117455082233591));
#6939=CARTESIAN_POINT('',(0.0616150000000004,0.00177019263412453,-0.0116509101339466));
#6940=CARTESIAN_POINT('',(0.0616150000000004,0.00264631763780723,-0.0113929344161553));
#6947=AXIS2_PLACEMENT_3D('',#10911,#10912,#10913);
#6948=CARTESIAN_POINT('',(0.0668300000000004,0.00531524368655676,-0.0106830466428707));
#6949=CARTESIAN_POINT('',(0.0668300000000004,0.00531524368655675,-0.0110428221894401));
#6950=CARTESIAN_POINT('',(0.0668300000000004,0.00531524368655675,-0.0108629394128976));
#6951=VECTOR('',#10914,1.0);
#6952=CARTESIAN_POINT('',(0.0718153475157117,0.0018707701884168,-0.0106736597653581));
#6953=CARTESIAN_POINT('',(0.0718153475120576,0.00187077018704011,-0.0106736597653543));
#6954=CARTESIAN_POINT('',(0.0715890519651489,0.00246909746670516,-0.0106752881216884));
#6955=CARTESIAN_POINT('',(0.0712496291886022,0.00302737540181306,-0.0106768086816559));
#6956=CARTESIAN_POINT('',(0.0708448217848622,0.00349096843841605,-0.0106780719626754));
#6957=CARTESIAN_POINT('',(0.0706706556075971,0.00369042681354919,-0.0106786154824429));
#6958=CARTESIAN_POINT('',(0.0704875724028178,0.00387132811494887,-0.0106791085577728));
#6959=CARTESIAN_POINT('',(0.0702852776305132,0.00404356310425633,-0.010679578098409));
#6960=CARTESIAN_POINT('',(0.0698178437052494,0.0044415391676147,-0.0106806630459841));
#6961=CARTESIAN_POINT('',(0.0692583992007006,0.00477231579197451,-0.0106815653155322));
#6962=CARTESIAN_POINT('',(0.068661274408305,0.00499077403223327,-0.0106821613126064));
#6963=CARTESIAN_POINT('',(0.0680641496159094,0.00520923227249203,-0.0106827573096806));
#6964=CARTESIAN_POINT('',(0.0674290122568219,0.00531524368655675,-0.0106830466428707));
#6965=CARTESIAN_POINT('',(0.0668300000000004,0.00531524368655676,-0.0106830466428707));
#6966=CARTESIAN_POINT('',(0.0718153475136765,0.001870770199179,-0.0110522090669235));
#6967=CARTESIAN_POINT('',(0.0718153475198865,0.0018707701663403,-0.0108629394128976));
#6968=VECTOR('',#10915,1.0);
#6969=CARTESIAN_POINT('',(0.0668300000000004,0.00531524368655675,-0.0110428221894401));
#6970=CARTESIAN_POINT('',(0.0674187060731383,0.00531524368655675,-0.0110428221894401));
#6971=CARTESIAN_POINT('',(0.0680426112201702,0.00521296592018414,-0.0110431013313674));
#6972=CARTESIAN_POINT('',(0.0686308423956382,0.00500180293230212,-0.0110436774305638));
#6973=CARTESIAN_POINT('',(0.0690922801298895,0.00483615620232649,-0.0110441293513714));
#6974=CARTESIAN_POINT('',(0.0695322971265076,0.00460463651201333,-0.0110447609027034));
#6975=CARTESIAN_POINT('',(0.0699247086535445,0.00432479186000514,-0.0110455239736669));
#6976=CARTESIAN_POINT('',(0.0701610665366561,0.00415623542118642,-0.0110459835876823));
#6977=CARTESIAN_POINT('',(0.0703800779185807,0.00397063700051002,-0.011046489577722));
#6978=CARTESIAN_POINT('',(0.0705780279134027,0.00377485933466105,-0.0110470231867316));
#6979=CARTESIAN_POINT('',(0.0707401205511934,0.00361454552254646,-0.0110474601359318));
#6980=CARTESIAN_POINT('',(0.0708950600555405,0.0034406640167834,-0.0110479339826189));
#6981=CARTESIAN_POINT('',(0.0710398620131008,0.00325418263224756,-0.0110484420458076));
#6982=CARTESIAN_POINT('',(0.0713596093066823,0.0028424000913669,-0.011049563935541));
#6983=CARTESIAN_POINT('',(0.0716264436118642,0.00237023364345328,-0.0110508497699454));
#6984=CARTESIAN_POINT('',(0.0718153475082436,0.00187077019712423,-0.0110522090669291));
#6985=CARTESIAN_POINT('',(0.0668300000000004,0.00551405635413319,-0.0111724796863602));
#6986=VECTOR('',#10916,1.0);
#6987=CARTESIAN_POINT('',(0.0616150000000214,0.00108645892457264,-0.0110543429254557));
#6989=CARTESIAN_POINT('',(0.0616150000000004,0.00264631763780736,-0.0113929344161555));
#6990=CARTESIAN_POINT('',(0.0616150000000004,0.00177014738425373,-0.011134945374503));
#6991=CARTESIAN_POINT('',(0.0616150000000004,0.000975024596811931,-0.0110403506131989));
#6998=CARTESIAN_POINT('',(0.0616150000000418,0.00108645892456971,-0.0110543429254557));
#6999=CARTESIAN_POINT('',(0.0617406553741768,0.00168152222690028,-0.0110527244470968));
#7000=CARTESIAN_POINT('',(0.0619745331365578,0.00226695152519712,-0.0110511309746404));
#7001=CARTESIAN_POINT('',(0.0622954426495031,0.00278643800952884,-0.011049716168519));
#7002=CARTESIAN_POINT('',(0.0624579724961462,0.00304954039579552,-0.0110489996169284));
#7003=CARTESIAN_POINT('',(0.0626421141604987,0.00329585199047066,-0.0110483285707405));
#7004=CARTESIAN_POINT('',(0.0628406378479004,0.00351991334854672,-0.0110477179944827));
#7005=CARTESIAN_POINT('',(0.0630210540571106,0.00372353792042353,-0.0110471631092934));
#7006=CARTESIAN_POINT('',(0.0632111835316839,0.00390801095063225,-0.0110466602843511));
#7007=CARTESIAN_POINT('',(0.0634217895354195,0.00408317016578029,-0.0110461827569181));
#7008=CARTESIAN_POINT('',(0.0638869689239897,0.00447005589154198,-0.0110451280105415));
#7009=CARTESIAN_POINT('',(0.0644399739349527,0.00479020049283581,-0.0110442547285608));
#7010=CARTESIAN_POINT('',(0.0650284216196246,0.00500153866785149,-0.0110436781515354));
#7011=CARTESIAN_POINT('',(0.0656168693042966,0.00521287684286718,-0.0110431015745099));
#7012=CARTESIAN_POINT('',(0.0662410483945426,0.00531524368655676,-0.0110428221894401));
#7013=CARTESIAN_POINT('',(0.0668300000000004,0.00531524368655675,-0.0110428221894401));
#7014=CARTESIAN_POINT('',(0.0668300000000004,0.00585976144109747,-0.0103279344161554));
#7015=CARTESIAN_POINT('',(0.0668300000000004,0.00545384487886414,-0.01059265660946));
#7016=VECTOR('',#10917,1.0);
#7017=CARTESIAN_POINT('',(0.0616150000000212,0.00108645892457051,-0.0106715259068551));
#7018=CARTESIAN_POINT('',(0.0668300000000004,0.00531524368655676,-0.0106830466428707));
#7019=CARTESIAN_POINT('',(0.0662405416940058,0.00531524368655676,-0.0106830466428707));
#7020=CARTESIAN_POINT('',(0.0656160632823795,0.0052127325635204,-0.0106827668639961));
#7021=CARTESIAN_POINT('',(0.0650273249109044,0.00500114465479294,-0.0106821896058213));
#7022=CARTESIAN_POINT('',(0.0645622159701294,0.00483398818448771,-0.0106817335663457));
#7023=CARTESIAN_POINT('',(0.0641188890724403,0.00459988133429507,-0.0106810949585177));
#7024=CARTESIAN_POINT('',(0.0637240135019666,0.00431672702070825,-0.0106803228677817));
#7025=CARTESIAN_POINT('',(0.0634859211825346,0.00414599762562761,-0.0106798573315777));
#7026=CARTESIAN_POINT('',(0.0632655223959463,0.00395794035721876,-0.0106793446425417));
#7027=CARTESIAN_POINT('',(0.0630665898692483,0.00375958391867055,-0.0106788040113581));
#7028=CARTESIAN_POINT('',(0.06290980614489,0.00360325422386273,-0.0106783779263338));
#7029=CARTESIAN_POINT('',(0.0627596236170009,0.00343393675241641,-0.0106779165209318));
#7030=CARTESIAN_POINT('',(0.0626190908936795,0.0032528337003596,-0.0106774231113789));
#7031=CARTESIAN_POINT('',(0.0622436986212229,0.00276906960148166,-0.0106761051113503));
#7032=CARTESIAN_POINT('',(0.0619423443634538,0.00220161997937492,-0.0106745599145036));
#7033=CARTESIAN_POINT('',(0.0617519703248528,0.00160466167408204,-0.0106729356227321));
#7034=CARTESIAN_POINT('',(0.0616974479813584,0.00143369526494266,-0.0106724704322337));
#7035=CARTESIAN_POINT('',(0.061651735248489,0.00126042520658112,-0.0106719990677129));
#7036=CARTESIAN_POINT('',(0.0616150000000411,0.00108645892456631,-0.0106715259068551));
#7037=CARTESIAN_POINT('',(0.0616150000000004,0.00266325518336931,-0.0103279344161554));
#7039=CARTESIAN_POINT('',(0.0616150000000004,0.000975108594209316,-0.0106855082256274));
#7040=CARTESIAN_POINT('',(0.0616150000000004,0.00177769879053467,-0.0105900170627861));
#7041=CARTESIAN_POINT('',(0.0616150000000004,0.00266325518336954,-0.0103279344161553));
#7048=AXIS2_PLACEMENT_3D('',#10918,#10919,#10920);
#7049=CARTESIAN_POINT('',(0.0668300000000004,0.00531524368655676,-0.00961304664287071));
#7050=CARTESIAN_POINT('',(0.0668300000000004,0.00531524368655676,-0.00997282218944013));
#7051=CARTESIAN_POINT('',(0.0668300000000004,0.00531524368655676,-0.0097929394140318));
#7052=VECTOR('',#10921,1.0);
#7053=CARTESIAN_POINT('',(0.0718153475157117,0.00187077018841685,-0.00960365976535807));
#7054=CARTESIAN_POINT('',(0.0718153475120576,0.00187077018704017,-0.00960365976535432));
#7055=CARTESIAN_POINT('',(0.0715890519651514,0.00246909746669882,-0.00960528812168837));
#7056=CARTESIAN_POINT('',(0.0712496291886094,0.00302737540180138,-0.00960680868165591));
#7057=CARTESIAN_POINT('',(0.070844821784875,0.00349096843840142,-0.00960807196267531));
#7058=CARTESIAN_POINT('',(0.0706706556076045,0.00369042681354231,-0.00960861548244283));
#7059=CARTESIAN_POINT('',(0.070487572402819,0.0038713281149484,-0.00960910855777278));
#7060=CARTESIAN_POINT('',(0.0702852776305071,0.00404356310426159,-0.00960957809840903));
#7061=CARTESIAN_POINT('',(0.0698178437052435,0.00444153916761853,-0.00961066304598412));
#7062=CARTESIAN_POINT('',(0.0692583992006956,0.00477231579197688,-0.00961156531553217));
#7063=CARTESIAN_POINT('',(0.0686612744083011,0.0049907740322347,-0.00961216131260636));
#7064=CARTESIAN_POINT('',(0.0680641496159066,0.00520923227249253,-0.00961275730968055));
#7065=CARTESIAN_POINT('',(0.0674290122568205,0.00531524368655676,-0.00961304664287071));
#7066=CARTESIAN_POINT('',(0.0668300000000004,0.00531524368655676,-0.00961304664287071));
#7067=CARTESIAN_POINT('',(0.0718153475136765,0.00187077019917902,-0.00998220906692344));
#7068=CARTESIAN_POINT('',(0.0718153475198865,0.0018707701663403,-0.00979293941403177));
#7069=VECTOR('',#10922,1.0);
#7070=CARTESIAN_POINT('',(0.0668300000000004,0.00531524368655676,-0.00997282218944013));
#7071=CARTESIAN_POINT('',(0.0674187060731381,0.00531524368655676,-0.00997282218944013));
#7072=CARTESIAN_POINT('',(0.0680426112201698,0.00521296592018421,-0.00997310133136739));
#7073=CARTESIAN_POINT('',(0.0686308423956376,0.00500180293230235,-0.00997367743056376));
#7074=CARTESIAN_POINT('',(0.069092280129888,0.00483615620232708,-0.00997412935137136));
#7075=CARTESIAN_POINT('',(0.0695322971265054,0.00460463651201454,-0.00997476090270341));
#7076=CARTESIAN_POINT('',(0.0699247086535417,0.0043247918600071,-0.00997552397366694));
#7077=CARTESIAN_POINT('',(0.0701610665366533,0.00415623542118861,-0.00997598358768228));
#7078=CARTESIAN_POINT('',(0.070380077918578,0.00397063700051244,-0.009976489577722));
#7079=CARTESIAN_POINT('',(0.0705780279134001,0.00377485933466368,-0.00997702318673158));
#7080=CARTESIAN_POINT('',(0.0707401205511917,0.00361454552254845,-0.00997746013593175));
#7081=CARTESIAN_POINT('',(0.0708950600555394,0.00344066401678477,-0.00997793398261891));
#7082=CARTESIAN_POINT('',(0.0710398620131003,0.00325418263224813,-0.00997844204580763));
#7083=CARTESIAN_POINT('',(0.071359609306682,0.00284240009136734,-0.00997956393554102));
#7084=CARTESIAN_POINT('',(0.0716264436118641,0.00237023364345354,-0.00998084976994542));
#7085=CARTESIAN_POINT('',(0.0718153475082436,0.00187077019712425,-0.00998220906692904));
#7086=CARTESIAN_POINT('',(0.0668300000000004,0.00551788977434219,-0.0101049796863602));
#7087=VECTOR('',#10923,1.0);
#7088=CARTESIAN_POINT('',(0.0616150000000214,0.00108645892457264,-0.00998434292545564));
#7090=CARTESIAN_POINT('',(0.0616150000000004,0.00266325518336971,-0.0103279344161555));
#7091=CARTESIAN_POINT('',(0.0616150000000004,0.00177765351134247,-0.0100658383690335));
#7092=CARTESIAN_POINT('',(0.0616150000000004,0.00097502459681198,-0.00997035061319895));
#7099=CARTESIAN_POINT('',(0.0616150000000418,0.00108645892456971,-0.00998434292545567));
#7100=CARTESIAN_POINT('',(0.0617406553741768,0.00168152222690027,-0.00998272444709681));
#7101=CARTESIAN_POINT('',(0.0619745331365578,0.00226695152519711,-0.00998113097464038));
#7102=CARTESIAN_POINT('',(0.0622954426495031,0.00278643800952882,-0.00997971616851902));
#7103=CARTESIAN_POINT('',(0.0624579724961465,0.00304954039579607,-0.00997899961692843));
#7104=CARTESIAN_POINT('',(0.0626421141604995,0.00329585199047172,-0.00997832857074048));
#7105=CARTESIAN_POINT('',(0.0628406378479017,0.00351991334854818,-0.00997771799448267));
#7106=CARTESIAN_POINT('',(0.0630210540571128,0.00372353792042579,-0.00997716310929335));
#7107=CARTESIAN_POINT('',(0.063211183531687,0.00390801095063519,-0.0099766602843511));
#7108=CARTESIAN_POINT('',(0.0634217895354237,0.00408317016578382,-0.00997618275691806));
#7109=CARTESIAN_POINT('',(0.0638869689239938,0.00447005589154456,-0.0099751280105415));
#7110=CARTESIAN_POINT('',(0.0644399739349562,0.00479020049283743,-0.00997425472856079));
#7111=CARTESIAN_POINT('',(0.0650284216196274,0.00500153866785247,-0.00997367815153536));
#7112=CARTESIAN_POINT('',(0.0656168693042985,0.00521287684286751,-0.00997310157450993));
#7113=CARTESIAN_POINT('',(0.0662410483945435,0.00531524368655676,-0.00997282218944012));
#7114=CARTESIAN_POINT('',(0.0668300000000004,0.00531524368655676,-0.00997282218944013));
#7115=CARTESIAN_POINT('',(0.0668300000000004,0.00585976144109748,-0.00925793441615541));
#7116=CARTESIAN_POINT('',(0.0668300000000004,0.00545384487886408,-0.00952265660946003));
#7117=VECTOR('',#10924,1.0);
#7118=CARTESIAN_POINT('',(0.0616150000000212,0.00108645892457045,-0.00960152590685509));
#7119=CARTESIAN_POINT('',(0.0668300000000004,0.00531524368655676,-0.00961304664287071));
#7120=CARTESIAN_POINT('',(0.0662405416940059,0.00531524368655677,-0.00961304664287071));
#7121=CARTESIAN_POINT('',(0.0656160632823796,0.00521273256352042,-0.00961276686399606));
#7122=CARTESIAN_POINT('',(0.0650273249109045,0.00500114465479298,-0.00961218960582134));
#7123=CARTESIAN_POINT('',(0.0645622159701294,0.00483398818448774,-0.00961173356634573));
#7124=CARTESIAN_POINT('',(0.0641188890724403,0.00459988133429508,-0.00961109495851769));
#7125=CARTESIAN_POINT('',(0.0637240135019666,0.0043167270207082,-0.00961032286778175));
#7126=CARTESIAN_POINT('',(0.0634859211825367,0.00414599762562909,-0.00960985733157775));
#7127=CARTESIAN_POINT('',(0.0632655223959503,0.00395794035722213,-0.00960934464254167));
#7128=CARTESIAN_POINT('',(0.0630665898692537,0.00375958391867591,-0.0096088040113581));
#7129=CARTESIAN_POINT('',(0.0629098061448937,0.00360325422386683,-0.00960837792633383));
#7130=CARTESIAN_POINT('',(0.0627596236170032,0.00343393675241928,-0.00960791652093185));
#7131=CARTESIAN_POINT('',(0.0626190908936805,0.0032528337003609,-0.00960742311137886));
#7132=CARTESIAN_POINT('',(0.0622436986212238,0.0027690696014831,-0.00960610511135034));
#7133=CARTESIAN_POINT('',(0.0619423443634546,0.00220161997937647,-0.00960455991450365));
#7134=CARTESIAN_POINT('',(0.0617519703248533,0.00160466167408361,-0.00960293562273215));
#7135=CARTESIAN_POINT('',(0.0616974479813587,0.0014336952649437,-0.00960247043223374));
#7136=CARTESIAN_POINT('',(0.0616517352484891,0.00126042520658161,-0.00960199906771293));
#7137=CARTESIAN_POINT('',(0.0616150000000411,0.00108645892456625,-0.00960152590685507));
#7138=CARTESIAN_POINT('',(0.0616150000000004,0.0026632551833693,-0.00925793441615538));
#7140=CARTESIAN_POINT('',(0.0616150000000004,0.000975108613274177,-0.00961550822335908));
#7141=CARTESIAN_POINT('',(0.0616150000000004,0.00177769880081168,-0.00952001705974463));
#7142=CARTESIAN_POINT('',(0.0616150000000004,0.00266325518336957,-0.00925793441615531));
#7149=AXIS2_PLACEMENT_3D('',#10925,#10926,#10927);
#7150=CARTESIAN_POINT('',(0.0668300000000004,0.00531524368655677,-0.00854304664287071));
#7151=CARTESIAN_POINT('',(0.0668300000000004,0.00531524368655677,-0.00890282218944013));
#7152=CARTESIAN_POINT('',(0.0668300000000004,0.00531524368655677,-0.0087229394140318));
#7153=VECTOR('',#10928,1.0);
#7154=CARTESIAN_POINT('',(0.0718153475157117,0.00187077018841684,-0.00853365976535807));
#7155=CARTESIAN_POINT('',(0.0718153475120576,0.00187077018704016,-0.00853365976535432));
#7156=CARTESIAN_POINT('',(0.071589051965149,0.00246909746670506,-0.00853528812168839));
#7157=CARTESIAN_POINT('',(0.0712496291886023,0.00302737540181287,-0.00853680868165595));
#7158=CARTESIAN_POINT('',(0.0708448217848624,0.0034909684384158,-0.00853807196267536));
#7159=CARTESIAN_POINT('',(0.0706706556075973,0.00369042681354906,-0.00853861548244286));
#7160=CARTESIAN_POINT('',(0.0704875724028179,0.00387132811494884,-0.00853910855777278));
#7161=CARTESIAN_POINT('',(0.0702852776305132,0.00404356310425638,-0.00853957809840902));
#7162=CARTESIAN_POINT('',(0.0698178437052494,0.00444153916761474,-0.00854066304598411));
#7163=CARTESIAN_POINT('',(0.0692583992007007,0.00477231579197452,-0.00854156531553216));
#7164=CARTESIAN_POINT('',(0.0686612744083051,0.00499077403223328,-0.00854216131260636));
#7165=CARTESIAN_POINT('',(0.0680641496159094,0.00520923227249204,-0.00854275730968055));
#7166=CARTESIAN_POINT('',(0.0674290122568219,0.00531524368655677,-0.00854304664287071));
#7167=CARTESIAN_POINT('',(0.0668300000000004,0.00531524368655677,-0.00854304664287071));
#7168=CARTESIAN_POINT('',(0.0718153475136765,0.00187077019917906,-0.00891220906692345));
#7169=CARTESIAN_POINT('',(0.0718153475198865,0.00187077016634035,-0.00872293941403177));
#7170=VECTOR('',#10929,1.0);
#7171=CARTESIAN_POINT('',(0.0668300000000004,0.00531524368655677,-0.00890282218944013));
#7172=CARTESIAN_POINT('',(0.0674187060731382,0.00531524368655676,-0.00890282218944013));
#7173=CARTESIAN_POINT('',(0.06804261122017,0.00521296592018418,-0.00890310133136739));
#7174=CARTESIAN_POINT('',(0.068630842395638,0.00500180293230223,-0.00890367743056376));
#7175=CARTESIAN_POINT('',(0.069092280129892,0.00483615620232562,-0.00890412935137136));
#7176=CARTESIAN_POINT('',(0.0695322971265128,0.00460463651201064,-0.00890476090270342));
#7177=CARTESIAN_POINT('',(0.0699247086535515,0.0043247918600002,-0.00890552397366696));
#7178=CARTESIAN_POINT('',(0.0701610665366654,0.00415623542117918,-0.0089059835876823));
#7179=CARTESIAN_POINT('',(0.0703800779185921,0.00397063700050015,-0.00890648957772203));
#7180=CARTESIAN_POINT('',(0.0705780279134155,0.00377485933464847,-0.00890702318673162));
#7181=CARTESIAN_POINT('',(0.0707401205512023,0.00361454552253667,-0.00890746013593178));
#7182=CARTESIAN_POINT('',(0.0708950600555464,0.00344066401677625,-0.00890793398261894));
#7183=CARTESIAN_POINT('',(0.0710398620131036,0.00325418263224392,-0.00890844204580764));
#7184=CARTESIAN_POINT('',(0.0713596093066838,0.00284240009136415,-0.00890956393554103));
#7185=CARTESIAN_POINT('',(0.0716264436118647,0.00237023364345188,-0.00891084976994542));
#7186=CARTESIAN_POINT('',(0.0718153475082436,0.00187077019712428,-0.00891220906692904));
#7187=CARTESIAN_POINT('',(0.0668300000000004,0.0055178897743422,-0.00903497968636018));
#7188=VECTOR('',#10930,1.0);
#7189=CARTESIAN_POINT('',(0.0616150000000214,0.00108645892457257,-0.00891434292545565));
#7191=CARTESIAN_POINT('',(0.0616150000000004,0.00266325518336968,-0.00925793441615549));
#7192=CARTESIAN_POINT('',(0.0616150000000004,0.00177765351134241,-0.00899583836903352));
#7193=CARTESIAN_POINT('',(0.0616150000000004,0.00097502459681191,-0.00890035061319894));
#7200=CARTESIAN_POINT('',(0.0616150000000418,0.00108645892456964,-0.00891434292545566));
#7201=CARTESIAN_POINT('',(0.0617406553741768,0.00168152222690022,-0.00891272444709681));
#7202=CARTESIAN_POINT('',(0.0619745331365577,0.00226695152519707,-0.00891113097464037));
#7203=CARTESIAN_POINT('',(0.0622954426495031,0.00278643800952879,-0.00890971616851901));
#7204=CARTESIAN_POINT('',(0.0624579724961468,0.00304954039579649,-0.00890899961692842));
#7205=CARTESIAN_POINT('',(0.0626421141605001,0.00329585199047253,-0.00890832857074048));
#7206=CARTESIAN_POINT('',(0.0628406378479027,0.0035199133485493,-0.00890771799448267));
#7207=CARTESIAN_POINT('',(0.0630210540571123,0.0037235379204252,-0.00890716310929336));
#7208=CARTESIAN_POINT('',(0.063211183531685,0.00390801095063316,-0.0089066602843511));
#7209=CARTESIAN_POINT('',(0.0634217895354198,0.00408317016578055,-0.00890618275691807));
#7210=CARTESIAN_POINT('',(0.0638869689239901,0.00447005589154219,-0.0089051280105415));
#7211=CARTESIAN_POINT('',(0.064439973934953,0.00479020049283595,-0.00890425472856079));
#7212=CARTESIAN_POINT('',(0.0650284216196249,0.00500153866785158,-0.00890367815153536));
#7213=CARTESIAN_POINT('',(0.0656168693042968,0.00521287684286721,-0.00890310157450993));
#7214=CARTESIAN_POINT('',(0.0662410483945426,0.00531524368655677,-0.00890282218944012));
#7215=CARTESIAN_POINT('',(0.0668300000000004,0.00531524368655677,-0.00890282218944013));
#7216=CARTESIAN_POINT('',(0.0668300000000004,0.00585976144109748,-0.00818793441615541));
#7217=CARTESIAN_POINT('',(0.0668300000000004,0.00545384487886409,-0.00845265660946003));
#7218=VECTOR('',#10931,1.0);
#7219=CARTESIAN_POINT('',(0.0616150000000212,0.00108645892457045,-0.00853152590685509));
#7220=CARTESIAN_POINT('',(0.0668300000000004,0.00531524368655677,-0.00854304664287071));
#7221=CARTESIAN_POINT('',(0.0662405416940058,0.00531524368655678,-0.0085430466428707));
#7222=CARTESIAN_POINT('',(0.0656160632823794,0.0052127325635204,-0.00854276686399605));
#7223=CARTESIAN_POINT('',(0.0650273249109043,0.00500114465479292,-0.00854218960582134));
#7224=CARTESIAN_POINT('',(0.0645622159701292,0.00483398818448765,-0.00854173356634573));
#7225=CARTESIAN_POINT('',(0.06411888907244,0.00459988133429494,-0.00854109495851769));
#7226=CARTESIAN_POINT('',(0.0637240135019663,0.00431672702070801,-0.00854032286778175));
#7227=CARTESIAN_POINT('',(0.0634859211825362,0.00414599762562876,-0.00853985733157775));
#7228=CARTESIAN_POINT('',(0.0632655223959496,0.0039579403572216,-0.00853934464254166));
#7229=CARTESIAN_POINT('',(0.063066589869253,0.00375958391867519,-0.0085388040113581));
#7230=CARTESIAN_POINT('',(0.0629098061448931,0.00360325422386625,-0.00853837792633383));
#7231=CARTESIAN_POINT('',(0.0627596236170029,0.00343393675241885,-0.00853791652093185));
#7232=CARTESIAN_POINT('',(0.0626190908936803,0.00325283370036065,-0.00853742311137886));
#7233=CARTESIAN_POINT('',(0.0622436986212237,0.00276906960148284,-0.00853610511135033));
#7234=CARTESIAN_POINT('',(0.0619423443634544,0.00220161997937622,-0.00853455991450364));
#7235=CARTESIAN_POINT('',(0.0617519703248532,0.00160466167408338,-0.00853293562273214));
#7236=CARTESIAN_POINT('',(0.0616974479813587,0.00143369526494354,-0.00853247043223374));
#7237=CARTESIAN_POINT('',(0.0616517352484891,0.00126042520658154,-0.00853199906771293));
#7238=CARTESIAN_POINT('',(0.0616150000000411,0.00108645892456625,-0.00853152590685507));
#7239=CARTESIAN_POINT('',(0.0616150000000004,0.0026632551833693,-0.00818793441615537));
#7241=CARTESIAN_POINT('',(0.0616150000000004,0.00097510861327426,-0.00854550822335907));
#7242=CARTESIAN_POINT('',(0.0616150000000004,0.00177769880081168,-0.00845001705974464));
#7243=CARTESIAN_POINT('',(0.0616150000000004,0.00266325518336957,-0.00818793441615531));
#7250=AXIS2_PLACEMENT_3D('',#10932,#10933,#10934);
#7251=CARTESIAN_POINT('',(0.0668300000000004,0.00531524368655678,-0.00747304664287071));
#7252=CARTESIAN_POINT('',(0.0668300000000004,0.00531524368655677,-0.00783282218944012));
#7253=CARTESIAN_POINT('',(0.0668300000000004,0.00531524368655678,-0.00765293941289764));
#7254=VECTOR('',#10935,1.0);
#7255=CARTESIAN_POINT('',(0.0718153475157117,0.00187077018841686,-0.00746365976535807));
#7256=CARTESIAN_POINT('',(0.0718153475120576,0.00187077018704019,-0.00746365976535432));
#7257=CARTESIAN_POINT('',(0.0715890519651501,0.00246909746670221,-0.00746528812168838));
#7258=CARTESIAN_POINT('',(0.0712496291886056,0.00302737540180764,-0.00746680868165593));
#7259=CARTESIAN_POINT('',(0.0708448217848682,0.00349096843840925,-0.00746807196267534));
#7260=CARTESIAN_POINT('',(0.0706706556076009,0.00369042681354562,-0.00746861548244285));
#7261=CARTESIAN_POINT('',(0.0704875724028191,0.00387132811494797,-0.00746910855777277));
#7262=CARTESIAN_POINT('',(0.0702852776305115,0.00404356310425782,-0.00746957809840901));
#7263=CARTESIAN_POINT('',(0.0698178437052478,0.00444153916761579,-0.0074706630459841));
#7264=CARTESIAN_POINT('',(0.0692583992006993,0.00477231579197517,-0.00747156531553216));
#7265=CARTESIAN_POINT('',(0.068661274408304,0.00499077403223368,-0.00747216131260636));
#7266=CARTESIAN_POINT('',(0.0680641496159087,0.00520923227249219,-0.00747275730968055));
#7267=CARTESIAN_POINT('',(0.0674290122568215,0.00531524368655677,-0.00747304664287071));
#7268=CARTESIAN_POINT('',(0.0668300000000004,0.00531524368655678,-0.00747304664287071));
#7269=CARTESIAN_POINT('',(0.0718153475136765,0.00187077019917907,-0.00784220906692345));
#7270=CARTESIAN_POINT('',(0.0718153475198865,0.00187077016634035,-0.00765293941289762));
#7271=VECTOR('',#10936,1.0);
#7272=CARTESIAN_POINT('',(0.0668300000000004,0.00531524368655677,-0.00783282218944012));
#7273=CARTESIAN_POINT('',(0.0674187060731382,0.00531524368655677,-0.00783282218944013));
#7274=CARTESIAN_POINT('',(0.0680426112201699,0.0052129659201842,-0.00783310133136739));
#7275=CARTESIAN_POINT('',(0.0686308423956378,0.00500180293230229,-0.00783367743056375));
#7276=CARTESIAN_POINT('',(0.0690922801298949,0.00483615620232462,-0.00783412935137136));
#7277=CARTESIAN_POINT('',(0.0695322971265182,0.00460463651200776,-0.00783476090270343));
#7278=CARTESIAN_POINT('',(0.0699247086535588,0.00432479185999493,-0.00783552397366698));
#7279=CARTESIAN_POINT('',(0.0701610665366718,0.00415623542117408,-0.00783598358768232));
#7280=CARTESIAN_POINT('',(0.0703800779185974,0.00397063700049539,-0.00783648957772205));
#7281=CARTESIAN_POINT('',(0.0705780279134198,0.00377485933464417,-0.00783702318673163));
#7282=CARTESIAN_POINT('',(0.0707401205512053,0.00361454552253338,-0.00783746013593179));
#7283=CARTESIAN_POINT('',(0.0708950600555483,0.00344066401677392,-0.00783793398261894));
#7284=CARTESIAN_POINT('',(0.0710398620131045,0.00325418263224285,-0.00783844204580765));
#7285=CARTESIAN_POINT('',(0.0713596093066843,0.00284240009136333,-0.00783956393554103));
#7286=CARTESIAN_POINT('',(0.0716264436118649,0.00237023364345144,-0.00784084976994542));
#7287=CARTESIAN_POINT('',(0.0718153475082436,0.00187077019712429,-0.00784220906692904));
#7288=CARTESIAN_POINT('',(0.0668300000000004,0.00551788977434221,-0.00796497968636017));
#7289=VECTOR('',#10937,1.0);
#7290=CARTESIAN_POINT('',(0.0616150000000214,0.00108645892457262,-0.00784434292545566));
#7292=CARTESIAN_POINT('',(0.0616150000000004,0.00266325518336968,-0.00818793441615549));
#7293=CARTESIAN_POINT('',(0.0616150000000004,0.00177765351134241,-0.00792583836903352));
#7294=CARTESIAN_POINT('',(0.0616150000000004,0.00097502459681189,-0.00783035061319894));
#7301=CARTESIAN_POINT('',(0.0616150000000418,0.00108645892456969,-0.00784434292545566));
#7302=CARTESIAN_POINT('',(0.0617406553741768,0.00168152222690027,-0.00784272444709681));
#7303=CARTESIAN_POINT('',(0.0619745331365578,0.00226695152519711,-0.00784113097464038));
#7304=CARTESIAN_POINT('',(0.0622954426495031,0.00278643800952882,-0.00783971616851902));
#7305=CARTESIAN_POINT('',(0.062457972496147,0.00304954039579686,-0.00783899961692843));
#7306=CARTESIAN_POINT('',(0.0626421141605006,0.0032958519904732,-0.00783832857074048));
#7307=CARTESIAN_POINT('',(0.0628406378479035,0.0035199133485502,-0.00783771799448267));
#7308=CARTESIAN_POINT('',(0.0630210540571123,0.00372353792042512,-0.00783716310929336));
#7309=CARTESIAN_POINT('',(0.0632111835316841,0.00390801095063226,-0.0078366602843511));
#7310=CARTESIAN_POINT('',(0.0634217895354178,0.00408317016577892,-0.00783618275691807));
#7311=CARTESIAN_POINT('',(0.0638869689239882,0.00447005589154101,-0.00783512801054151));
#7312=CARTESIAN_POINT('',(0.0644399739349514,0.00479020049283521,-0.0078342547285608));
#7313=CARTESIAN_POINT('',(0.0650284216196236,0.00500153866785114,-0.00783367815153536));
#7314=CARTESIAN_POINT('',(0.0656168693042959,0.00521287684286707,-0.00783310157450993));
#7315=CARTESIAN_POINT('',(0.0662410483945422,0.00531524368655678,-0.00783282218944012));
#7316=CARTESIAN_POINT('',(0.0668300000000004,0.00531524368655677,-0.00783282218944012));
#7317=CARTESIAN_POINT('',(0.0668300000000004,0.00518745360261913,-0.0171147075430542));
#7318=CARTESIAN_POINT('',(0.0668300000000004,0.00518745360261914,-0.0166560431729095));
#7319=VECTOR('',#10938,1.0);
#7320=CARTESIAN_POINT('',(0.0616500119034979,-3.65135541529477E-06,-0.0171147075430542));
#7321=AXIS2_PLACEMENT_3D('',#10939,#10940,#10941);
#7322=CARTESIAN_POINT('',(0.0616500119034979,-3.6513554152115E-06,-0.0071147075430542));
#7323=VECTOR('',#10942,1.0);
#7324=CARTESIAN_POINT('',(0.0668300000000003,-0.00534475631344328,-0.0153417909886475));
#7325=CARTESIAN_POINT('',(0.0668300000000003,-0.00550298256910389,-0.0154449796863601));
#7326=VECTOR('',#10943,1.0);
#7327=CARTESIAN_POINT('',(0.0616150000000208,-0.00111597155145372,-0.015330328032019));
#7328=CARTESIAN_POINT('',(0.0713944311378012,0.00273749156570469,-0.0153198494701539));
#7329=CARTESIAN_POINT('',(0.0717147434559332,0.00220627360028092,-0.015321296171017));
#7330=CARTESIAN_POINT('',(0.071944045895147,0.00160850316426797,-0.015322923146625));
#7331=CARTESIAN_POINT('',(0.0720617742074439,0.00100379100618834,-0.0153245677618818));
#7332=CARTESIAN_POINT('',(0.0721262472324806,0.000672624939613237,-0.0153254684230614));
#7333=CARTESIAN_POINT('',(0.0721579270629261,0.000340107658112282,-0.015326372400656));
#7334=CARTESIAN_POINT('',(0.0721599000871382,1.78789608484006E-05,-0.0153272480794136));
#7335=CARTESIAN_POINT('',(0.0721613006724788,-0.000210860649622948,-0.0153278696951158));
#7336=CARTESIAN_POINT('',(0.0721479419952927,-0.000444335100258394,-0.0153285040098298));
#7337=CARTESIAN_POINT('',(0.0721183931882553,-0.000679434796936358,-0.0153291425614787));
#7338=CARTESIAN_POINT('',(0.0720418238124716,-0.00128864507736436,-0.0153307972306877));
#7339=CARTESIAN_POINT('',(0.0718531957235533,-0.0019042847423039,-0.0153324681015247));
#7340=CARTESIAN_POINT('',(0.0715650423091874,-0.0024618513933715,-0.0153339803983786));
#7341=CARTESIAN_POINT('',(0.071398315018621,-0.00278446279552055,-0.0153348554223916));
#7342=CARTESIAN_POINT('',(0.0711990098993203,-0.00308809802060279,-0.0153356786426364));
#7343=CARTESIAN_POINT('',(0.0709771140855054,-0.00336294160727124,-0.0153364235826541));
#7344=CARTESIAN_POINT('',(0.070758081819108,-0.00363423835982292,-0.0153371589092816));
#7345=CARTESIAN_POINT('',(0.0705227601788235,-0.00387392741939365,-0.015337808343407));
#7346=CARTESIAN_POINT('',(0.0702565618313521,-0.00409735034370433,-0.0153384135665421));
#7347=CARTESIAN_POINT('',(0.0697860328450809,-0.00449227000824874,-0.0153394833516512));
#7348=CARTESIAN_POINT('',(0.0692250556134143,-0.00481841481088984,-0.0153403663361028));
#7349=CARTESIAN_POINT('',(0.0686277854842351,-0.00503241187681896,-0.0153409456052202));
#7350=CARTESIAN_POINT('',(0.0681146756988957,-0.00521625497091955,-0.0153414432504865));
#7351=CARTESIAN_POINT('',(0.0675746052067269,-0.00531812528952312,-0.0153417189182906));
#7352=CARTESIAN_POINT('',(0.0670542406421193,-0.00534003716372921,-0.0153417782174415));
#7353=CARTESIAN_POINT('',(0.0668350714799735,-0.00534926609174896,-0.0153418031932875));
#7354=CARTESIAN_POINT('',(0.0666195879116001,-0.00534521660753079,-0.0153417922346546));
#7355=CARTESIAN_POINT('',(0.0663985495883942,-0.00532726518800762,-0.0153417436530287));
#7356=CARTESIAN_POINT('',(0.0657941595453926,-0.0052781802191199,-0.0153416108151997));
#7357=CARTESIAN_POINT('',(0.0651729688029769,-0.00511940135732109,-0.0153411811415924));
#7358=CARTESIAN_POINT('',(0.0646025329005189,-0.00485699653060801,-0.0153404707407334));
#7359=CARTESIAN_POINT('',(0.064109637004458,-0.00463026069291596,-0.0153398569054778));
#7360=CARTESIAN_POINT('',(0.0636537774555058,-0.0043265244822439,-0.0153390344410627));
#7361=CARTESIAN_POINT('',(0.0632667494065652,-0.00397861115543535,-0.0153380919029588));
#7362=CARTESIAN_POINT('',(0.0630722756141044,-0.00380379172232881,-0.0153376182965624));
#7363=CARTESIAN_POINT('',(0.062895151459491,-0.00361968639072869,-0.0153371194414507));
#7364=CARTESIAN_POINT('',(0.06272671034535,-0.00341650792254699,-0.0153365687665429));
#7365=CARTESIAN_POINT('',(0.0623402806046734,-0.00295038536588405,-0.0153353054338766));
#7366=CARTESIAN_POINT('',(0.0620210444354791,-0.00239676594740771,-0.0153338042283562));
#7367=CARTESIAN_POINT('',(0.0618106544770192,-0.00180781808620208,-0.0153322060014661));
#7368=CARTESIAN_POINT('',(0.0616406989413227,-0.00133205892934285,-0.0153309149345861));
#7369=CARTESIAN_POINT('',(0.0615408037590448,-0.000833046970052163,-0.0153295600104897));
#7370=CARTESIAN_POINT('',(0.0615104211389904,-0.000347894034957575,-0.0153282419507245));
#7371=CARTESIAN_POINT('',(0.0614921886823287,-5.67562118348864E-05,-0.0153274509897243));
#7372=CARTESIAN_POINT('',(0.0614973792571271,0.000227086559118142,-0.0153266795877836));
#7373=CARTESIAN_POINT('',(0.0615268533002056,0.000519598512918319,-0.0153258843543352));
#7374=CARTESIAN_POINT('',(0.0615875592878006,0.00112206852327542,-0.01532424645784));
#7375=CARTESIAN_POINT('',(0.0617576634661713,0.00173746001123747,-0.015322572191358));
#7376=CARTESIAN_POINT('',(0.0620288585021981,0.00229996620082936,-0.0153210408071956));
#7377=CARTESIAN_POINT('',(0.062101069492445,0.00244974449163277,-0.015320633046167));
#7378=CARTESIAN_POINT('',(0.062180223472117,0.00259595156892122,-0.0153202349353468));
#7379=CARTESIAN_POINT('',(0.0622655688621959,0.00273749156569861,-0.0153198494701539));
#7381=CARTESIAN_POINT('',(0.0616150000000004,0.00266325518336979,-0.0156679344161555));
#7382=CARTESIAN_POINT('',(0.0616150000000004,7.45360261917433E-06,-0.0148819432440051));
#7383=CARTESIAN_POINT('',(0.0616150000000004,-0.00264834797813143,-0.0156679344161555));
#7390=CARTESIAN_POINT('',(0.0668300000000003,-0.00534475631344327,-0.0149240778436632));
#7391=CARTESIAN_POINT('',(0.0668300000000003,-0.00534475631344328,-0.0151329394140317));
#7392=VECTOR('',#10944,1.0);
#7393=CARTESIAN_POINT('',(0.0718153475172252,-0.00190028280730005,-0.015332456913792));
#7394=CARTESIAN_POINT('',(0.0713944311378012,0.00273749156570469,-0.0153198494701539));
#7395=CARTESIAN_POINT('',(0.0717147434559332,0.00220627360028092,-0.015321296171017));
#7396=CARTESIAN_POINT('',(0.071944045895147,0.00160850316426797,-0.015322923146625));
#7397=CARTESIAN_POINT('',(0.0720617742074439,0.00100379100618834,-0.0153245677618818));
#7398=CARTESIAN_POINT('',(0.0721262472324806,0.000672624939613237,-0.0153254684230614));
#7399=CARTESIAN_POINT('',(0.0721579270629261,0.000340107658112282,-0.015326372400656));
#7400=CARTESIAN_POINT('',(0.0721599000871382,1.78789608484006E-05,-0.0153272480794136));
#7401=CARTESIAN_POINT('',(0.0721613006724788,-0.000210860649622948,-0.0153278696951158));
#7402=CARTESIAN_POINT('',(0.0721479419952927,-0.000444335100258394,-0.0153285040098298));
#7403=CARTESIAN_POINT('',(0.0721183931882553,-0.000679434796936358,-0.0153291425614787));
#7404=CARTESIAN_POINT('',(0.0720418238124716,-0.00128864507736436,-0.0153307972306877));
#7405=CARTESIAN_POINT('',(0.0718531957235533,-0.0019042847423039,-0.0153324681015247));
#7406=CARTESIAN_POINT('',(0.0715650423091874,-0.0024618513933715,-0.0153339803983786));
#7407=CARTESIAN_POINT('',(0.071398315018621,-0.00278446279552055,-0.0153348554223916));
#7408=CARTESIAN_POINT('',(0.0711990098993203,-0.00308809802060279,-0.0153356786426364));
#7409=CARTESIAN_POINT('',(0.0709771140855054,-0.00336294160727124,-0.0153364235826541));
#7410=CARTESIAN_POINT('',(0.070758081819108,-0.00363423835982292,-0.0153371589092816));
#7411=CARTESIAN_POINT('',(0.0705227601788235,-0.00387392741939365,-0.015337808343407));
#7412=CARTESIAN_POINT('',(0.0702565618313521,-0.00409735034370433,-0.0153384135665421));
#7413=CARTESIAN_POINT('',(0.0697860328450809,-0.00449227000824874,-0.0153394833516512));
#7414=CARTESIAN_POINT('',(0.0692250556134143,-0.00481841481088984,-0.0153403663361028));
#7415=CARTESIAN_POINT('',(0.0686277854842351,-0.00503241187681896,-0.0153409456052202));
#7416=CARTESIAN_POINT('',(0.0681146756988957,-0.00521625497091955,-0.0153414432504865));
#7417=CARTESIAN_POINT('',(0.0675746052067269,-0.00531812528952312,-0.0153417189182906));
#7418=CARTESIAN_POINT('',(0.0670542406421193,-0.00534003716372921,-0.0153417782174415));
#7419=CARTESIAN_POINT('',(0.0668350714799735,-0.00534926609174896,-0.0153418031932875));
#7420=CARTESIAN_POINT('',(0.0666195879116001,-0.00534521660753079,-0.0153417922346546));
#7421=CARTESIAN_POINT('',(0.0663985495883942,-0.00532726518800762,-0.0153417436530287));
#7422=CARTESIAN_POINT('',(0.0657941595453926,-0.0052781802191199,-0.0153416108151997));
#7423=CARTESIAN_POINT('',(0.0651729688029769,-0.00511940135732109,-0.0153411811415924));
#7424=CARTESIAN_POINT('',(0.0646025329005189,-0.00485699653060801,-0.0153404707407334));
#7425=CARTESIAN_POINT('',(0.064109637004458,-0.00463026069291596,-0.0153398569054778));
#7426=CARTESIAN_POINT('',(0.0636537774555058,-0.0043265244822439,-0.0153390344410627));
#7427=CARTESIAN_POINT('',(0.0632667494065652,-0.00397861115543535,-0.0153380919029588));
#7428=CARTESIAN_POINT('',(0.0630722756141044,-0.00380379172232881,-0.0153376182965624));
#7429=CARTESIAN_POINT('',(0.062895151459491,-0.00361968639072869,-0.0153371194414507));
#7430=CARTESIAN_POINT('',(0.06272671034535,-0.00341650792254699,-0.0153365687665429));
#7431=CARTESIAN_POINT('',(0.0623402806046734,-0.00295038536588405,-0.0153353054338766));
#7432=CARTESIAN_POINT('',(0.0620210444354791,-0.00239676594740771,-0.0153338042283562));
#7433=CARTESIAN_POINT('',(0.0618106544770192,-0.00180781808620208,-0.0153322060014661));
#7434=CARTESIAN_POINT('',(0.0616406989413227,-0.00133205892934285,-0.0153309149345861));
#7435=CARTESIAN_POINT('',(0.0615408037590448,-0.000833046970052163,-0.0153295600104897));
#7436=CARTESIAN_POINT('',(0.0615104211389904,-0.000347894034957575,-0.0153282419507245));
#7437=CARTESIAN_POINT('',(0.0614921886823287,-5.67562118348864E-05,-0.0153274509897243));
#7438=CARTESIAN_POINT('',(0.0614973792571271,0.000227086559118142,-0.0153266795877836));
#7439=CARTESIAN_POINT('',(0.0615268533002056,0.000519598512918319,-0.0153258843543352));
#7440=CARTESIAN_POINT('',(0.0615875592878006,0.00112206852327542,-0.01532424645784));
#7441=CARTESIAN_POINT('',(0.0617576634661713,0.00173746001123747,-0.015322572191358));
#7442=CARTESIAN_POINT('',(0.0620288585021981,0.00229996620082936,-0.0153210408071956));
#7443=CARTESIAN_POINT('',(0.062101069492445,0.00244974449163277,-0.015320633046167));
#7444=CARTESIAN_POINT('',(0.062180223472117,0.00259595156892122,-0.0153202349353468));
#7445=CARTESIAN_POINT('',(0.0622655688621959,0.00273749156569861,-0.0153198494701539));
#7446=CARTESIAN_POINT('',(0.0718153475157117,-0.00190028281530331,-0.014933411918497));
#7447=CARTESIAN_POINT('',(0.0718153475198865,-0.00190028279322684,-0.0151329394140317));
#7448=VECTOR('',#10945,1.0);
#7449=CARTESIAN_POINT('',(0.0668300000000003,-0.00534475631344327,-0.0149240778436632));
#7450=CARTESIAN_POINT('',(0.0674201546726393,-0.00534475631344328,-0.0149240778436632));
#7451=CARTESIAN_POINT('',(0.0680454095560836,-0.0052419922461746,-0.0149243559124296));
#7452=CARTESIAN_POINT('',(0.0686347614997616,-0.00502990695215588,-0.014924930007683));
#7453=CARTESIAN_POINT('',(0.0690965267822182,-0.00486373523295146,-0.0149253798191407));
#7454=CARTESIAN_POINT('',(0.0695367799893058,-0.00463158956239301,-0.0149260082998001));
#7455=CARTESIAN_POINT('',(0.0699294008150012,-0.00435095448557194,-0.0149267683533653));
#7456=CARTESIAN_POINT('',(0.0701644222061554,-0.00418296735436377,-0.0149272233186512));
#7457=CARTESIAN_POINT('',(0.0703823029401651,-0.00399808816522862,-0.0149277241241883));
#7458=CARTESIAN_POINT('',(0.0705793843795082,-0.00380302990106899,-0.0149282526320617));
#7459=CARTESIAN_POINT('',(0.0707444916216115,-0.00363961759724072,-0.0149286953956101));
#7460=CARTESIAN_POINT('',(0.070901648284649,-0.00346270271472084,-0.0149291748280688));
#7461=CARTESIAN_POINT('',(0.0710485343928278,-0.00327249595566943,-0.0149296904034764));
#7462=CARTESIAN_POINT('',(0.0713643632197206,-0.00286352074131404,-0.0149307989737707));
#7463=CARTESIAN_POINT('',(0.0716280948248186,-0.0023953804528176,-0.0149320684696513));
#7464=CARTESIAN_POINT('',(0.0718153475120593,-0.00190028281392195,-0.0149334119185007));
#7465=CARTESIAN_POINT('',(0.0668300000000003,-0.00584485423585914,-0.0145979344161553));
#7466=CARTESIAN_POINT('',(0.0668300000000003,-0.00543893767362574,-0.0148626566094599));
#7467=VECTOR('',#10946,1.0);
#7468=CARTESIAN_POINT('',(0.0616150000000004,-0.00264834797813095,-0.0145979344161553));
#7469=AXIS2_PLACEMENT_3D('',#10947,#10948,#10949);
#7470=CARTESIAN_POINT('',(0.0616150000000212,-0.00111597155145701,-0.0149355408002917));
#7472=CARTESIAN_POINT('',(0.0616150000000004,-0.00264834797813117,-0.0145979344161553));
#7473=CARTESIAN_POINT('',(0.0616150000000004,-0.00176279159557345,-0.0148600170597446));
#7474=CARTESIAN_POINT('',(0.0616150000000004,-0.000960201408036085,-0.0149555082233591));
#7481=CARTESIAN_POINT('',(0.0616150000000419,-0.00111597155145701,-0.0149355408002917));
#7482=CARTESIAN_POINT('',(0.061740728180399,-0.00171137964055989,-0.0149339241701101));
#7483=CARTESIAN_POINT('',(0.0619747039589519,-0.0022967787862651,-0.0149323359070368));
#7484=CARTESIAN_POINT('',(0.0622955345697022,-0.00281609943084802,-0.0149309277338771));
#7485=CARTESIAN_POINT('',(0.0624582088824428,-0.00307941635298329,-0.0149302137321788));
#7486=CARTESIAN_POINT('',(0.0626424932437379,-0.00332585381267725,-0.0149295457214756));
#7487=CARTESIAN_POINT('',(0.0628411186660914,-0.00354996857071907,-0.0149289383659409));
#7488=CARTESIAN_POINT('',(0.0630185211280988,-0.00375013685420314,-0.0149283959058375));
#7489=CARTESIAN_POINT('',(0.0632054864521096,-0.0039319567118761,-0.0149279032925799));
#7490=CARTESIAN_POINT('',(0.0634123292115046,-0.00410479621318297,-0.0149274350959519));
#7491=CARTESIAN_POINT('',(0.0638782291554672,-0.00449410601647953,-0.0149263805133143));
#7492=CARTESIAN_POINT('',(0.0644325287996207,-0.00481626758750849,-0.0149255083100801));
#7493=CARTESIAN_POINT('',(0.06502264349637,-0.0050289723507501,-0.0149249325375634));
#7494=CARTESIAN_POINT('',(0.0656127581931192,-0.00524167711399171,-0.0149243567650468));
#7495=CARTESIAN_POINT('',(0.0662389790728357,-0.00534475631344327,-0.0149240778436632));
#7496=CARTESIAN_POINT('',(0.0668300000000003,-0.00534475631344327,-0.0149240778436632));
#7497=CARTESIAN_POINT('',(0.0668300000000003,-0.00534475631344327,-0.0142717909886475));
#7498=CARTESIAN_POINT('',(0.0668300000000003,-0.00543893767362572,-0.0143332122228507));
#7499=VECTOR('',#10950,1.0);
#7500=CARTESIAN_POINT('',(0.0616150000000208,-0.00111597155145361,-0.014260328032019));
#7501=CARTESIAN_POINT('',(0.0668300000000003,-0.00534475631344327,-0.0142717909886475));
#7502=CARTESIAN_POINT('',(0.066239114108317,-0.00534475631344327,-0.0142717909886475));
#7503=CARTESIAN_POINT('',(0.0656133097971039,-0.0052417659232146,-0.0142715123075293));
#7504=CARTESIAN_POINT('',(0.0650234706864714,-0.00502927043141727,-0.0142709371016245));
#7505=CARTESIAN_POINT('',(0.0645596864516143,-0.00486218748066462,-0.0142704848233241));
#7506=CARTESIAN_POINT('',(0.0641176182603617,-0.00462854019583466,-0.0142698522767607));
#7507=CARTESIAN_POINT('',(0.0637235958850859,-0.00434594015563263,-0.0142690868984379));
#7508=CARTESIAN_POINT('',(0.0634944007039705,-0.00418155718790907,-0.0142686416926975));
#7509=CARTESIAN_POINT('',(0.0632815208442325,-0.00400107612587448,-0.0142681528008289));
#7510=CARTESIAN_POINT('',(0.063088375962735,-0.00381069487508488,-0.0142676369683363));
#7511=CARTESIAN_POINT('',(0.0629132783113248,-0.00363810262398644,-0.0142671693346238));
#7512=CARTESIAN_POINT('',(0.0627480008502875,-0.00345142770917755,-0.0142666634513721));
#7513=CARTESIAN_POINT('',(0.0625938345546197,-0.00324953641715397,-0.0142661161940368));
#7514=CARTESIAN_POINT('',(0.0622213820574825,-0.00276178443778186,-0.0142647940674317));
#7515=CARTESIAN_POINT('',(0.0619242867314614,-0.00219104591292741,-0.0142632461905884));
#7516=CARTESIAN_POINT('',(0.0617386976388898,-0.00159195010868535,-0.0142616201515727));
#7517=CARTESIAN_POINT('',(0.0616899934444655,-0.00143472923905182,-0.0142611934297257));
#7518=CARTESIAN_POINT('',(0.0616487196894089,-0.00127565711879949,-0.0142607616044082));
#7519=CARTESIAN_POINT('',(0.0616150000000404,-0.00111597155144948,-0.014260328032019));
#7521=CARTESIAN_POINT('',(0.0616150000000004,-0.000960117391573562,-0.0142403506131989));
#7522=CARTESIAN_POINT('',(0.0616150000000004,-0.00176274630610411,-0.0143358383690335));
#7523=CARTESIAN_POINT('',(0.0616150000000004,-0.00264834797813131,-0.0145979344161555));
#7530=CARTESIAN_POINT('',(0.0668300000000003,-0.00534475631344327,-0.0138540778436632));
#7531=CARTESIAN_POINT('',(0.0668300000000003,-0.00534475631344327,-0.0140629394127975));
#7532=VECTOR('',#10951,1.0);
#7533=CARTESIAN_POINT('',(0.0718153475172252,-0.00190028280730008,-0.0142624569137921));
#7534=CARTESIAN_POINT('',(0.0718153475145638,-0.00190028280730009,-0.014262456913792));
#7535=CARTESIAN_POINT('',(0.0715874013647905,-0.00250297429688095,-0.0142640923188609));
#7536=CARTESIAN_POINT('',(0.0712446995632521,-0.00306475915657692,-0.0142656155190955));
#7537=CARTESIAN_POINT('',(0.0708364337807118,-0.00353006403265846,-0.014266876524251));
#7538=CARTESIAN_POINT('',(0.0706575462544218,-0.00373394405839808,-0.0142674290518018));
#7539=CARTESIAN_POINT('',(0.0704688047446011,-0.00391893517893135,-0.0142679302624846));
#7540=CARTESIAN_POINT('',(0.0702597147711479,-0.00409470197344567,-0.0142684063924502));
#7541=CARTESIAN_POINT('',(0.0697929931155734,-0.0044870410606622,-0.0142694691893033));
#7542=CARTESIAN_POINT('',(0.0692370468411102,-0.00481181784341948,-0.0142703484759607));
#7543=CARTESIAN_POINT('',(0.0686447834749826,-0.00502628910680413,-0.0142709290314415));
#7544=CARTESIAN_POINT('',(0.068052520108855,-0.00524076037018879,-0.0142715095869223));
#7545=CARTESIAN_POINT('',(0.0674236429234403,-0.00534475631344328,-0.0142717909886475));
#7546=CARTESIAN_POINT('',(0.0668300000000003,-0.00534475631344327,-0.0142717909886475));
#7547=CARTESIAN_POINT('',(0.0718153475157117,-0.00190028281530335,-0.013863411918497));
#7548=CARTESIAN_POINT('',(0.0718153475198865,-0.00190028279322687,-0.0140629394127975));
#7549=VECTOR('',#10952,1.0);
#7550=CARTESIAN_POINT('',(0.0622657113771961,0.00273772790408448,-0.0138760200057929));
#7551=CARTESIAN_POINT('',(0.0619452243676958,0.00220628245495039,-0.0138745726851398));
#7552=CARTESIAN_POINT('',(0.0617157064507539,0.00160803770036147,-0.0138729444180935));
#7553=CARTESIAN_POINT('',(0.0615979711799875,0.00100248231468447,-0.0138712975112267));
#7554=CARTESIAN_POINT('',(0.0615357010049166,0.000682204120768445,-0.0138704264623196));
#7555=CARTESIAN_POINT('',(0.0615040507154667,0.000360539718624485,-0.01386955197817));
#7556=CARTESIAN_POINT('',(0.0615003696855359,4.80187703193846E-05,-0.0138687026608777));
#7557=CARTESIAN_POINT('',(0.0614975040083472,-0.000195278396346166,-0.0138680414684299));
#7558=CARTESIAN_POINT('',(0.0615111485934623,-0.000441103691003502,-0.01386737359372));
#7559=CARTESIAN_POINT('',(0.0615429686453823,-0.000690181701836302,-0.0138666970814067));
#7560=CARTESIAN_POINT('',(0.0616206642766258,-0.00129836025946862,-0.0138650452283123));
#7561=CARTESIAN_POINT('',(0.0618101670768325,-0.00191301405410607,-0.0138633770450807));
#7562=CARTESIAN_POINT('',(0.0620989738649142,-0.00246960696249132,-0.0138618673984427));
#7563=CARTESIAN_POINT('',(0.0622647508020036,-0.00278909483938866,-0.0138610008516507));
#7564=CARTESIAN_POINT('',(0.0624625137536559,-0.00308992985607143,-0.0138601852248778));
#7565=CARTESIAN_POINT('',(0.062682553672654,-0.00336253004560929,-0.0138594463651594));
#7566=CARTESIAN_POINT('',(0.0628249842173289,-0.0035389825440975,-0.0138589681056118));
#7567=CARTESIAN_POINT('',(0.0629749295977597,-0.00370207289595325,-0.013858526159721));
#7568=CARTESIAN_POINT('',(0.0631343927777669,-0.0038555097888665,-0.0138581104413762));
#7569=CARTESIAN_POINT('',(0.0635325899380297,-0.00423865864514087,-0.0138570723467868));
#7570=CARTESIAN_POINT('',(0.0640134772938995,-0.00457715590789165,-0.0138561557122751));
#7571=CARTESIAN_POINT('',(0.0645395137541514,-0.00482750737261689,-0.0138554779276195));
#7572=CARTESIAN_POINT('',(0.0651016422770323,-0.00509503578500043,-0.0138547536392554));
#7573=CARTESIAN_POINT('',(0.0657157634567939,-0.00526183452410775,-0.0138543022541363));
#7574=CARTESIAN_POINT('',(0.0663166562490224,-0.00531997809894214,-0.0138541449002647));
#7575=CARTESIAN_POINT('',(0.0666515421952315,-0.00535238232533032,-0.0138540572047542));
#7576=CARTESIAN_POINT('',(0.0669760576525579,-0.00535333507626564,-0.0138540546265304));
#7577=CARTESIAN_POINT('',(0.0673106295648693,-0.00532304183905075,-0.0138541366088792));
#7578=CARTESIAN_POINT('',(0.0679146377486052,-0.0052683529589734,-0.0138542846129638));
#7579=CARTESIAN_POINT('',(0.0685334150030716,-0.00510393008388009,-0.0138547295649151));
#7580=CARTESIAN_POINT('',(0.0691001812068956,-0.00483711852379823,-0.0138554519071347));
#7581=CARTESIAN_POINT('',(0.0695940328713124,-0.00460463230259622,-0.013856081319942));
#7582=CARTESIAN_POINT('',(0.0700490845530254,-0.00429476388499513,-0.0138569204087583));
#7583=CARTESIAN_POINT('',(0.0704334240967372,-0.00394212627043186,-0.0138578757725956));
#7584=CARTESIAN_POINT('',(0.0705949523811159,-0.00379392151289449,-0.0138582772880892));
#7585=CARTESIAN_POINT('',(0.0707443991070304,-0.00363904217992379,-0.0138586969530472));
#7586=CARTESIAN_POINT('',(0.0708880147376585,-0.00347039176715499,-0.0138591540273624));
#7587=CARTESIAN_POINT('',(0.0712791554778545,-0.00301106817545235,-0.0138603988806223));
#7588=CARTESIAN_POINT('',(0.0716055656168024,-0.00246290288424902,-0.0138618852195132));
#7589=CARTESIAN_POINT('',(0.071823955221204,-0.00187736503472997,-0.0138634741065151));
#7590=CARTESIAN_POINT('',(0.071997745884484,-0.00141140415933791,-0.0138647385152617));
#7591=CARTESIAN_POINT('',(0.0721042022131362,-0.000921526120340666,-0.0138660685484767));
#7592=CARTESIAN_POINT('',(0.0721427738431133,-0.000442931618587628,-0.0138673686937956));
#7593=CARTESIAN_POINT('',(0.0721680084413891,-0.000129822216783006,-0.0138682192838496));
#7594=CARTESIAN_POINT('',(0.0721659619798467,0.000174422297994589,-0.0138690460915504));
#7595=CARTESIAN_POINT('',(0.0721362110089339,0.000488259321177655,-0.0138698992791738));
#7596=CARTESIAN_POINT('',(0.0720790416552569,0.0010913273631539,-0.013871538761298));
#7597=CARTESIAN_POINT('',(0.0719124404055741,0.00170813166492896,-0.0138732168302797));
#7598=CARTESIAN_POINT('',(0.0716442094756676,0.0022726630019416,-0.0138747536948425));
#7599=CARTESIAN_POINT('',(0.071568460925692,0.00243208693642001,-0.0138751877061706));
#7600=CARTESIAN_POINT('',(0.0714848565944273,0.00258754416830341,-0.0138756110004605));
#7601=CARTESIAN_POINT('',(0.071394288622802,0.00273772790408893,-0.0138760200057929));
#7602=CARTESIAN_POINT('',(0.0668300000000003,-0.00584485423585913,-0.0135279344161553));
#7603=CARTESIAN_POINT('',(0.0668300000000003,-0.00550298256910385,-0.0137508891459506));
#7604=VECTOR('',#10953,1.0);
#7605=CARTESIAN_POINT('',(0.0616150000000004,-0.00264834797813092,-0.0135279344161553));
#7606=AXIS2_PLACEMENT_3D('',#10954,#10955,#10956);
#7607=CARTESIAN_POINT('',(0.0616150000000212,-0.00111597155145694,-0.0138655408002917));
#7609=CARTESIAN_POINT('',(0.0616150000000004,-0.00264834797813113,-0.0135279344161553));
#7610=CARTESIAN_POINT('',(0.0616150000000004,-0.00179373509976229,-0.0137808592516824));
#7611=CARTESIAN_POINT('',(0.0616150000000004,-0.0010176159859796,-0.0138784815887498));
#7618=CARTESIAN_POINT('',(0.0622657113771961,0.00273772790408448,-0.0138760200057929));
#7619=CARTESIAN_POINT('',(0.0619452243676958,0.00220628245495039,-0.0138745726851398));
#7620=CARTESIAN_POINT('',(0.0617157064507539,0.00160803770036147,-0.0138729444180935));
#7621=CARTESIAN_POINT('',(0.0615979711799875,0.00100248231468447,-0.0138712975112267));
#7622=CARTESIAN_POINT('',(0.0615357010049166,0.000682204120768445,-0.0138704264623196));
#7623=CARTESIAN_POINT('',(0.0615040507154667,0.000360539718624485,-0.01386955197817));
#7624=CARTESIAN_POINT('',(0.0615003696855359,4.80187703193846E-05,-0.0138687026608777));
#7625=CARTESIAN_POINT('',(0.0614975040083472,-0.000195278396346166,-0.0138680414684299));
#7626=CARTESIAN_POINT('',(0.0615111485934623,-0.000441103691003502,-0.01386737359372));
#7627=CARTESIAN_POINT('',(0.0615429686453823,-0.000690181701836302,-0.0138666970814067));
#7628=CARTESIAN_POINT('',(0.0616206642766258,-0.00129836025946862,-0.0138650452283123));
#7629=CARTESIAN_POINT('',(0.0618101670768325,-0.00191301405410607,-0.0138633770450807));
#7630=CARTESIAN_POINT('',(0.0620989738649142,-0.00246960696249132,-0.0138618673984427));
#7631=CARTESIAN_POINT('',(0.0622647508020036,-0.00278909483938866,-0.0138610008516507));
#7632=CARTESIAN_POINT('',(0.0624625137536559,-0.00308992985607143,-0.0138601852248778));
#7633=CARTESIAN_POINT('',(0.062682553672654,-0.00336253004560929,-0.0138594463651594));
#7634=CARTESIAN_POINT('',(0.0628249842173289,-0.0035389825440975,-0.0138589681056118));
#7635=CARTESIAN_POINT('',(0.0629749295977597,-0.00370207289595325,-0.013858526159721));
#7636=CARTESIAN_POINT('',(0.0631343927777669,-0.0038555097888665,-0.0138581104413762));
#7637=CARTESIAN_POINT('',(0.0635325899380297,-0.00423865864514087,-0.0138570723467868));
#7638=CARTESIAN_POINT('',(0.0640134772938995,-0.00457715590789165,-0.0138561557122751));
#7639=CARTESIAN_POINT('',(0.0645395137541514,-0.00482750737261689,-0.0138554779276195));
#7640=CARTESIAN_POINT('',(0.0651016422770323,-0.00509503578500043,-0.0138547536392554));
#7641=CARTESIAN_POINT('',(0.0657157634567939,-0.00526183452410775,-0.0138543022541363));
#7642=CARTESIAN_POINT('',(0.0663166562490224,-0.00531997809894214,-0.0138541449002647));
#7643=CARTESIAN_POINT('',(0.0666515421952315,-0.00535238232533032,-0.0138540572047542));
#7644=CARTESIAN_POINT('',(0.0669760576525579,-0.00535333507626564,-0.0138540546265304));
#7645=CARTESIAN_POINT('',(0.0673106295648693,-0.00532304183905075,-0.0138541366088792));
#7646=CARTESIAN_POINT('',(0.0679146377486052,-0.0052683529589734,-0.0138542846129638));
#7647=CARTESIAN_POINT('',(0.0685334150030716,-0.00510393008388009,-0.0138547295649151));
#7648=CARTESIAN_POINT('',(0.0691001812068956,-0.00483711852379823,-0.0138554519071347));
#7649=CARTESIAN_POINT('',(0.0695940328713124,-0.00460463230259622,-0.013856081319942));
#7650=CARTESIAN_POINT('',(0.0700490845530254,-0.00429476388499513,-0.0138569204087583));
#7651=CARTESIAN_POINT('',(0.0704334240967372,-0.00394212627043186,-0.0138578757725956));
#7652=CARTESIAN_POINT('',(0.0705949523811159,-0.00379392151289449,-0.0138582772880892));
#7653=CARTESIAN_POINT('',(0.0707443991070304,-0.00363904217992379,-0.0138586969530472));
#7654=CARTESIAN_POINT('',(0.0708880147376585,-0.00347039176715499,-0.0138591540273624));
#7655=CARTESIAN_POINT('',(0.0712791554778545,-0.00301106817545235,-0.0138603988806223));
#7656=CARTESIAN_POINT('',(0.0716055656168024,-0.00246290288424902,-0.0138618852195132));
#7657=CARTESIAN_POINT('',(0.071823955221204,-0.00187736503472997,-0.0138634741065151));
#7658=CARTESIAN_POINT('',(0.071997745884484,-0.00141140415933791,-0.0138647385152617));
#7659=CARTESIAN_POINT('',(0.0721042022131362,-0.000921526120340666,-0.0138660685484767));
#7660=CARTESIAN_POINT('',(0.0721427738431133,-0.000442931618587628,-0.0138673686937956));
#7661=CARTESIAN_POINT('',(0.0721680084413891,-0.000129822216783006,-0.0138682192838496));
#7662=CARTESIAN_POINT('',(0.0721659619798467,0.000174422297994589,-0.0138690460915504));
#7663=CARTESIAN_POINT('',(0.0721362110089339,0.000488259321177655,-0.0138698992791738));
#7664=CARTESIAN_POINT('',(0.0720790416552569,0.0010913273631539,-0.013871538761298));
#7665=CARTESIAN_POINT('',(0.0719124404055741,0.00170813166492896,-0.0138732168302797));
#7666=CARTESIAN_POINT('',(0.0716442094756676,0.0022726630019416,-0.0138747536948425));
#7667=CARTESIAN_POINT('',(0.071568460925692,0.00243208693642001,-0.0138751877061706));
#7668=CARTESIAN_POINT('',(0.0714848565944273,0.00258754416830341,-0.0138756110004605));
#7669=CARTESIAN_POINT('',(0.071394288622802,0.00273772790408893,-0.0138760200057929));
#7670=CARTESIAN_POINT('',(0.0668300000000003,-0.00534475631344326,-0.0132017909886475));
#7671=CARTESIAN_POINT('',(0.0668300000000003,-0.00550298256910384,-0.0133049796863601));
#7672=VECTOR('',#10957,1.0);
#7673=CARTESIAN_POINT('',(0.0616150000000208,-0.00111597155145361,-0.013190328032019));
#7674=CARTESIAN_POINT('',(0.0713944311378027,0.0027374915657021,-0.0131798494701539));
#7675=CARTESIAN_POINT('',(0.0717147434559343,0.00220627360027834,-0.013181296171017));
#7676=CARTESIAN_POINT('',(0.0719440458951478,0.00160850316426545,-0.013182923146625));
#7677=CARTESIAN_POINT('',(0.0720617742074443,0.00100379100618601,-0.0131845677618818));
#7678=CARTESIAN_POINT('',(0.0721262472324814,0.000672624939608282,-0.0131854684230614));
#7679=CARTESIAN_POINT('',(0.0721579270629268,0.000340107658104722,-0.013186372400656));
#7680=CARTESIAN_POINT('',(0.0721599000871383,1.78789608385036E-05,-0.0131872480794137));
#7681=CARTESIAN_POINT('',(0.0721613006724785,-0.00021086064963024,-0.0131878696951158));
#7682=CARTESIAN_POINT('',(0.0721479419952922,-0.000444335100263506,-0.0131885040098298));
#7683=CARTESIAN_POINT('',(0.072118393188255,-0.000679434796938955,-0.0131891425614787));
#7684=CARTESIAN_POINT('',(0.072041823812471,-0.00128864507736696,-0.0131907972306877));
#7685=CARTESIAN_POINT('',(0.0718531957235524,-0.0019042847423064,-0.0131924681015247));
#7686=CARTESIAN_POINT('',(0.0715650423091862,-0.00246185139337381,-0.0131939803983787));
#7687=CARTESIAN_POINT('',(0.0713983150186193,-0.00278446279552352,-0.0131948554223916));
#7688=CARTESIAN_POINT('',(0.0711990098993178,-0.00308809802060632,-0.0131956786426364));
#7689=CARTESIAN_POINT('',(0.0709771140855022,-0.00336294160727515,-0.0131964235826541));
#7690=CARTESIAN_POINT('',(0.0707580818191057,-0.00363423835982522,-0.0131971589092816));
#7691=CARTESIAN_POINT('',(0.0705227601788223,-0.0038739274193946,-0.0131978083434071));
#7692=CARTESIAN_POINT('',(0.0702565618313523,-0.00409735034370418,-0.0131984135665421));
#7693=CARTESIAN_POINT('',(0.0697860328450811,-0.00449227000824859,-0.0131994833516512));
#7694=CARTESIAN_POINT('',(0.0692250556134146,-0.00481841481088968,-0.0132003663361028));
#7695=CARTESIAN_POINT('',(0.0686277854842354,-0.00503241187681884,-0.0132009456052202));
#7696=CARTESIAN_POINT('',(0.0681146756988977,-0.00521625497091886,-0.0132014432504865));
#7697=CARTESIAN_POINT('',(0.0675746052067307,-0.00531812528952242,-0.0132017189182906));
#7698=CARTESIAN_POINT('',(0.0670542406421247,-0.00534003716372897,-0.0132017782174415));
#7699=CARTESIAN_POINT('',(0.0668350714799772,-0.00534926609174902,-0.0132018031932875));
#7700=CARTESIAN_POINT('',(0.0666195879116021,-0.00534521660753093,-0.0132017922346546));
#7701=CARTESIAN_POINT('',(0.0663985495883945,-0.00532726518800763,-0.0132017436530287));
#7702=CARTESIAN_POINT('',(0.0657941595453929,-0.00527818021911995,-0.0132016108151997));
#7703=CARTESIAN_POINT('',(0.0651729688029773,-0.00511940135732119,-0.0132011811415924));
#7704=CARTESIAN_POINT('',(0.0646025329005192,-0.00485699653060814,-0.0132004707407334));
#7705=CARTESIAN_POINT('',(0.064109637004458,-0.00463026069291597,-0.0131998569054779));
#7706=CARTESIAN_POINT('',(0.0636537774555055,-0.00432652448224371,-0.0131990344410627));
#7707=CARTESIAN_POINT('',(0.0632667494065648,-0.00397861115543495,-0.0131980919029588));
#7708=CARTESIAN_POINT('',(0.0630722756141032,-0.0038037917223277,-0.0131976182965624));
#7709=CARTESIAN_POINT('',(0.0628951514594892,-0.00361968639072675,-0.0131971194414507));
#7710=CARTESIAN_POINT('',(0.0627267103453477,-0.00341650792254409,-0.0131965687665428));
#7711=CARTESIAN_POINT('',(0.0623402806046713,-0.00295038536588083,-0.0131953054338766));
#7712=CARTESIAN_POINT('',(0.0620210444354774,-0.00239676594740426,-0.0131938042283562));
#7713=CARTESIAN_POINT('',(0.0618106544770179,-0.00180781808619853,-0.0131922060014661));
#7714=CARTESIAN_POINT('',(0.0616406989413213,-0.00133205892933802,-0.0131909149345861));
#7715=CARTESIAN_POINT('',(0.0615408037590437,-0.000833046970046028,-0.0131895600104897));
#7716=CARTESIAN_POINT('',(0.0615104211389899,-0.000347894034950395,-0.0131882419507245));
#7717=CARTESIAN_POINT('',(0.0614921886823288,-5.67562118294251E-05,-0.0131874509897243));
#7718=CARTESIAN_POINT('',(0.0614973792571273,0.00022708655912205,-0.0131866795877836));
#7719=CARTESIAN_POINT('',(0.0615268533002058,0.0005195985129206,-0.0131858843543352));
#7720=CARTESIAN_POINT('',(0.0615875592878012,0.00112206852327798,-0.01318424645784));
#7721=CARTESIAN_POINT('',(0.0617576634661722,0.00173746001124023,-0.0131825721913579));
#7722=CARTESIAN_POINT('',(0.0620288585021994,0.00229996620083218,-0.0131810408071955));
#7723=CARTESIAN_POINT('',(0.0621010694924458,0.00244974449163426,-0.013180633046167));
#7724=CARTESIAN_POINT('',(0.0621802234721171,0.00259595156892143,-0.0131802349353467));
#7725=CARTESIAN_POINT('',(0.0622655688621953,0.00273749156569765,-0.0131798494701539));
#7727=CARTESIAN_POINT('',(0.0616150000000004,0.00266325518336966,-0.0135279344161555));
#7728=CARTESIAN_POINT('',(0.0616150000000004,7.45360261920208E-06,-0.0127419432440052));
#7729=CARTESIAN_POINT('',(0.0616150000000004,-0.00264834797813124,-0.0135279344161554));
#7736=CARTESIAN_POINT('',(0.0668300000000003,-0.00534475631344326,-0.0127840778436632));
#7737=CARTESIAN_POINT('',(0.0668300000000003,-0.00534475631344326,-0.0129929394140317));
#7738=VECTOR('',#10958,1.0);
#7739=CARTESIAN_POINT('',(0.0718153475172252,-0.00190028280730008,-0.013192456913792));
#7740=CARTESIAN_POINT('',(0.0713944311378027,0.0027374915657021,-0.0131798494701539));
#7741=CARTESIAN_POINT('',(0.0717147434559343,0.00220627360027834,-0.013181296171017));
#7742=CARTESIAN_POINT('',(0.0719440458951478,0.00160850316426545,-0.013182923146625));
#7743=CARTESIAN_POINT('',(0.0720617742074443,0.00100379100618601,-0.0131845677618818));
#7744=CARTESIAN_POINT('',(0.0721262472324814,0.000672624939608282,-0.0131854684230614));
#7745=CARTESIAN_POINT('',(0.0721579270629268,0.000340107658104722,-0.013186372400656));
#7746=CARTESIAN_POINT('',(0.0721599000871383,1.78789608385036E-05,-0.0131872480794137));
#7747=CARTESIAN_POINT('',(0.0721613006724785,-0.00021086064963024,-0.0131878696951158));
#7748=CARTESIAN_POINT('',(0.0721479419952922,-0.000444335100263506,-0.0131885040098298));
#7749=CARTESIAN_POINT('',(0.072118393188255,-0.000679434796938955,-0.0131891425614787));
#7750=CARTESIAN_POINT('',(0.072041823812471,-0.00128864507736696,-0.0131907972306877));
#7751=CARTESIAN_POINT('',(0.0718531957235524,-0.0019042847423064,-0.0131924681015247));
#7752=CARTESIAN_POINT('',(0.0715650423091862,-0.00246185139337381,-0.0131939803983787));
#7753=CARTESIAN_POINT('',(0.0713983150186193,-0.00278446279552352,-0.0131948554223916));
#7754=CARTESIAN_POINT('',(0.0711990098993178,-0.00308809802060632,-0.0131956786426364));
#7755=CARTESIAN_POINT('',(0.0709771140855022,-0.00336294160727515,-0.0131964235826541));
#7756=CARTESIAN_POINT('',(0.0707580818191057,-0.00363423835982522,-0.0131971589092816));
#7757=CARTESIAN_POINT('',(0.0705227601788223,-0.0038739274193946,-0.0131978083434071));
#7758=CARTESIAN_POINT('',(0.0702565618313523,-0.00409735034370418,-0.0131984135665421));
#7759=CARTESIAN_POINT('',(0.0697860328450811,-0.00449227000824859,-0.0131994833516512));
#7760=CARTESIAN_POINT('',(0.0692250556134146,-0.00481841481088968,-0.0132003663361028));
#7761=CARTESIAN_POINT('',(0.0686277854842354,-0.00503241187681884,-0.0132009456052202));
#7762=CARTESIAN_POINT('',(0.0681146756988977,-0.00521625497091886,-0.0132014432504865));
#7763=CARTESIAN_POINT('',(0.0675746052067307,-0.00531812528952242,-0.0132017189182906));
#7764=CARTESIAN_POINT('',(0.0670542406421247,-0.00534003716372897,-0.0132017782174415));
#7765=CARTESIAN_POINT('',(0.0668350714799772,-0.00534926609174902,-0.0132018031932875));
#7766=CARTESIAN_POINT('',(0.0666195879116021,-0.00534521660753093,-0.0132017922346546));
#7767=CARTESIAN_POINT('',(0.0663985495883945,-0.00532726518800763,-0.0132017436530287));
#7768=CARTESIAN_POINT('',(0.0657941595453929,-0.00527818021911995,-0.0132016108151997));
#7769=CARTESIAN_POINT('',(0.0651729688029773,-0.00511940135732119,-0.0132011811415924));
#7770=CARTESIAN_POINT('',(0.0646025329005192,-0.00485699653060814,-0.0132004707407334));
#7771=CARTESIAN_POINT('',(0.064109637004458,-0.00463026069291597,-0.0131998569054779));
#7772=CARTESIAN_POINT('',(0.0636537774555055,-0.00432652448224371,-0.0131990344410627));
#7773=CARTESIAN_POINT('',(0.0632667494065648,-0.00397861115543495,-0.0131980919029588));
#7774=CARTESIAN_POINT('',(0.0630722756141032,-0.0038037917223277,-0.0131976182965624));
#7775=CARTESIAN_POINT('',(0.0628951514594892,-0.00361968639072675,-0.0131971194414507));
#7776=CARTESIAN_POINT('',(0.0627267103453477,-0.00341650792254409,-0.0131965687665428));
#7777=CARTESIAN_POINT('',(0.0623402806046713,-0.00295038536588083,-0.0131953054338766));
#7778=CARTESIAN_POINT('',(0.0620210444354774,-0.00239676594740426,-0.0131938042283562));
#7779=CARTESIAN_POINT('',(0.0618106544770179,-0.00180781808619853,-0.0131922060014661));
#7780=CARTESIAN_POINT('',(0.0616406989413213,-0.00133205892933802,-0.0131909149345861));
#7781=CARTESIAN_POINT('',(0.0615408037590437,-0.000833046970046028,-0.0131895600104897));
#7782=CARTESIAN_POINT('',(0.0615104211389899,-0.000347894034950395,-0.0131882419507245));
#7783=CARTESIAN_POINT('',(0.0614921886823288,-5.67562118294251E-05,-0.0131874509897243));
#7784=CARTESIAN_POINT('',(0.0614973792571273,0.00022708655912205,-0.0131866795877836));
#7785=CARTESIAN_POINT('',(0.0615268533002058,0.0005195985129206,-0.0131858843543352));
#7786=CARTESIAN_POINT('',(0.0615875592878012,0.00112206852327798,-0.01318424645784));
#7787=CARTESIAN_POINT('',(0.0617576634661722,0.00173746001124023,-0.0131825721913579));
#7788=CARTESIAN_POINT('',(0.0620288585021994,0.00229996620083218,-0.0131810408071955));
#7789=CARTESIAN_POINT('',(0.0621010694924458,0.00244974449163426,-0.013180633046167));
#7790=CARTESIAN_POINT('',(0.0621802234721171,0.00259595156892143,-0.0131802349353467));
#7791=CARTESIAN_POINT('',(0.0622655688621953,0.00273749156569765,-0.0131798494701539));
#7792=CARTESIAN_POINT('',(0.0718153475157117,-0.00190028281530331,-0.012793411918497));
#7793=CARTESIAN_POINT('',(0.0718153475198865,-0.00190028279322686,-0.0129929394140317));
#7794=VECTOR('',#10959,1.0);
#7795=CARTESIAN_POINT('',(0.0668300000000003,-0.00534475631344326,-0.0127840778436632));
#7796=CARTESIAN_POINT('',(0.0674201546726393,-0.00534475631344327,-0.0127840778436632));
#7797=CARTESIAN_POINT('',(0.0680454095560835,-0.00524199224617461,-0.0127843559124296));
#7798=CARTESIAN_POINT('',(0.0686347614997615,-0.00502990695215593,-0.012784930007683));
#7799=CARTESIAN_POINT('',(0.0690965267822124,-0.00486373523295355,-0.0127853798191407));
#7800=CARTESIAN_POINT('',(0.0695367799892949,-0.00463158956239879,-0.0127860082998001));
#7801=CARTESIAN_POINT('',(0.0699294008149868,-0.00435095448558228,-0.0127867683533653));
#7802=CARTESIAN_POINT('',(0.0701644222061417,-0.00418296735437475,-0.0127872233186512));
#7803=CARTESIAN_POINT('',(0.0703823029401522,-0.00399808816524014,-0.0127877241241883));
#7804=CARTESIAN_POINT('',(0.0705793843794962,-0.00380302990108087,-0.0127882526320617));
#7805=CARTESIAN_POINT('',(0.0707444916216034,-0.0036396175972498,-0.01278869539561));
#7806=CARTESIAN_POINT('',(0.0709016482846438,-0.00346270271472724,-0.0127891748280688));
#7807=CARTESIAN_POINT('',(0.0710485343928256,-0.00327249595567229,-0.0127896904034764));
#7808=CARTESIAN_POINT('',(0.0713643632197194,-0.00286352074131622,-0.0127907989737707));
#7809=CARTESIAN_POINT('',(0.0716280948248181,-0.00239538045281874,-0.0127920684696513));
#7810=CARTESIAN_POINT('',(0.0718153475120594,-0.00190028281392195,-0.0127934119185007));
#7811=CARTESIAN_POINT('',(0.0668300000000003,-0.00584485423585911,-0.0124579344161553));
#7812=CARTESIAN_POINT('',(0.0668300000000003,-0.00543893767362572,-0.0127226566094599));
#7813=VECTOR('',#10960,1.0);
#7814=CARTESIAN_POINT('',(0.0616150000000004,-0.00264834797813089,-0.0124579344161553));
#7815=AXIS2_PLACEMENT_3D('',#10961,#10962,#10963);
#7816=CARTESIAN_POINT('',(0.0616150000000212,-0.00111597155145692,-0.0127955408002917));
#7818=CARTESIAN_POINT('',(0.0616150000000004,-0.0026483479781311,-0.0124579344161553));
#7819=CARTESIAN_POINT('',(0.0616150000000004,-0.00176279159557335,-0.0127200170597446));
#7820=CARTESIAN_POINT('',(0.0616150000000004,-0.000960201408035918,-0.012815508223359));
#7827=CARTESIAN_POINT('',(0.0616150000000419,-0.00111597155145692,-0.0127955408002917));
#7828=CARTESIAN_POINT('',(0.061740728180399,-0.0017113796405598,-0.0127939241701101));
#7829=CARTESIAN_POINT('',(0.0619747039589519,-0.00229677878626501,-0.0127923359070368));
#7830=CARTESIAN_POINT('',(0.0622955345697022,-0.00281609943084795,-0.0127909277338771));
#7831=CARTESIAN_POINT('',(0.062458208882443,-0.0030794163529836,-0.0127902137321787));
#7832=CARTESIAN_POINT('',(0.0626424932437384,-0.00332585381267791,-0.0127895457214756));
#7833=CARTESIAN_POINT('',(0.0628411186660923,-0.00354996857071998,-0.0127889383659409));
#7834=CARTESIAN_POINT('',(0.0630185211280991,-0.00375013685420329,-0.0127883959058375));
#7835=CARTESIAN_POINT('',(0.0632054864521092,-0.00393195671187562,-0.0127879032925799));
#7836=CARTESIAN_POINT('',(0.0634123292115034,-0.00410479621318192,-0.0127874350959519));
#7837=CARTESIAN_POINT('',(0.063878229155466,-0.00449410601647876,-0.0127863805133143));
#7838=CARTESIAN_POINT('',(0.0644325287996198,-0.00481626758750802,-0.0127855083100801));
#7839=CARTESIAN_POINT('',(0.0650226434963692,-0.00502897235074981,-0.0127849325375634));
#7840=CARTESIAN_POINT('',(0.0656127581931187,-0.0052416771139916,-0.0127843567650468));
#7841=CARTESIAN_POINT('',(0.0662389790728355,-0.00534475631344325,-0.0127840778436632));
#7842=CARTESIAN_POINT('',(0.0668300000000003,-0.00534475631344326,-0.0127840778436632));
#7843=CARTESIAN_POINT('',(0.0668300000000003,-0.00534475631344326,-0.0121317909886475));
#7844=CARTESIAN_POINT('',(0.0668300000000003,-0.00550298256910384,-0.0122349796863601));
#7845=VECTOR('',#10964,1.0);
#7846=CARTESIAN_POINT('',(0.0616150000000208,-0.00111597155145361,-0.012120328032019));
#7847=CARTESIAN_POINT('',(0.0668300000000003,-0.00534475631344326,-0.0121317909886475));
#7848=CARTESIAN_POINT('',(0.066239114108317,-0.00534475631344325,-0.0121317909886475));
#7849=CARTESIAN_POINT('',(0.0656133097971039,-0.00524176592321458,-0.0121315123075293));
#7850=CARTESIAN_POINT('',(0.0650234706864714,-0.00502927043141725,-0.0121309371016245));
#7851=CARTESIAN_POINT('',(0.0645596864516144,-0.00486218748066462,-0.0121304848233241));
#7852=CARTESIAN_POINT('',(0.0641176182603618,-0.00462854019583471,-0.0121298522767607));
#7853=CARTESIAN_POINT('',(0.063723595885086,-0.00434594015563273,-0.0121290868984379));
#7854=CARTESIAN_POINT('',(0.0634944007039717,-0.00418155718790994,-0.0121286416926975));
#7855=CARTESIAN_POINT('',(0.0632815208442346,-0.00400107612587626,-0.0121281528008288));
#7856=CARTESIAN_POINT('',(0.0630883759627378,-0.00381069487508764,-0.0121276369683363));
#7857=CARTESIAN_POINT('',(0.0629132783113267,-0.00363810262398858,-0.0121271693346238));
#7858=CARTESIAN_POINT('',(0.0627480008502888,-0.0034514277091791,-0.0121266634513721));
#7859=CARTESIAN_POINT('',(0.0625938345546203,-0.00324953641715473,-0.0121261161940368));
#7860=CARTESIAN_POINT('',(0.062221382057483,-0.00276178443778271,-0.0121247940674317));
#7861=CARTESIAN_POINT('',(0.0619242867314618,-0.00219104591292832,-0.0121232461905884));
#7862=CARTESIAN_POINT('',(0.0617386976388901,-0.00159195010868628,-0.0121216201515727));
#7863=CARTESIAN_POINT('',(0.0616899934444657,-0.00143472923905245,-0.0121211934297257));
#7864=CARTESIAN_POINT('',(0.061648719689409,-0.0012756571187998,-0.0121207616044082));
#7865=CARTESIAN_POINT('',(0.0616150000000404,-0.00111597155144948,-0.012120328032019));
#7867=CARTESIAN_POINT('',(0.0616150000000004,-0.000960117391573645,-0.0121003506131989));
#7868=CARTESIAN_POINT('',(0.0616150000000004,-0.0017627463061041,-0.0121958383690335));
#7869=CARTESIAN_POINT('',(0.0616150000000004,-0.00264834797813126,-0.0124579344161554));
#7876=CARTESIAN_POINT('',(0.0668300000000003,-0.00534475631344325,-0.0117140778436632));
#7877=CARTESIAN_POINT('',(0.0668300000000003,-0.00534475631344325,-0.0119229394140317));
#7878=VECTOR('',#10965,1.0);
#7879=CARTESIAN_POINT('',(0.0718153475172252,-0.00190028280730008,-0.012122456913792));
#7880=CARTESIAN_POINT('',(0.0718153475145638,-0.00190028280730008,-0.012122456913792));
#7881=CARTESIAN_POINT('',(0.0715874013647868,-0.00250297429689069,-0.0121240923188609));
#7882=CARTESIAN_POINT('',(0.071244699563241,-0.00306475915659488,-0.0121256155190955));
#7883=CARTESIAN_POINT('',(0.0708364337806922,-0.00353006403268089,-0.012126876524251));
#7884=CARTESIAN_POINT('',(0.0706575462544077,-0.00373394405841189,-0.0121274290518018));
#7885=CARTESIAN_POINT('',(0.0704688047445931,-0.00391893517893812,-0.0121279302624846));
#7886=CARTESIAN_POINT('',(0.0702597147711473,-0.00409470197344614,-0.0121284063924502));
#7887=CARTESIAN_POINT('',(0.0697929931155728,-0.00448704106066253,-0.0121294691893033));
#7888=CARTESIAN_POINT('',(0.0692370468411098,-0.00481181784341968,-0.0121303484759607));
#7889=CARTESIAN_POINT('',(0.0686447834749823,-0.00502628910680425,-0.0121309290314415));
#7890=CARTESIAN_POINT('',(0.0680525201088548,-0.00524076037018882,-0.0121315095869223));
#7891=CARTESIAN_POINT('',(0.0674236429234401,-0.00534475631344326,-0.0121317909886475));
#7892=CARTESIAN_POINT('',(0.0668300000000003,-0.00534475631344326,-0.0121317909886475));
#7893=CARTESIAN_POINT('',(0.0718153475157117,-0.00190028281530334,-0.011723411918497));
#7894=CARTESIAN_POINT('',(0.0718153475198865,-0.00190028279322686,-0.0119229394140317));
#7895=VECTOR('',#10966,1.0);
#7896=CARTESIAN_POINT('',(0.0668300000000003,-0.00534475631344325,-0.0117140778436632));
#7897=CARTESIAN_POINT('',(0.0674201546726393,-0.00534475631344326,-0.0117140778436632));
#7898=CARTESIAN_POINT('',(0.0680454095560836,-0.00524199224617459,-0.0117143559124296));
#7899=CARTESIAN_POINT('',(0.0686347614997616,-0.00502990695215589,-0.011714930007683));
#7900=CARTESIAN_POINT('',(0.0690965267822141,-0.00486373523295292,-0.0117153798191407));
#7901=CARTESIAN_POINT('',(0.0695367799892981,-0.00463158956239709,-0.0117160082998001));
#7902=CARTESIAN_POINT('',(0.069929400814991,-0.00435095448557927,-0.0117167683533653));
#7903=CARTESIAN_POINT('',(0.0701644222061456,-0.00418296735437164,-0.0117172233186512));
#7904=CARTESIAN_POINT('',(0.0703823029401557,-0.00399808816523696,-0.0117177241241883));
#7905=CARTESIAN_POINT('',(0.0705793843794994,-0.00380302990107769,-0.0117182526320617));
#7906=CARTESIAN_POINT('',(0.0707444916216055,-0.00363961759724738,-0.01171869539561));
#7907=CARTESIAN_POINT('',(0.0709016482846452,-0.00346270271472555,-0.0117191748280688));
#7908=CARTESIAN_POINT('',(0.0710485343928262,-0.00327249595567155,-0.0117196904034764));
#7909=CARTESIAN_POINT('',(0.0713643632197197,-0.00286352074131567,-0.0117207989737707));
#7910=CARTESIAN_POINT('',(0.0716280948248182,-0.00239538045281848,-0.0117220684696513));
#7911=CARTESIAN_POINT('',(0.0718153475120593,-0.00190028281392197,-0.0117234119185007));
#7912=CARTESIAN_POINT('',(0.0668300000000003,-0.00583718739544111,-0.0113929344161553));
#7913=CARTESIAN_POINT('',(0.0668300000000003,-0.00543510425341671,-0.0116551566094599));
#7914=VECTOR('',#10967,1.0);
#7915=CARTESIAN_POINT('',(0.0616150000000004,-0.00263141043256856,-0.0113929344161553));
#7916=AXIS2_PLACEMENT_3D('',#10968,#10969,#10970);
#7917=CARTESIAN_POINT('',(0.0616150000000212,-0.00111597155145692,-0.0117255408002917));
#7919=CARTESIAN_POINT('',(0.0616150000000004,-0.00263141043256879,-0.0113929344161553));
#7920=CARTESIAN_POINT('',(0.0616150000000004,-0.00175528542888612,-0.0116509101339466));
#7921=CARTESIAN_POINT('',(0.0616150000000004,-0.000960201408035932,-0.011745508223359));
#7928=CARTESIAN_POINT('',(0.0616150000000419,-0.00111597155145692,-0.0117255408002917));
#7929=CARTESIAN_POINT('',(0.061740728180399,-0.00171137964055981,-0.0117239241701101));
#7930=CARTESIAN_POINT('',(0.0619747039589519,-0.00229677878626502,-0.0117223359070368));
#7931=CARTESIAN_POINT('',(0.0622955345697022,-0.00281609943084795,-0.0117209277338771));
#7932=CARTESIAN_POINT('',(0.0624582088824426,-0.00307941635298294,-0.0117202137321787));
#7933=CARTESIAN_POINT('',(0.0626424932437375,-0.00332585381267666,-0.0117195457214756));
#7934=CARTESIAN_POINT('',(0.0628411186660908,-0.00354996857071829,-0.0117189383659409));
#7935=CARTESIAN_POINT('',(0.0630185211280982,-0.00375013685420249,-0.0117183959058375));
#7936=CARTESIAN_POINT('',(0.063205486452109,-0.00393195671187556,-0.0117179032925799));
#7937=CARTESIAN_POINT('',(0.0634123292115041,-0.00410479621318251,-0.0117174350959519));
#7938=CARTESIAN_POINT('',(0.0638782291554667,-0.00449410601647918,-0.0117163805133143));
#7939=CARTESIAN_POINT('',(0.0644325287996203,-0.00481626758750827,-0.0117155083100801));
#7940=CARTESIAN_POINT('',(0.0650226434963697,-0.00502897235074996,-0.0117149325375634));
#7941=CARTESIAN_POINT('',(0.065612758193119,-0.00524167711399164,-0.0117143567650468));
#7942=CARTESIAN_POINT('',(0.0662389790728356,-0.00534475631344325,-0.0117140778436632));
#7943=CARTESIAN_POINT('',(0.0668300000000003,-0.00534475631344325,-0.0117140778436632));
#7944=CARTESIAN_POINT('',(0.0668300000000003,-0.00534475631344325,-0.0110717909886475));
#7945=CARTESIAN_POINT('',(0.0668300000000003,-0.00549914914889483,-0.0111724796863601));
#7946=VECTOR('',#10971,1.0);
#7947=CARTESIAN_POINT('',(0.0616150000000208,-0.00111597155145359,-0.011060328032019));
#7948=CARTESIAN_POINT('',(0.0668300000000003,-0.00534475631344325,-0.0110717909886475));
#7949=CARTESIAN_POINT('',(0.066239114108317,-0.00534475631344324,-0.0110717909886475));
#7950=CARTESIAN_POINT('',(0.065613309797104,-0.00524176592321458,-0.0110715123075293));
#7951=CARTESIAN_POINT('',(0.0650234706864714,-0.00502927043141726,-0.0110709371016245));
#7952=CARTESIAN_POINT('',(0.0645596864516144,-0.00486218748066462,-0.0110704848233241));
#7953=CARTESIAN_POINT('',(0.0641176182603617,-0.00462854019583467,-0.0110698522767607));
#7954=CARTESIAN_POINT('',(0.0637235958850859,-0.00434594015563262,-0.0110690868984379));
#7955=CARTESIAN_POINT('',(0.0634944007039697,-0.00418155718790849,-0.0110686416926975));
#7956=CARTESIAN_POINT('',(0.063281520844231,-0.00400107612587321,-0.0110681528008288));
#7957=CARTESIAN_POINT('',(0.063088375962733,-0.00381069487508288,-0.0110676369683362));
#7958=CARTESIAN_POINT('',(0.0629132783113234,-0.00363810262398491,-0.0110671693346238));
#7959=CARTESIAN_POINT('',(0.0627480008502867,-0.00345142770917648,-0.0110666634513721));
#7960=CARTESIAN_POINT('',(0.0625938345546193,-0.00324953641715349,-0.0110661161940368));
#7961=CARTESIAN_POINT('',(0.0622213820574821,-0.00276178443778127,-0.0110647940674317));
#7962=CARTESIAN_POINT('',(0.0619242867314611,-0.00219104591292673,-0.0110632461905884));
#7963=CARTESIAN_POINT('',(0.0617386976388896,-0.00159195010868457,-0.0110616201515727));
#7964=CARTESIAN_POINT('',(0.0616899934444654,-0.00143472923905129,-0.0110611934297257));
#7965=CARTESIAN_POINT('',(0.0616487196894088,-0.00127565711879921,-0.0110607616044082));
#7966=CARTESIAN_POINT('',(0.0616150000000404,-0.00111597155144946,-0.011060328032019));
#7968=CARTESIAN_POINT('',(0.0616150000000004,-0.000960117391573485,-0.0110403506131989));
#7969=CARTESIAN_POINT('',(0.0616150000000004,-0.0017552401790154,-0.011134945374503));
#7970=CARTESIAN_POINT('',(0.0616150000000004,-0.00263141043256893,-0.0113929344161554));
#7977=CARTESIAN_POINT('',(0.0668300000000003,-0.00534475631344325,-0.0106540778436632));
#7978=CARTESIAN_POINT('',(0.0668300000000003,-0.00534475631344325,-0.0108629394128976));
#7979=VECTOR('',#10972,1.0);
#7980=CARTESIAN_POINT('',(0.0718153475172252,-0.00190028280730006,-0.011062456913792));
#7981=CARTESIAN_POINT('',(0.0718153475145638,-0.00190028280730007,-0.011062456913792));
#7982=CARTESIAN_POINT('',(0.071587401364787,-0.0025029742968901,-0.0110640923188609));
#7983=CARTESIAN_POINT('',(0.0712446995632416,-0.00306475915659382,-0.0110656155190955));
#7984=CARTESIAN_POINT('',(0.0708364337806933,-0.00353006403267958,-0.0110668765242511));
#7985=CARTESIAN_POINT('',(0.0706575462544076,-0.00373394405841207,-0.0110674290518019));
#7986=CARTESIAN_POINT('',(0.0704688047445917,-0.00391893517893952,-0.0110679302624846));
#7987=CARTESIAN_POINT('',(0.0702597147711444,-0.00409470197344863,-0.0110684063924502));
#7988=CARTESIAN_POINT('',(0.06979299311557,-0.00448704106066435,-0.0110694691893033));
#7989=CARTESIAN_POINT('',(0.0692370468411073,-0.00481181784342081,-0.0110703484759607));
#7990=CARTESIAN_POINT('',(0.0686447834749804,-0.00502628910680493,-0.0110709290314415));
#7991=CARTESIAN_POINT('',(0.0680525201088534,-0.00524076037018904,-0.0110715095869223));
#7992=CARTESIAN_POINT('',(0.0674236429234395,-0.00534475631344325,-0.0110717909886475));
#7993=CARTESIAN_POINT('',(0.0668300000000003,-0.00534475631344325,-0.0110717909886475));
#7994=CARTESIAN_POINT('',(0.0718153475157117,-0.00190028281530333,-0.010663411918497));
#7995=CARTESIAN_POINT('',(0.0718153475198865,-0.00190028279322685,-0.0108629394128976));
#7996=VECTOR('',#10973,1.0);
#7997=CARTESIAN_POINT('',(0.0668300000000003,-0.00534475631344325,-0.0106540778436632));
#7998=CARTESIAN_POINT('',(0.0674201546726392,-0.00534475631344325,-0.0106540778436632));
#7999=CARTESIAN_POINT('',(0.0680454095560834,-0.00524199224617461,-0.0106543559124296));
#8000=CARTESIAN_POINT('',(0.0686347614997613,-0.00502990695215596,-0.010654930007683));
#8001=CARTESIAN_POINT('',(0.0690965267822168,-0.00486373523295199,-0.0106553798191407));
#8002=CARTESIAN_POINT('',(0.0695367799893033,-0.00463158956239434,-0.0106560082998001));
#8003=CARTESIAN_POINT('',(0.069929400814998,-0.00435095448557424,-0.0106567683533653));
#8004=CARTESIAN_POINT('',(0.0701644222061528,-0.00418296735436586,-0.0106572233186512));
#8005=CARTESIAN_POINT('',(0.0703823029401631,-0.00399808816523043,-0.0106577241241883));
#8006=CARTESIAN_POINT('',(0.0705793843795067,-0.00380302990107043,-0.0106582526320617));
#8007=CARTESIAN_POINT('',(0.0707444916216106,-0.00363961759724174,-0.0106586953956101));
#8008=CARTESIAN_POINT('',(0.0709016482846485,-0.00346270271472145,-0.0106591748280688));
#8009=CARTESIAN_POINT('',(0.0710485343928278,-0.00327249595566949,-0.0106596904034764));
#8010=CARTESIAN_POINT('',(0.0713643632197205,-0.0028635207413141,-0.0106607989737707));
#8011=CARTESIAN_POINT('',(0.0716280948248186,-0.00239538045281765,-0.0106620684696513));
#8012=CARTESIAN_POINT('',(0.0718153475120593,-0.00190028281392197,-0.0106634119185007));
#8013=CARTESIAN_POINT('',(0.0668300000000003,-0.00584485423585909,-0.0103279344161553));
#8014=CARTESIAN_POINT('',(0.0668300000000003,-0.00543893767362576,-0.0105926566094599));
#8015=VECTOR('',#10974,1.0);
#8016=CARTESIAN_POINT('',(0.0616150000000004,-0.00264834797813086,-0.0103279344161553));
#8017=AXIS2_PLACEMENT_3D('',#10975,#10976,#10977);
#8018=CARTESIAN_POINT('',(0.0616150000000212,-0.00111597155145694,-0.0106655408002917));
#8020=CARTESIAN_POINT('',(0.0616150000000004,-0.00264834797813108,-0.0103279344161553));
#8021=CARTESIAN_POINT('',(0.0616150000000004,-0.0017627915852962,-0.0105900170627861));
#8022=CARTESIAN_POINT('',(0.0616150000000004,-0.000960201388970863,-0.0106855082256274));
#8029=CARTESIAN_POINT('',(0.0616150000000419,-0.00111597155145694,-0.0106655408002917));
#8030=CARTESIAN_POINT('',(0.0617407281908055,-0.00171137968984199,-0.0106639241699763));
#8031=CARTESIAN_POINT('',(0.0619747040088198,-0.0022967788928,-0.0106623359067479));
#8032=CARTESIAN_POINT('',(0.0622955346319669,-0.00281609953163425,-0.0106609277336039));
#8033=CARTESIAN_POINT('',(0.0624582090169376,-0.00307941655759736,-0.010660213731624));
#8034=CARTESIAN_POINT('',(0.0626424934581826,-0.00332585408987246,-0.0106595457207242));
#8035=CARTESIAN_POINT('',(0.0628411189419486,-0.00354996888197657,-0.0106589383650974));
#8036=CARTESIAN_POINT('',(0.0630185206417661,-0.00375013627399335,-0.01065839590741));
#8037=CARTESIAN_POINT('',(0.063205485153922,-0.00393195543282225,-0.0106579032960454));
#8038=CARTESIAN_POINT('',(0.0634123269494134,-0.00410479432295996,-0.0106574351010722));
#8039=CARTESIAN_POINT('',(0.0638782270665671,-0.00449410470857409,-0.0106563805168557));
#8040=CARTESIAN_POINT('',(0.0644325270198972,-0.00481626676229111,-0.0106555083123141));
#8041=CARTESIAN_POINT('',(0.06502264211478,-0.00502897185276059,-0.0106549325389114));
#8042=CARTESIAN_POINT('',(0.0656127572096627,-0.00524167694323007,-0.0106543567655088));
#8043=CARTESIAN_POINT('',(0.066238978576993,-0.00534475631344324,-0.0106540778436632));
#8044=CARTESIAN_POINT('',(0.0668300000000003,-0.00534475631344325,-0.0106540778436632));
#8045=CARTESIAN_POINT('',(0.0668300000000003,-0.00534475631344324,-0.0100017909886475));
#8046=CARTESIAN_POINT('',(0.0668300000000003,-0.00550298256910382,-0.0101049796863601));
#8047=VECTOR('',#10978,1.0);
#8048=CARTESIAN_POINT('',(0.0616150000000208,-0.0011159715514536,-0.00999032803201901));
#8049=CARTESIAN_POINT('',(0.0668300000000003,-0.00534475631344324,-0.0100017909886475));
#8050=CARTESIAN_POINT('',(0.066239114108317,-0.00534475631344324,-0.0100017909886475));
#8051=CARTESIAN_POINT('',(0.0656133097971039,-0.00524176592321457,-0.0100015123075293));
#8052=CARTESIAN_POINT('',(0.0650234706864714,-0.00502927043141722,-0.0100009371016245));
#8053=CARTESIAN_POINT('',(0.0645596864516144,-0.00486218748066461,-0.0100004848233241));
#8054=CARTESIAN_POINT('',(0.0641176182603618,-0.00462854019583472,-0.00999985227676066));
#8055=CARTESIAN_POINT('',(0.0637235958850861,-0.00434594015563277,-0.00999908689843789));
#8056=CARTESIAN_POINT('',(0.0634944007039702,-0.00418155718790882,-0.00999864169269751));
#8057=CARTESIAN_POINT('',(0.0632815208442317,-0.00400107612587377,-0.00999815280082884));
#8058=CARTESIAN_POINT('',(0.0630883759627338,-0.00381069487508367,-0.00999763696833625));
#8059=CARTESIAN_POINT('',(0.062913278311324,-0.0036381026239855,-0.0099971693346238));
#8060=CARTESIAN_POINT('',(0.062748000850287,-0.0034514277091769,-0.00999666345137209));
#8061=CARTESIAN_POINT('',(0.0625938345546195,-0.00324953641715365,-0.00999611619403678));
#8062=CARTESIAN_POINT('',(0.0622213820574822,-0.00276178443778143,-0.00999479406743169));
#8063=CARTESIAN_POINT('',(0.0619242867314612,-0.00219104591292684,-0.00999324619058841));
#8064=CARTESIAN_POINT('',(0.0617386976388896,-0.00159195010868468,-0.00999162015157271));
#8065=CARTESIAN_POINT('',(0.0616899934444654,-0.00143472923905137,-0.00999119342972573));
#8066=CARTESIAN_POINT('',(0.0616487196894088,-0.00127565711879925,-0.00999076160440818));
#8067=CARTESIAN_POINT('',(0.0616150000000404,-0.00111597155144947,-0.00999032803201899));
#8069=CARTESIAN_POINT('',(0.0616150000000004,-0.00096011739157352,-0.00997035061319893));
#8070=CARTESIAN_POINT('',(0.0616150000000004,-0.00176274630610408,-0.0100658383690335));
#8071=CARTESIAN_POINT('',(0.0616150000000004,-0.00264834797813127,-0.0103279344161554));
#8078=CARTESIAN_POINT('',(0.0668300000000003,-0.00534475631344324,-0.00958407784366318));
#8079=CARTESIAN_POINT('',(0.0668300000000003,-0.00534475631344324,-0.00979293941403174));
#8080=VECTOR('',#10979,1.0);
#8081=CARTESIAN_POINT('',(0.0718153475172252,-0.00190028280730007,-0.00999245691379204));
#8082=CARTESIAN_POINT('',(0.0718153475145638,-0.00190028280730006,-0.00999245691379204));
#8083=CARTESIAN_POINT('',(0.0715874013647871,-0.00250297429688989,-0.00999409231886094));
#8084=CARTESIAN_POINT('',(0.0712446995632419,-0.00306475915659344,-0.00999561551909552));
#8085=CARTESIAN_POINT('',(0.0708364337806937,-0.00353006403267909,-0.00999687652425106));
#8086=CARTESIAN_POINT('',(0.0706575462544083,-0.00373394405841133,-0.00999742905180186));
#8087=CARTESIAN_POINT('',(0.0704688047445927,-0.0039189351789386,-0.00999793026248458));
#8088=CARTESIAN_POINT('',(0.0702597147711457,-0.00409470197344752,-0.00999840639245016));
#8089=CARTESIAN_POINT('',(0.0697929931155712,-0.00448704106066354,-0.00999946918930333));
#8090=CARTESIAN_POINT('',(0.0692370468411084,-0.0048118178434203,-0.0100003484759607));
#8091=CARTESIAN_POINT('',(0.0686447834749812,-0.00502628910680462,-0.0100009290314415));
#8092=CARTESIAN_POINT('',(0.068052520108854,-0.00524076037018893,-0.0100015095869223));
#8093=CARTESIAN_POINT('',(0.0674236429234398,-0.00534475631344325,-0.0100017909886475));
#8094=CARTESIAN_POINT('',(0.0668300000000003,-0.00534475631344324,-0.0100017909886475));
#8095=CARTESIAN_POINT('',(0.0718153475157117,-0.00190028281530334,-0.00959341191849698));
#8096=CARTESIAN_POINT('',(0.0718153475198865,-0.00190028279322684,-0.00979293941403174));
#8097=VECTOR('',#10980,1.0);
#8098=CARTESIAN_POINT('',(0.0668300000000003,-0.00534475631344324,-0.00958407784366318));
#8099=CARTESIAN_POINT('',(0.0674201546726393,-0.00534475631344324,-0.00958407784366318));
#8100=CARTESIAN_POINT('',(0.0680454095560835,-0.00524199224617459,-0.00958435591242963));
#8101=CARTESIAN_POINT('',(0.0686347614997614,-0.00502990695215592,-0.00958493000768304));
#8102=CARTESIAN_POINT('',(0.069096526782222,-0.0048637352329501,-0.00958537981914068));
#8103=CARTESIAN_POINT('',(0.0695367799893131,-0.00463158956238911,-0.00958600829980013));
#8104=CARTESIAN_POINT('',(0.0699294008150111,-0.00435095448556486,-0.0095867683533653));
#8105=CARTESIAN_POINT('',(0.0701644222061648,-0.00418296735435623,-0.00958722331865126));
#8106=CARTESIAN_POINT('',(0.0703823029401739,-0.00399808816522072,-0.00958772412418834));
#8107=CARTESIAN_POINT('',(0.0705793843795165,-0.00380302990106082,-0.00958825263206171));
#8108=CARTESIAN_POINT('',(0.0707444916216172,-0.00363961759723435,-0.00958869539561007));
#8109=CARTESIAN_POINT('',(0.0709016482846527,-0.00346270271471617,-0.00958917482806878));
#8110=CARTESIAN_POINT('',(0.0710485343928297,-0.00327249595566701,-0.00958969040347643));
#8111=CARTESIAN_POINT('',(0.0713643632197216,-0.00286352074131221,-0.00959079897377073));
#8112=CARTESIAN_POINT('',(0.0716280948248189,-0.00239538045281669,-0.00959206846965131));
#8113=CARTESIAN_POINT('',(0.0718153475120593,-0.00190028281392197,-0.00959341191850073));
#8114=CARTESIAN_POINT('',(0.0668300000000003,-0.00584485423585909,-0.00925793441615532));
#8115=CARTESIAN_POINT('',(0.0668300000000003,-0.00543893767362569,-0.00952265660945995));
#8116=VECTOR('',#10981,1.0);
#8117=CARTESIAN_POINT('',(0.0616150000000004,-0.00264834797813084,-0.00925793441615533));
#8118=AXIS2_PLACEMENT_3D('',#10982,#10983,#10984);
#8119=CARTESIAN_POINT('',(0.0616150000000212,-0.00111597155145685,-0.0095955408002917));
#8121=CARTESIAN_POINT('',(0.0616150000000004,-0.00264834797813109,-0.00925793441615527));
#8122=CARTESIAN_POINT('',(0.0616150000000004,-0.00176279159557319,-0.00952001705974461));
#8123=CARTESIAN_POINT('',(0.0616150000000004,-0.00096020140803571,-0.00961550822335906));
#8130=CARTESIAN_POINT('',(0.0616150000000419,-0.00111597155145684,-0.0095955408002917));
#8131=CARTESIAN_POINT('',(0.061740728180399,-0.00171137964055972,-0.00959392417011013));
#8132=CARTESIAN_POINT('',(0.0619747039589519,-0.00229677878626495,-0.00959233590703684));
#8133=CARTESIAN_POINT('',(0.0622955345697022,-0.0028160994308479,-0.00959092773387714));
#8134=CARTESIAN_POINT('',(0.0624582088824422,-0.00307941635298224,-0.00959021373217875));
#8135=CARTESIAN_POINT('',(0.0626424932437366,-0.00332585381267539,-0.00958954572147556));
#8136=CARTESIAN_POINT('',(0.0628411186660893,-0.00354996857071657,-0.00958893836594093));
#8137=CARTESIAN_POINT('',(0.063018521128097,-0.00375013685420128,-0.00958839590583749));
#8138=CARTESIAN_POINT('',(0.0632054864521081,-0.00393195671187476,-0.00958790329257993));
#8139=CARTESIAN_POINT('',(0.0634123292115036,-0.00410479621318209,-0.00958743509595188));
#8140=CARTESIAN_POINT('',(0.0638782291554662,-0.00449410601647886,-0.00958638051331428));
#8141=CARTESIAN_POINT('',(0.0644325287996199,-0.00481626758750808,-0.00958550831008008));
#8142=CARTESIAN_POINT('',(0.0650226434963694,-0.00502897235074983,-0.00958493253756342));
#8143=CARTESIAN_POINT('',(0.0656127581931188,-0.00524167711399159,-0.00958435676504676));
#8144=CARTESIAN_POINT('',(0.0662389790728355,-0.00534475631344323,-0.00958407784366318));
#8145=CARTESIAN_POINT('',(0.0668300000000003,-0.00534475631344324,-0.00958407784366318));
#8146=CARTESIAN_POINT('',(0.0668300000000003,-0.00534475631344323,-0.00893179098864749));
#8147=CARTESIAN_POINT('',(0.0668300000000003,-0.00550298256910381,-0.00903497968636009));
#8148=VECTOR('',#10985,1.0);
#8149=CARTESIAN_POINT('',(0.0616150000000208,-0.00111597155145354,-0.008920328032019));
#8150=CARTESIAN_POINT('',(0.0668300000000003,-0.00534475631344323,-0.00893179098864749));
#8151=CARTESIAN_POINT('',(0.066239114108317,-0.00534475631344323,-0.00893179098864748));
#8152=CARTESIAN_POINT('',(0.065613309797104,-0.00524176592321456,-0.00893151230752932));
#8153=CARTESIAN_POINT('',(0.0650234706864715,-0.00502927043141724,-0.0089309371016245));
#8154=CARTESIAN_POINT('',(0.0645596864516144,-0.00486218748066461,-0.00893048482332412));
#8155=CARTESIAN_POINT('',(0.0641176182603617,-0.00462854019583467,-0.00892985227676066));
#8156=CARTESIAN_POINT('',(0.063723595885086,-0.00434594015563265,-0.00892908689843789));
#8157=CARTESIAN_POINT('',(0.0634944007039708,-0.00418155718790924,-0.00892864169269751));
#8158=CARTESIAN_POINT('',(0.0632815208442329,-0.00400107612587482,-0.00892815280082884));
#8159=CARTESIAN_POINT('',(0.0630883759627356,-0.00381069487508541,-0.00892763696833625));
#8160=CARTESIAN_POINT('',(0.0629132783113252,-0.00363810262398685,-0.00892716933462381));
#8161=CARTESIAN_POINT('',(0.0627480008502878,-0.00345142770917785,-0.00892666345137209));
#8162=CARTESIAN_POINT('',(0.0625938345546198,-0.0032495364171541,-0.00892611619403678));
#8163=CARTESIAN_POINT('',(0.0622213820574826,-0.00276178443778196,-0.00892479406743169));
#8164=CARTESIAN_POINT('',(0.0619242867314615,-0.00219104591292747,-0.0089232461905884));
#8165=CARTESIAN_POINT('',(0.0617386976388899,-0.00159195010868535,-0.00892162015157271));
#8166=CARTESIAN_POINT('',(0.0616899934444655,-0.0014347292390518,-0.00892119342972573));
#8167=CARTESIAN_POINT('',(0.0616487196894089,-0.00127565711879944,-0.00892076160440818));
#8168=CARTESIAN_POINT('',(0.0616150000000404,-0.00111597155144941,-0.00892032803201898));
#8170=CARTESIAN_POINT('',(0.0616150000000004,-0.000960117391573437,-0.00890035061319893));
#8171=CARTESIAN_POINT('',(0.0616150000000004,-0.001762746306104,-0.0089958383690335));
#8172=CARTESIAN_POINT('',(0.0616150000000004,-0.00264834797813122,-0.00925793441615545));
#8179=CARTESIAN_POINT('',(0.0668300000000003,-0.00534475631344323,-0.00851407784366318));
#8180=CARTESIAN_POINT('',(0.0668300000000003,-0.00534475631344323,-0.00872293941403174));
#8181=VECTOR('',#10986,1.0);
#8182=CARTESIAN_POINT('',(0.0718153475172252,-0.0019002828073001,-0.00892245691379204));
#8183=CARTESIAN_POINT('',(0.0718153475145638,-0.00190028280730012,-0.00892245691379205));
#8184=CARTESIAN_POINT('',(0.0715874013647852,-0.00250297429689488,-0.00892409231886096));
#8185=CARTESIAN_POINT('',(0.0712446995632362,-0.00306475915660256,-0.00892561551909554));
#8186=CARTESIAN_POINT('',(0.0708364337806838,-0.00353006403269047,-0.00892687652425108));
#8187=CARTESIAN_POINT('',(0.0706575462544013,-0.00373394405841811,-0.00892742905180187));
#8188=CARTESIAN_POINT('',(0.0704688047445891,-0.0039189351789416,-0.00892793026248458));
#8189=CARTESIAN_POINT('',(0.0702597147711461,-0.00409470197344716,-0.00892840639245016));
#8190=CARTESIAN_POINT('',(0.0697929931155716,-0.00448704106066328,-0.00892946918930332));
#8191=CARTESIAN_POINT('',(0.0692370468411087,-0.00481181784342013,-0.00893034847596072));
#8192=CARTESIAN_POINT('',(0.0686447834749815,-0.00502628910680451,-0.00893092903144152));
#8193=CARTESIAN_POINT('',(0.0680525201088543,-0.00524076037018889,-0.00893150958692232));
#8194=CARTESIAN_POINT('',(0.0674236429234399,-0.00534475631344324,-0.00893179098864749));
#8195=CARTESIAN_POINT('',(0.0668300000000003,-0.00534475631344323,-0.00893179098864749));
#8196=CARTESIAN_POINT('',(0.0718153475157117,-0.00190028281530335,-0.00852341191849698));
#8197=CARTESIAN_POINT('',(0.0718153475198865,-0.00190028279322687,-0.00872293941403174));
#8198=VECTOR('',#10987,1.0);
#8199=CARTESIAN_POINT('',(0.0668300000000003,-0.00534475631344323,-0.00851407784366318));
#8200=CARTESIAN_POINT('',(0.0674201546726393,-0.00534475631344324,-0.00851407784366318));
#8201=CARTESIAN_POINT('',(0.0680454095560837,-0.00524199224617455,-0.00851435591242962));
#8202=CARTESIAN_POINT('',(0.0686347614997617,-0.00502990695215583,-0.00851493000768304));
#8203=CARTESIAN_POINT('',(0.0690965267822104,-0.00486373523295424,-0.00851537981914067));
#8204=CARTESIAN_POINT('',(0.0695367799892909,-0.00463158956240093,-0.00851600829980009));
#8205=CARTESIAN_POINT('',(0.0699294008149812,-0.00435095448558623,-0.00851676835336524));
#8206=CARTESIAN_POINT('',(0.0701644222061381,-0.00418296735437779,-0.0085172233186512));
#8207=CARTESIAN_POINT('',(0.0703823029401503,-0.00399808816524197,-0.00851772412418828));
#8208=CARTESIAN_POINT('',(0.0705793843794957,-0.00380302990108135,-0.00851825263206165));
#8209=CARTESIAN_POINT('',(0.070744491621603,-0.00363961759725023,-0.00851869539561003));
#8210=CARTESIAN_POINT('',(0.0709016482846435,-0.00346270271472763,-0.00851917482806874));
#8211=CARTESIAN_POINT('',(0.0710485343928254,-0.00327249595567262,-0.00851969040347641));
#8212=CARTESIAN_POINT('',(0.0713643632197192,-0.00286352074131649,-0.00852079897377071));
#8213=CARTESIAN_POINT('',(0.0716280948248181,-0.00239538045281889,-0.0085220684696513));
#8214=CARTESIAN_POINT('',(0.0718153475120593,-0.00190028281392198,-0.00852341191850073));
#8215=CARTESIAN_POINT('',(0.0668300000000003,-0.00584485423585908,-0.00818793441615532));
#8216=CARTESIAN_POINT('',(0.0668300000000003,-0.00543893767362568,-0.00845265660945994));
#8217=VECTOR('',#10988,1.0);
#8218=CARTESIAN_POINT('',(0.0616150000000004,-0.00264834797813082,-0.00818793441615533));
#8219=AXIS2_PLACEMENT_3D('',#10989,#10990,#10991);
#8220=CARTESIAN_POINT('',(0.0616150000000212,-0.00111597155145683,-0.0085255408002917));
#8222=CARTESIAN_POINT('',(0.0616150000000004,-0.00264834797813109,-0.00818793441615526));
#8223=CARTESIAN_POINT('',(0.0616150000000004,-0.00176279159557322,-0.00845001705974461));
#8224=CARTESIAN_POINT('',(0.0616150000000004,-0.00096020140803578,-0.00854550822335905));
#8231=CARTESIAN_POINT('',(0.0616150000000419,-0.00111597155145683,-0.0085255408002917));
#8232=CARTESIAN_POINT('',(0.061740728180399,-0.00171137964055972,-0.00852392417011013));
#8233=CARTESIAN_POINT('',(0.0619747039589519,-0.00229677878626494,-0.00852233590703684));
#8234=CARTESIAN_POINT('',(0.0622955345697022,-0.00281609943084789,-0.00852092773387714));
#8235=CARTESIAN_POINT('',(0.0624582088824426,-0.00307941635298289,-0.00852021373217874));
#8236=CARTESIAN_POINT('',(0.0626424932437375,-0.00332585381267662,-0.00851954572147556));
#8237=CARTESIAN_POINT('',(0.0628411186660908,-0.00354996857071825,-0.00851893836594093));
#8238=CARTESIAN_POINT('',(0.0630185211280981,-0.00375013685420229,-0.00851839590583749));
#8239=CARTESIAN_POINT('',(0.0632054864521087,-0.00393195671187522,-0.00851790329257993));
#8240=CARTESIAN_POINT('',(0.0634123292115036,-0.00410479621318206,-0.00851743509595188));
#8241=CARTESIAN_POINT('',(0.0638782291554662,-0.00449410601647885,-0.00851638051331428));
#8242=CARTESIAN_POINT('',(0.0644325287996199,-0.00481626758750805,-0.00851550831008008));
#8243=CARTESIAN_POINT('',(0.0650226434963694,-0.00502897235074982,-0.00851493253756342));
#8244=CARTESIAN_POINT('',(0.0656127581931188,-0.00524167711399158,-0.00851435676504676));
#8245=CARTESIAN_POINT('',(0.0662389790728355,-0.00534475631344322,-0.00851407784366318));
#8246=CARTESIAN_POINT('',(0.0668300000000003,-0.00534475631344323,-0.00851407784366318));
#8247=CARTESIAN_POINT('',(0.0668300000000003,-0.00534475631344323,-0.0078617909886475));
#8248=CARTESIAN_POINT('',(0.0668300000000003,-0.00550298256910379,-0.00796497968636009));
#8249=VECTOR('',#10992,1.0);
#8250=CARTESIAN_POINT('',(0.0616150000000208,-0.00111597155145354,-0.00785032803201902));
#8251=CARTESIAN_POINT('',(0.0668300000000003,-0.00534475631344323,-0.0078617909886475));
#8252=CARTESIAN_POINT('',(0.066239114108317,-0.00534475631344322,-0.00786179098864749));
#8253=CARTESIAN_POINT('',(0.0656133097971039,-0.00524176592321455,-0.00786151230752933));
#8254=CARTESIAN_POINT('',(0.0650234706864714,-0.00502927043141721,-0.00786093710162451));
#8255=CARTESIAN_POINT('',(0.0645596864516144,-0.0048621874806646,-0.00786048482332413));
#8256=CARTESIAN_POINT('',(0.0641176182603618,-0.00462854019583471,-0.00785985227676066));
#8257=CARTESIAN_POINT('',(0.0637235958850861,-0.00434594015563274,-0.00785908689843789));
#8258=CARTESIAN_POINT('',(0.0634944007039719,-0.00418155718791005,-0.00785864169269752));
#8259=CARTESIAN_POINT('',(0.0632815208442349,-0.00400107612587649,-0.00785815280082885));
#8260=CARTESIAN_POINT('',(0.0630883759627382,-0.003810694875088,-0.00785763696833626));
#8261=CARTESIAN_POINT('',(0.062913278311327,-0.00363810262398883,-0.00785716933462382));
#8262=CARTESIAN_POINT('',(0.0627480008502889,-0.00345142770917924,-0.0078566634513721));
#8263=CARTESIAN_POINT('',(0.0625938345546203,-0.00324953641715472,-0.00785611619403679));
#8264=CARTESIAN_POINT('',(0.0622213820574829,-0.0027617844377826,-0.0078547940674317));
#8265=CARTESIAN_POINT('',(0.0619242867314617,-0.0021910459129281,-0.00785324619058841));
#8266=CARTESIAN_POINT('',(0.06173869763889,-0.00159195010868596,-0.00785162015157272));
#8267=CARTESIAN_POINT('',(0.0616899934444656,-0.00143472923905221,-0.00785119342972573));
#8268=CARTESIAN_POINT('',(0.0616487196894089,-0.00127565711879965,-0.00785076160440818));
#8269=CARTESIAN_POINT('',(0.0616150000000404,-0.00111597155144941,-0.00785032803201899));
#8271=CARTESIAN_POINT('',(0.0616150000000004,-0.000960117391573388,-0.00783035061319893));
#8272=CARTESIAN_POINT('',(0.0616150000000004,-0.00176274630610397,-0.0079258383690335));
#8273=CARTESIAN_POINT('',(0.0616150000000004,-0.0026483479781312,-0.00818793441615544));
#8280=CARTESIAN_POINT('',(0.0668300000000003,-0.00534475631344322,-0.00744407784366318));
#8281=CARTESIAN_POINT('',(0.0668300000000003,-0.00534475631344322,-0.00765293941289758));
#8282=VECTOR('',#10993,1.0);
#8283=CARTESIAN_POINT('',(0.0718153475172252,-0.0019002828073001,-0.00785245691379204));
#8284=CARTESIAN_POINT('',(0.0718153475145638,-0.00190028280730011,-0.00785245691379205));
#8285=CARTESIAN_POINT('',(0.0715874013647871,-0.00250297429688984,-0.00785409231886094));
#8286=CARTESIAN_POINT('',(0.0712446995632419,-0.00306475915659333,-0.00785561551909552));
#8287=CARTESIAN_POINT('',(0.0708364337806938,-0.00353006403267895,-0.00785687652425106));
#8288=CARTESIAN_POINT('',(0.0706575462544078,-0.00373394405841192,-0.00785742905180186));
#8289=CARTESIAN_POINT('',(0.0704688047445915,-0.0039189351789398,-0.00785793026248459));
#8290=CARTESIAN_POINT('',(0.0702597147711436,-0.00409470197344926,-0.00785840639245017));
#8291=CARTESIAN_POINT('',(0.0697929931155692,-0.0044870410606648,-0.00785946918930333));
#8292=CARTESIAN_POINT('',(0.0692370468411067,-0.00481181784342107,-0.00786034847596073));
#8293=CARTESIAN_POINT('',(0.0686447834749799,-0.00502628910680508,-0.00786092903144153));
#8294=CARTESIAN_POINT('',(0.0680525201088531,-0.00524076037018908,-0.00786150958692233));
#8295=CARTESIAN_POINT('',(0.0674236429234394,-0.00534475631344323,-0.0078617909886475));
#8296=CARTESIAN_POINT('',(0.0668300000000003,-0.00534475631344323,-0.0078617909886475));
#8297=CARTESIAN_POINT('',(0.0718153475157117,-0.00190028281530331,-0.00745341191849699));
#8298=CARTESIAN_POINT('',(0.0718153475198865,-0.00190028279322686,-0.00765293941289759));
#8299=VECTOR('',#10994,1.0);
#8300=CARTESIAN_POINT('',(0.0668300000000003,-0.00534475631344322,-0.00744407784366318));
#8301=CARTESIAN_POINT('',(0.0674201546726393,-0.00534475631344323,-0.00744407784366318));
#8302=CARTESIAN_POINT('',(0.0680454095560836,-0.00524199224617457,-0.00744435591242963));
#8303=CARTESIAN_POINT('',(0.0686347614997615,-0.00502990695215588,-0.00744493000768304));
#8304=CARTESIAN_POINT('',(0.0690965267822099,-0.00486373523295442,-0.00744537981914067));
#8305=CARTESIAN_POINT('',(0.0695367799892901,-0.00463158956240133,-0.0074460082998001));
#8306=CARTESIAN_POINT('',(0.0699294008149803,-0.0043509544855869,-0.00744676835336524));
#8307=CARTESIAN_POINT('',(0.0701644222061363,-0.00418296735437916,-0.0074472233186512));
#8308=CARTESIAN_POINT('',(0.0703823029401477,-0.00399808816524415,-0.00744772412418828));
#8309=CARTESIAN_POINT('',(0.0705793843794926,-0.0038030299010844,-0.00744825263206164));
#8310=CARTESIAN_POINT('',(0.0707444916216009,-0.00363961759725253,-0.00744869539561002));
#8311=CARTESIAN_POINT('',(0.0709016482846422,-0.0034627027147292,-0.00744917482806875));
#8312=CARTESIAN_POINT('',(0.0710485343928249,-0.00327249595567324,-0.00744969040347641));
#8313=CARTESIAN_POINT('',(0.0713643632197189,-0.00286352074131695,-0.00745079897377072));
#8314=CARTESIAN_POINT('',(0.071628094824818,-0.00239538045281913,-0.0074520684696513));
#8315=CARTESIAN_POINT('',(0.0718153475120594,-0.00190028281392195,-0.00745341191850073));
#8316=CARTESIAN_POINT('',(0.0668300000000004,0.00586470942532064,-0.00711470754305426));
#8317=CARTESIAN_POINT('',(0.0668300000000004,0.00552036376645379,-0.00733927570940007));
#8318=VECTOR('',#10995,1.0);
#8319=CARTESIAN_POINT('',(0.0616150000000212,0.00108645892457045,-0.00746152590685508));
#8320=CARTESIAN_POINT('',(0.0668300000000004,0.00531524368655678,-0.00747304664287071));
#8321=CARTESIAN_POINT('',(0.0662405416940058,0.00531524368655678,-0.00747304664287071));
#8322=CARTESIAN_POINT('',(0.0656160632823795,0.00521273256352041,-0.00747276686399605));
#8323=CARTESIAN_POINT('',(0.0650273249109043,0.00500114465479293,-0.00747218960582134));
#8324=CARTESIAN_POINT('',(0.0645622159701292,0.00483398818448766,-0.00747173356634574));
#8325=CARTESIAN_POINT('',(0.06411888907244,0.00459988133429493,-0.00747109495851769));
#8326=CARTESIAN_POINT('',(0.0637240135019663,0.00431672702070799,-0.00747032286778175));
#8327=CARTESIAN_POINT('',(0.063485921182535,0.00414599762562793,-0.00746985733157774));
#8328=CARTESIAN_POINT('',(0.0632655223959475,0.00395794035721981,-0.00746934464254166));
#8329=CARTESIAN_POINT('',(0.0630665898692501,0.00375958391867236,-0.00746880401135809));
#8330=CARTESIAN_POINT('',(0.0629098061448912,0.00360325422386411,-0.00746837792633382));
#8331=CARTESIAN_POINT('',(0.0627596236170017,0.00343393675241736,-0.00746791652093185));
#8332=CARTESIAN_POINT('',(0.0626190908936798,0.00325283370036001,-0.00746742311137886));
#8333=CARTESIAN_POINT('',(0.0622436986212232,0.00276906960148214,-0.00746610511135033));
#8334=CARTESIAN_POINT('',(0.0619423443634541,0.00220161997937546,-0.00746455991450364));
#8335=CARTESIAN_POINT('',(0.061751970324853,0.00160466167408261,-0.00746293562273215));
#8336=CARTESIAN_POINT('',(0.0616974479813585,0.00143369526494302,-0.00746247043223374));
#8337=CARTESIAN_POINT('',(0.0616517352484891,0.00126042520658128,-0.00746199906771294));
#8338=CARTESIAN_POINT('',(0.0616150000000411,0.00108645892456625,-0.00746152590685507));
#8339=CARTESIAN_POINT('',(0.0616150000000004,0.00267414083073012,-0.00711470754305424));
#8341=CARTESIAN_POINT('',(0.0616150000000004,0.000975108594209365,-0.00747550822562739));
#8342=CARTESIAN_POINT('',(0.0616150000000004,0.00178251602305055,-0.00737944391457586));
#8343=CARTESIAN_POINT('',(0.0616150000000004,0.00267414083073042,-0.00711470754305415));
#8350=AXIS2_PLACEMENT_3D('',#10996,#10997,#10998);
#8351=CARTESIAN_POINT('',(0.0668300000000003,-0.00584980222008222,-0.00711470754305417));
#8352=CARTESIAN_POINT('',(0.0668300000000003,-0.00550545656121537,-0.00733927570939999));
#8353=VECTOR('',#10999,1.0);
#8354=CARTESIAN_POINT('',(0.0616150000000004,-0.00265923362549161,-0.0071147075430542));
#8355=AXIS2_PLACEMENT_3D('',#11000,#11001,#11002);
#8356=CARTESIAN_POINT('',(0.0616150000000212,-0.00111597155145683,-0.0074555408002917));
#8358=CARTESIAN_POINT('',(0.0616150000000004,-0.00265923362549193,-0.00711470754305411));
#8359=CARTESIAN_POINT('',(0.0616150000000004,-0.00176760881781205,-0.00737944391457583));
#8360=CARTESIAN_POINT('',(0.0616150000000004,-0.000960201388970863,-0.00747550822562738));
#8367=CARTESIAN_POINT('',(0.0616150000000419,-0.00111597155145683,-0.0074555408002917));
#8368=CARTESIAN_POINT('',(0.0617407281908055,-0.00171137968984189,-0.00745392416997633));
#8369=CARTESIAN_POINT('',(0.0619747040088198,-0.00229677889279992,-0.00745233590674786));
#8370=CARTESIAN_POINT('',(0.0622955346319669,-0.00281609953163418,-0.00745092773360386));
#8371=CARTESIAN_POINT('',(0.0624582090169374,-0.00307941655759703,-0.00745021373162398));
#8372=CARTESIAN_POINT('',(0.0626424934581822,-0.00332585408987191,-0.0074495457207242));
#8373=CARTESIAN_POINT('',(0.062841118941948,-0.00354996888197585,-0.00744893836509742));
#8374=CARTESIAN_POINT('',(0.0630185206417657,-0.00375013627399292,-0.00744839590741));
#8375=CARTESIAN_POINT('',(0.0632054851539218,-0.00393195543282208,-0.00744790329604538));
#8376=CARTESIAN_POINT('',(0.0634123269494135,-0.00410479432296001,-0.00744743510107221));
#8377=CARTESIAN_POINT('',(0.0638782270665672,-0.00449410470857413,-0.00744638051685565));
#8378=CARTESIAN_POINT('',(0.0644325270198973,-0.00481626676229114,-0.00744550831231408));
#8379=CARTESIAN_POINT('',(0.06502264211478,-0.0050289718527606,-0.00744493253891143));
#8380=CARTESIAN_POINT('',(0.0656127572096628,-0.00524167694323006,-0.00744435676550877));
#8381=CARTESIAN_POINT('',(0.066238978576993,-0.00534475631344322,-0.00744407784366318));
#8382=CARTESIAN_POINT('',(0.0668300000000003,-0.00534475631344322,-0.00744407784366318));
#8383=CARTESIAN_POINT('',(0.0718153475198866,0.003082149665409,-0.00711470754305422));
#8385=CARTESIAN_POINT('',(0.0718153475198866,0.00308214966540921,-0.00711470754305415));
#8386=CARTESIAN_POINT('',(0.0718153475198865,0.00241886206144147,-0.007341779477902));
#8387=CARTESIAN_POINT('',(0.0718153475198865,0.00181822451267784,-0.00747550822562739));
#8394=CARTESIAN_POINT('',(0.0718153475198865,-0.00306724246017061,-0.00711470754305419));
#8395=CARTESIAN_POINT('',(0.0718153475198866,0.00815145615878261,-0.00711470754305427));
#8396=VECTOR('',#11003,1.0);
#8398=CARTESIAN_POINT('',(0.0718153475198865,-0.00180331730743948,-0.00747550822562736));
#8399=CARTESIAN_POINT('',(0.0718153475198865,-0.00240395485620314,-0.00734177947790196));
#8400=CARTESIAN_POINT('',(0.0718153475198865,-0.00306724246017085,-0.0071147075430541));
#8407=CARTESIAN_POINT('',(0.0718153475198865,-0.00305780611594944,-0.00818793441615536));
#8409=CARTESIAN_POINT('',(0.0718153475198865,-0.00305780611594967,-0.00818793441615544));
#8410=CARTESIAN_POINT('',(0.0718153475198865,-0.00239971050615487,-0.00796314146452762));
#8411=CARTESIAN_POINT('',(0.0718153475198865,-0.00180327242159519,-0.00783035061319891));
#8419=CARTESIAN_POINT('',(0.0718153475198865,-0.00180331731762755,-0.00854550822335905));
#8420=CARTESIAN_POINT('',(0.0718153475198865,-0.00239973496153637,-0.00841271901428964));
#8421=CARTESIAN_POINT('',(0.0718153475198865,-0.00305780611594979,-0.00818793441615525));
#8428=CARTESIAN_POINT('',(0.0718153475198865,-0.00305780611594946,-0.00925793441615536));
#8430=CARTESIAN_POINT('',(0.0718153475198865,-0.0030578061159497,-0.00925793441615545));
#8431=CARTESIAN_POINT('',(0.0718153475198865,-0.00239971050615491,-0.00903314146452763));
#8432=CARTESIAN_POINT('',(0.0718153475198865,-0.00180327242159523,-0.00890035061319891));
#8440=CARTESIAN_POINT('',(0.0718153475198865,-0.00180331731762755,-0.00961550822335905));
#8441=CARTESIAN_POINT('',(0.0718153475198865,-0.00239973496153637,-0.00948271901428965));
#8442=CARTESIAN_POINT('',(0.0718153475198865,-0.00305780611594979,-0.00925793441615525));
#8449=CARTESIAN_POINT('',(0.0718153475198865,-0.00305780611594943,-0.0103279344161554));
#8451=CARTESIAN_POINT('',(0.0718153475198865,-0.00305780611594968,-0.0103279344161554));
#8452=CARTESIAN_POINT('',(0.0718153475198865,-0.00239971050615487,-0.0101031414645276));
#8453=CARTESIAN_POINT('',(0.0718153475198865,-0.00180327242159519,-0.00997035061319891));
#8461=CARTESIAN_POINT('',(0.0718153475198865,-0.00180331730743944,-0.0106855082256274));
#8462=CARTESIAN_POINT('',(0.0718153475198865,-0.00239973495598671,-0.0105527190161853));
#8463=CARTESIAN_POINT('',(0.0718153475198865,-0.00305780611594971,-0.0103279344161553));
#8470=CARTESIAN_POINT('',(0.0718153475198865,-0.00304314281483303,-0.0113929344161554));
#8472=CARTESIAN_POINT('',(0.0718153475198865,-0.00304314281483323,-0.0113929344161554));
#8473=CARTESIAN_POINT('',(0.0718153475198865,-0.00239314456188168,-0.0111716796240577));
#8474=CARTESIAN_POINT('',(0.0718153475198865,-0.00180327242159521,-0.0110403506131989));
#8482=CARTESIAN_POINT('',(0.0718153475198865,-0.00180331731762755,-0.011745508223359));
#8483=CARTESIAN_POINT('',(0.0718153475198865,-0.00239316899207417,-0.0116141808923889));
#8484=CARTESIAN_POINT('',(0.0718153475198865,-0.00304314281483333,-0.0113929344161553));
#8491=CARTESIAN_POINT('',(0.0718153475198865,-0.00305780611594946,-0.0124579344161554));
#8493=CARTESIAN_POINT('',(0.0718153475198865,-0.0030578061159497,-0.0124579344161554));
#8494=CARTESIAN_POINT('',(0.0718153475198865,-0.00239971050615501,-0.0122331414645276));
#8495=CARTESIAN_POINT('',(0.0718153475198865,-0.00180327242159523,-0.0121003506131989));
#8503=CARTESIAN_POINT('',(0.0718153475198865,-0.00180331731762761,-0.012815508223359));
#8504=CARTESIAN_POINT('',(0.0718153475198865,-0.0023997349615363,-0.0126827190142897));
#8505=CARTESIAN_POINT('',(0.0718153475198865,-0.00305780611594974,-0.0124579344161553));
#8512=CARTESIAN_POINT('',(0.0718153475198865,-0.00305780611594949,-0.0135279344161554));
#8514=CARTESIAN_POINT('',(0.0718153475198865,-0.0030578061159497,-0.0135279344161554));
#8515=CARTESIAN_POINT('',(0.0718153475198865,-0.00212158110666069,-0.0132081377481736));
#8516=CARTESIAN_POINT('',(0.0718153475198865,-0.00129719118915402,-0.013072024956562));
#8524=CARTESIAN_POINT('',(0.0718153475198865,-0.00183463835150133,-0.0138784815887498));
#8525=CARTESIAN_POINT('',(0.0718153475198865,-0.00241678421355593,-0.0137468953138615));
#8526=CARTESIAN_POINT('',(0.0718153475198865,-0.00305780611594975,-0.0135279344161553));
#8533=CARTESIAN_POINT('',(0.0718153475198865,-0.00305780611594947,-0.0145979344161554));
#8535=CARTESIAN_POINT('',(0.0718153475198865,-0.00305780611594974,-0.0145979344161554));
#8536=CARTESIAN_POINT('',(0.0718153475198865,-0.00239971050615499,-0.0143731414645276));
#8537=CARTESIAN_POINT('',(0.0718153475198865,-0.00180327242159525,-0.0142403506131989));
#8545=CARTESIAN_POINT('',(0.0718153475198865,-0.00180331731762751,-0.014955508223359));
#8546=CARTESIAN_POINT('',(0.0718153475198865,-0.00239973496153623,-0.0148227190142897));
#8547=CARTESIAN_POINT('',(0.0718153475198865,-0.00305780611594971,-0.0145979344161553));
#8555=CARTESIAN_POINT('',(0.0718153475198865,-0.00305780611594976,-0.0156679344161555));
#8556=CARTESIAN_POINT('',(0.0718153475198865,-0.00212158110666073,-0.0153481377481736));
#8557=CARTESIAN_POINT('',(0.0718153475198865,-0.00129719118915406,-0.015212024956562));
#8564=CARTESIAN_POINT('',(0.0718153475198865,0.00141411991200621,-0.0171147075430542));
#8565=CARTESIAN_POINT('',(0.0718153475198865,0.00112457355920369,-0.0171147075430542));
#8566=VECTOR('',#11004,1.0);
#8567=CARTESIAN_POINT('',(0.0718153475198865,0.00141411991200623,-0.01610638611322));
#8568=CARTESIAN_POINT('',(0.0718153475198865,0.00141411991200622,-0.0166105468281371));
#8569=VECTOR('',#11005,1.0);
#8570=CARTESIAN_POINT('',(0.0718153475198866,0.0030727133211878,-0.0156679344161554));
#8572=CARTESIAN_POINT('',(0.0718153475198866,0.00307271332118807,-0.0156679344161553));
#8573=CARTESIAN_POINT('',(0.0718153475198866,0.00218530202244907,-0.0159710572484344));
#8574=CARTESIAN_POINT('',(0.0718153475198865,0.00140039820230204,-0.0161088052212101));
#8582=CARTESIAN_POINT('',(0.0718153475198865,0.00131209839439229,-0.0152120249565621));
#8583=CARTESIAN_POINT('',(0.0718153475198866,0.00213648831189904,-0.0153481377481737));
#8584=CARTESIAN_POINT('',(0.0718153475198866,0.00307271332118799,-0.0156679344161555));
#8591=CARTESIAN_POINT('',(0.0718153475198866,0.00307271332118772,-0.0145979344161554));
#8593=CARTESIAN_POINT('',(0.0718153475198866,0.00307271332118796,-0.0145979344161553));
#8594=CARTESIAN_POINT('',(0.0718153475198866,0.00241464216677456,-0.0148227190142897));
#8595=CARTESIAN_POINT('',(0.0718153475198866,0.00181822452286576,-0.0149555082233591));
#8603=CARTESIAN_POINT('',(0.0718153475198865,0.00181817962683353,-0.014240350613199));
#8604=CARTESIAN_POINT('',(0.0718153475198865,0.00241461771139333,-0.0143731414645277));
#8605=CARTESIAN_POINT('',(0.0718153475198866,0.003072713321188,-0.0145979344161555));
#8612=CARTESIAN_POINT('',(0.0718153475198866,0.00307271332118775,-0.0135279344161554));
#8614=CARTESIAN_POINT('',(0.0718153475198866,0.00307271332118801,-0.0135279344161553));
#8615=CARTESIAN_POINT('',(0.0718153475198865,0.00243169141879424,-0.0137468953138615));
#8616=CARTESIAN_POINT('',(0.0718153475198865,0.00184954555673961,-0.0138784815887498));
#8624=CARTESIAN_POINT('',(0.0718153475198865,0.00131209839439231,-0.013072024956562));
#8625=CARTESIAN_POINT('',(0.0718153475198865,0.00213648831189902,-0.0132081377481736));
#8626=CARTESIAN_POINT('',(0.0718153475198866,0.00307271332118796,-0.0135279344161555));
#8633=CARTESIAN_POINT('',(0.0718153475198866,0.00307271332118775,-0.0124579344161554));
#8635=CARTESIAN_POINT('',(0.0718153475198866,0.00307271332118802,-0.0124579344161553));
#8636=CARTESIAN_POINT('',(0.0718153475198865,0.0024146421667747,-0.0126827190142897));
#8637=CARTESIAN_POINT('',(0.0718153475198865,0.00181822452286589,-0.0128155082233591));
#8645=CARTESIAN_POINT('',(0.0718153475198865,0.00181817962683353,-0.0121003506131989));
#8646=CARTESIAN_POINT('',(0.0718153475198865,0.00241461771139333,-0.0122331414645277));
#8647=CARTESIAN_POINT('',(0.0718153475198866,0.00307271332118799,-0.0124579344161555));
#8654=CARTESIAN_POINT('',(0.0718153475198866,0.00305805002007134,-0.0113929344161554));
#8656=CARTESIAN_POINT('',(0.0718153475198866,0.00305805002007162,-0.0113929344161553));
#8657=CARTESIAN_POINT('',(0.0718153475198865,0.00240807619731253,-0.0116141808923889));
#8658=CARTESIAN_POINT('',(0.0718153475198865,0.00181822452286584,-0.0117455082233591));
#8666=CARTESIAN_POINT('',(0.0718153475198865,0.00181817962683353,-0.0110403506131989));
#8667=CARTESIAN_POINT('',(0.0718153475198865,0.00240805176712002,-0.0111716796240577));
#8668=CARTESIAN_POINT('',(0.0718153475198866,0.00305805002007153,-0.0113929344161555));
#8675=CARTESIAN_POINT('',(0.0718153475198866,0.00307271332118775,-0.0103279344161554));
#8677=CARTESIAN_POINT('',(0.0718153475198866,0.00307271332118803,-0.0103279344161553));
#8678=CARTESIAN_POINT('',(0.0718153475198865,0.00241464216122508,-0.0105527190161853));
#8679=CARTESIAN_POINT('',(0.0718153475198865,0.00181822451267776,-0.0106855082256274));
#8687=CARTESIAN_POINT('',(0.0718153475198865,0.00181817962683352,-0.00997035061319895));
#8688=CARTESIAN_POINT('',(0.0718153475198865,0.00241461771139331,-0.0101031414645277));
#8689=CARTESIAN_POINT('',(0.0718153475198866,0.00307271332118798,-0.0103279344161555));
#8696=CARTESIAN_POINT('',(0.0718153475198866,0.0030727133211878,-0.0092579344161554));
#8698=CARTESIAN_POINT('',(0.0718153475198866,0.00307271332118812,-0.00925793441615531));
#8699=CARTESIAN_POINT('',(0.0718153475198865,0.0024146421667748,-0.00948271901428966));
#8700=CARTESIAN_POINT('',(0.0718153475198865,0.00181822452286589,-0.00961550822335907));
#8708=CARTESIAN_POINT('',(0.0718153475198865,0.00181817962683357,-0.00890035061319894));
#8709=CARTESIAN_POINT('',(0.0718153475198865,0.0024146177113934,-0.00903314146452771));
#8710=CARTESIAN_POINT('',(0.0718153475198866,0.00307271332118803,-0.00925793441615548));
#8717=CARTESIAN_POINT('',(0.0718153475198866,0.00307271332118779,-0.0081879344161554));
#8719=CARTESIAN_POINT('',(0.0718153475198866,0.00307271332118813,-0.00818793441615531));
#8720=CARTESIAN_POINT('',(0.0718153475198865,0.00241464216677481,-0.00841271901428966));
#8721=CARTESIAN_POINT('',(0.0718153475198865,0.0018182245228659,-0.00854550822335907));
#8729=CARTESIAN_POINT('',(0.0718153475198865,0.00181817962683356,-0.00783035061319894));
#8730=CARTESIAN_POINT('',(0.0718153475198865,0.00241461771139338,-0.0079631414645277));
#8731=CARTESIAN_POINT('',(0.0718153475198866,0.00307271332118802,-0.00818793441615548));
#8738=CARTESIAN_POINT('',(0.0616150000000004,0.00108645892437366,-0.00765293941289761));
#8739=VECTOR('',#11006,1.0);
#8740=CARTESIAN_POINT('',(0.0616150000000004,0.00108645892437365,-0.00872293941403176));
#8741=VECTOR('',#11007,1.0);
#8742=CARTESIAN_POINT('',(0.0616150000000004,0.00108645892437371,-0.00979293941403176));
#8743=VECTOR('',#11008,1.0);
#8744=CARTESIAN_POINT('',(0.0616150000000004,0.00108645892437371,-0.0108629394128976));
#8745=VECTOR('',#11009,1.0);
#8746=CARTESIAN_POINT('',(0.0616150000000004,0.0010864589243737,-0.0119229394140318));
#8747=VECTOR('',#11010,1.0);
#8748=CARTESIAN_POINT('',(0.0616150000000004,0.00108645892437369,-0.0129929394140318));
#8749=VECTOR('',#11011,1.0);
#8750=CARTESIAN_POINT('',(0.0616150000000004,0.00108645892437369,-0.0140629394127975));
#8751=VECTOR('',#11012,1.0);
#8752=CARTESIAN_POINT('',(0.0616150000000004,0.00108645892437374,-0.0151329394140318));
#8753=VECTOR('',#11013,1.0);
#8754=CARTESIAN_POINT('',(0.0616150000000004,-0.00111597155126023,-0.0151329394140317));
#8755=VECTOR('',#11014,1.0);
#8756=CARTESIAN_POINT('',(0.0616150000000004,-0.00111597155126016,-0.0140629394127975));
#8757=VECTOR('',#11015,1.0);
#8758=CARTESIAN_POINT('',(0.0616150000000004,-0.00111597155126015,-0.0129929394140318));
#8759=VECTOR('',#11016,1.0);
#8760=CARTESIAN_POINT('',(0.0616150000000004,-0.00111597155126014,-0.0119229394140317));
#8761=VECTOR('',#11017,1.0);
#8762=CARTESIAN_POINT('',(0.0616150000000004,-0.00111597155126014,-0.0108629394128976));
#8763=VECTOR('',#11018,1.0);
#8764=CARTESIAN_POINT('',(0.0616150000000004,-0.00111597155126013,-0.00979293941403175));
#8765=VECTOR('',#11019,1.0);
#8766=CARTESIAN_POINT('',(0.0616150000000004,-0.00111597155126005,-0.00872293941403175));
#8767=VECTOR('',#11020,1.0);
#8768=CARTESIAN_POINT('',(0.0616150000000004,-0.00111597155126004,-0.0076529394128976));
#8769=VECTOR('',#11021,1.0);
#8770=CARTESIAN_POINT('',(0.0616150000000003,-0.00870854384121738,-0.00711470754305416));
#8771=VECTOR('',#11022,1.0);
#8772=AXIS2_PLACEMENT_3D('',#11023,#11024,#11025);
#8773=AXIS2_PLACEMENT_3D('',#11026,#11027,#11028);
#8774=AXIS2_PLACEMENT_3D('',#11029,#11030,#11031);
#8775=AXIS2_PLACEMENT_3D('',#11032,#11033,#11034);
#8776=AXIS2_PLACEMENT_3D('',#11035,#11036,#11037);
#8777=AXIS2_PLACEMENT_3D('',#11038,#11039,#11040);
#8778=AXIS2_PLACEMENT_3D('',#11041,#11042,#11043);
#8779=AXIS2_PLACEMENT_3D('',#11044,#11045,#11046);
#8780=AXIS2_PLACEMENT_3D('',#11047,#11048,#11049);
#8781=AXIS2_PLACEMENT_3D('',#11050,#11051,#11052);
#8782=AXIS2_PLACEMENT_3D('',#11053,#11054,#11055);
#8783=AXIS2_PLACEMENT_3D('',#11056,#11057,#11058);
#8784=CARTESIAN_POINT('',(0.0703283211852194,0.00209567559185958,-0.0171147075430542));
#8785=CARTESIAN_POINT('',(0.0698283211852194,0.00209567559185959,-0.0171147075430542));
#8786=CARTESIAN_POINT('',(0.0696106412779302,0.00209567559185959,-0.0171147075430542));
#8787=VECTOR('',#11059,1.0);
#8788=CARTESIAN_POINT('',(0.0698283211852193,0.000301020896621554,-0.0171147075430542));
#8789=CARTESIAN_POINT('',(0.0698283211852194,0.00187322888776553,-0.0171147075430542));
#8790=VECTOR('',#11060,1.0);
#8791=CARTESIAN_POINT('',(0.0703283211852194,0.000301020896621547,-0.0171147075430542));
#8792=CARTESIAN_POINT('',(0.0696106412779302,0.000301020896621554,-0.0171147075430542));
#8793=VECTOR('',#11061,1.0);
#8794=CARTESIAN_POINT('',(0.0703283211852194,0.00125646732309061,-0.0171147075430542));
#8795=VECTOR('',#11062,1.0);
#8796=CARTESIAN_POINT('',(0.0665925791647377,0.00174811101943201,-0.0171147075430542));
#8797=CARTESIAN_POINT('',(0.0670925791647377,0.00174811101943201,-0.0171147075430542));
#8798=CARTESIAN_POINT('',(0.066711289582369,0.00174811101943201,-0.0171147075430542));
#8799=VECTOR('',#11063,1.0);
#8800=CARTESIAN_POINT('',(0.0670925791647377,0.00354276571467003,-0.0171147075430542));
#8801=CARTESIAN_POINT('',(0.0670925791647377,0.00257635537750517,-0.0171147075430542));
#8802=VECTOR('',#11064,1.0);
#8803=CARTESIAN_POINT('',(0.0665925791647377,0.00354276571467003,-0.0171147075430542));
#8804=CARTESIAN_POINT('',(0.066711289582369,0.00354276571467003,-0.0171147075430542));
#8805=VECTOR('',#11065,1.0);
#8806=CARTESIAN_POINT('',(0.0665925791647377,0.00254372763525576,-0.0171147075430542));
#8807=VECTOR('',#11066,1.0);
#8808=AXIS2_PLACEMENT_3D('',#11067,#11068,#11069);
#8809=AXIS2_PLACEMENT_3D('',#11070,#11071,#11072);
#8810=AXIS2_PLACEMENT_3D('',#11073,#11074,#11075);
#8811=AXIS2_PLACEMENT_3D('',#11076,#11077,#11078);
#8812=AXIS2_PLACEMENT_3D('',#11079,#11080,#11081);
#8813=AXIS2_PLACEMENT_3D('',#11082,#11083,#11084);
#8814=CARTESIAN_POINT('',(0.0622655688621935,0.00273749156569474,-0.00711470754305422));
#8815=VECTOR('',#11085,1.0);
#8816=CARTESIAN_POINT('',(0.071265699212533,0.00266049554309934,-0.0130716441283051));
#8817=CARTESIAN_POINT('',(0.071265699212533,0.00266049554309934,-0.0130820249565643));
#8818=CARTESIAN_POINT('',(0.0712656992125353,0.00266049554309845,-0.00711470754305366));
#8819=VECTOR('',#11086,1.0);
#8820=CARTESIAN_POINT('',(0.0712656992125872,0.00266049554312946,-0.013071644128345));
#8821=CARTESIAN_POINT('',(0.071308609853438,0.00268616088345044,-0.0131045374126404));
#8822=CARTESIAN_POINT('',(0.0713515204970143,0.00271182622541523,-0.0131374306990282));
#8823=CARTESIAN_POINT('',(0.0713944311378667,0.00273749156573621,-0.0131703239833244));
#8824=CARTESIAN_POINT('',(0.0713944311377895,0.00273749156569004,-0.0131798494701424));
#8825=CARTESIAN_POINT('',(0.0713515205064589,0.00271182623106049,-0.0131472413068725));
#8826=CARTESIAN_POINT('',(0.0713086098438399,0.00268616087771153,-0.0131146331198181));
#8827=CARTESIAN_POINT('',(0.0712656992125123,0.00266049554308468,-0.0130820249565483));
#8828=AXIS2_PLACEMENT_3D('',#11087,#11088,#11089);
#8829=AXIS2_PLACEMENT_3D('',#11090,#11091,#11092);
#8830=AXIS2_PLACEMENT_3D('',#11093,#11094,#11095);
#8831=CARTESIAN_POINT('',(0.0622655688621941,0.00273749156569571,-0.00711470754305422));
#8832=VECTOR('',#11096,1.0);
#8833=CARTESIAN_POINT('',(0.071265699212532,0.00266049554310111,-0.0152116441283049));
#8834=CARTESIAN_POINT('',(0.071265699212532,0.00266049554310111,-0.015222024956565));
#8835=CARTESIAN_POINT('',(0.0712656992125325,0.00266049554310022,-0.00711470754305454));
#8836=VECTOR('',#11097,1.0);
#8837=CARTESIAN_POINT('',(0.0712656992125653,0.00266049554311978,-0.0152116441283294));
#8838=CARTESIAN_POINT('',(0.0713086098534192,0.00268616088344076,-0.0152445374126255));
#8839=CARTESIAN_POINT('',(0.0713515204969893,0.00271182622540138,-0.0152774306990141));
#8840=CARTESIAN_POINT('',(0.0713944311378447,0.0027374915657266,-0.0153103239833088));
#8841=CARTESIAN_POINT('',(0.0713944311378083,0.00273749156570484,-0.0153198494701579));
#8842=CARTESIAN_POINT('',(0.0713515204960493,0.00271182622483637,-0.0152872412989599));
#8843=CARTESIAN_POINT('',(0.0713086098542903,0.00268616088396788,-0.0152546331277618));
#8844=CARTESIAN_POINT('',(0.0712656992125312,0.00266049554309941,-0.0152220249565638));
#8845=AXIS2_PLACEMENT_3D('',#11098,#11099,#11100);
#8846=AXIS2_PLACEMENT_3D('',#11101,#11102,#11103);
#8847=AXIS2_PLACEMENT_3D('',#11104,#11105,#11106);
#8848=AXIS2_PLACEMENT_3D('',#11107,#11108,#11109);
#8849=CARTESIAN_POINT('',(0.0713942886228006,0.00273772790409125,-0.0142476515169656));
#8850=CARTESIAN_POINT('',(0.0712157844743569,0.00303373121945052,-0.0142468551583637));
#8851=CARTESIAN_POINT('',(0.0710097500441431,0.00330936193382735,-0.0142461133291344));
#8852=CARTESIAN_POINT('',(0.0707863229738915,0.00355685516126411,-0.0142454470519932));
#8853=CARTESIAN_POINT('',(0.0706140381702618,0.0037476973991389,-0.0142449332851237));
#8854=CARTESIAN_POINT('',(0.0704327667882314,0.00392178850429989,-0.0142444645021611));
#8855=CARTESIAN_POINT('',(0.0702329300243841,0.00408755611360903,-0.014244018052455));
#8856=CARTESIAN_POINT('',(0.0697669539065788,0.00447409033062007,-0.0142429770282868));
#8857=CARTESIAN_POINT('',(0.0692132585097694,0.00479358358160426,-0.0142421160792307));
#8858=CARTESIAN_POINT('',(0.0686243416164999,0.0050041318267027,-0.0142415486157378));
#8859=CARTESIAN_POINT('',(0.0682155009006375,0.00515029964126772,-0.0142411546685047));
#8860=CARTESIAN_POINT('',(0.0677896256786526,0.00524506089424896,-0.0142408992110289));
#8861=CARTESIAN_POINT('',(0.0673703013295152,0.00528778783755863,-0.0142407840288694));
#8862=CARTESIAN_POINT('',(0.067027657537548,0.00532270143583861,-0.0142406899097181));
#8863=CARTESIAN_POINT('',(0.0666959019334802,0.00532461072217342,-0.0142406847622737));
#8864=CARTESIAN_POINT('',(0.0663538761338932,0.00529393524513529,-0.0142407674568111));
#8865=CARTESIAN_POINT('',(0.065750862431547,0.0052398523864669,-0.0142409132526523));
#8866=CARTESIAN_POINT('',(0.0651327819565529,0.00507637564482226,-0.0142413539756751));
#8867=CARTESIAN_POINT('',(0.0645664717214718,0.00481073223511859,-0.0142420698209689));
#8868=CARTESIAN_POINT('',(0.0641270003640744,0.00460458609363228,-0.014242625335391));
#8869=CARTESIAN_POINT('',(0.0637178775063285,0.00433755124071803,-0.0142433447909533));
#8870=CARTESIAN_POINT('',(0.0633624845818575,0.00403311186930939,-0.0142441646799919));
#8871=CARTESIAN_POINT('',(0.063133657729664,0.00383709248274765,-0.0142446925819701));
#8872=CARTESIAN_POINT('',(0.0629282947743643,0.00362904635223824,-0.0142452527576744));
#8873=CARTESIAN_POINT('',(0.0627344929921484,0.00339636114988683,-0.0142458790910709));
#8874=CARTESIAN_POINT('',(0.062564365803606,0.00319210049325688,-0.0142464289123296));
#8875=CARTESIAN_POINT('',(0.0624065102987018,0.00297120677798278,-0.0142470233722796));
#8876=CARTESIAN_POINT('',(0.062265711377197,0.00273772790408594,-0.0142476515169656));
#8877=AXIS2_PLACEMENT_3D('',#11110,#11111,#11112);
#8878=AXIS2_PLACEMENT_3D('',#11113,#11114,#11115);
#8879=CARTESIAN_POINT('',(0.0677603250840223,0.00287501979538538,-0.0139147075430542));
#8880=CARTESIAN_POINT('',(0.0677603250840223,0.00237501979538537,-0.0139147075430542));
#8881=CARTESIAN_POINT('',(0.0677603250840223,0.00130513174097095,-0.0139147075430542));
#8882=VECTOR('',#11116,1.0);
#8883=CARTESIAN_POINT('',(0.0659656703887843,0.00237501979538538,-0.0139147075430542));
#8884=CARTESIAN_POINT('',(0.0668362895823691,0.00237501979538537,-0.0139147075430542));
#8885=VECTOR('',#11117,1.0);
#8886=CARTESIAN_POINT('',(0.0659656703887843,0.00287501979538538,-0.0139147075430542));
#8887=CARTESIAN_POINT('',(0.0659656703887843,0.00130513174097096,-0.0139147075430542));
#8888=VECTOR('',#11118,1.0);
#8889=CARTESIAN_POINT('',(0.0644246447025961,0.00287501979538541,-0.0139147075430542));
#8890=CARTESIAN_POINT('',(0.0644246447025961,0.00287501979538541,-0.0139147075430542));
#8891=VECTOR('',#11119,1.0);
#8892=CARTESIAN_POINT('',(0.0644246447025961,-0.000391918927273173,-0.0139147075430542));
#8893=CARTESIAN_POINT('',(0.0644246447025961,-0.000391918927273173,-0.0139147075430542));
#8894=VECTOR('',#11120,1.0);
#8895=CARTESIAN_POINT('',(0.0691300026578818,-0.000391918927273201,-0.0139147075430542));
#8896=CARTESIAN_POINT('',(0.0691300026578818,-0.000391918927273208,-0.0139147075430542));
#8897=VECTOR('',#11121,1.0);
#8898=CARTESIAN_POINT('',(0.0691300026578818,0.00287501979538538,-0.0139147075430542));
#8899=CARTESIAN_POINT('',(0.0691300026578818,0.00287501979538538,-0.0139147075430542));
#8900=VECTOR('',#11122,1.0);
#8901=CARTESIAN_POINT('',(0.0644246447025961,0.00287501979538541,-0.0139147075430542));
#8902=VECTOR('',#11123,1.0);
#8903=CARTESIAN_POINT('',(0.0659656703887843,0.00287501979538538,-0.0157547075430542));
#8904=CARTESIAN_POINT('',(0.0659656703887843,0.00287501979538539,-0.0133447075430542));
#8905=VECTOR('',#11124,1.0);
#8906=CARTESIAN_POINT('',(0.0665925791647377,0.00287501979538538,-0.0157547075430542));
#8907=CARTESIAN_POINT('',(0.0663714964760758,0.00287501979538538,-0.0157547075430542));
#8908=VECTOR('',#11125,1.0);
#8909=CARTESIAN_POINT('',(0.0665925791647377,0.00287501979538538,-0.0148347075430542));
#8910=CARTESIAN_POINT('',(0.0665925791647376,0.00287501979538544,-0.00619470754305423));
#8911=VECTOR('',#11126,1.0);
#8912=CARTESIAN_POINT('',(0.0670925791647377,0.00287501979538538,-0.0148347075430542));
#8913=CARTESIAN_POINT('',(0.0681298394769028,0.00287501979538538,-0.0148347075430542));
#8914=VECTOR('',#11127,1.0);
#8915=CARTESIAN_POINT('',(0.0670925791647377,0.00287501979538538,-0.0157547075430542));
#8916=CARTESIAN_POINT('',(0.0670925791647376,0.0028750197953854,-0.0114847075430542));
#8917=VECTOR('',#11128,1.0);
#8918=CARTESIAN_POINT('',(0.0677603250840223,0.00287501979538537,-0.0157547075430542));
#8919=CARTESIAN_POINT('',(0.0663714964760758,0.00287501979538538,-0.0157547075430542));
#8920=VECTOR('',#11129,1.0);
#8921=CARTESIAN_POINT('',(0.0677603250840223,0.00287501979538538,-0.0133447075430542));
#8922=VECTOR('',#11130,1.0);
#8923=CARTESIAN_POINT('',(0.0691300026578818,0.00287501979538543,-0.00619470754305423));
#8924=CARTESIAN_POINT('',(0.0691300026578818,0.00287501979538543,-0.00619470754305423));
#8925=VECTOR('',#11131,1.0);
#8926=CARTESIAN_POINT('',(0.0644246447025961,0.00287501979538546,-0.00619470754305423));
#8927=CARTESIAN_POINT('',(0.0644246447025961,0.00287501979538546,-0.00619470754305423));
#8928=VECTOR('',#11132,1.0);
#8929=CARTESIAN_POINT('',(0.0644246447025961,0.00287501979538546,-0.00619470754305423));
#8930=VECTOR('',#11133,1.0);
#8931=CARTESIAN_POINT('',(0.0698283211852194,0.000301020896621575,-0.0133947075430542));
#8932=AXIS2_PLACEMENT_3D('',#11134,#11135,#11136);
#8933=CARTESIAN_POINT('',(0.0698283211852194,0.00209567559185962,-0.0133947075430542));
#8934=CARTESIAN_POINT('',(0.0698283211852194,0.00121876681590621,-0.0133947075430542));
#8935=VECTOR('',#11137,1.0);
#8936=AXIS2_PLACEMENT_3D('',#11138,#11139,#11140);
#8937=CARTESIAN_POINT('',(0.0703283211852194,0.00209567559185961,-0.0133947075430542));
#8938=AXIS2_PLACEMENT_3D('',#11141,#11142,#11143);
#8939=CARTESIAN_POINT('',(0.0703283211852194,0.000301020896621575,-0.0133947075430542));
#8940=CARTESIAN_POINT('',(0.0703283211852194,0.00063463299348062,-0.0133947075430542));
#8941=VECTOR('',#11144,1.0);
#8942=AXIS2_PLACEMENT_3D('',#11145,#11146,#11147);
#8943=CARTESIAN_POINT('',(0.0698283211852194,0.000301020896621568,-0.0145847075430542));
#8944=VECTOR('',#11148,1.0);
#8945=CARTESIAN_POINT('',(0.069497223681057,0.000301020896621547,-0.0170075141850279));
#8946=VECTOR('',#11149,1.0);
#8947=CARTESIAN_POINT('',(0.0703283211852194,0.000301020896621561,-0.0152510334997076));
#8948=VECTOR('',#11150,1.0);
#8949=CARTESIAN_POINT('',(0.0698283211852194,0.00209567559185961,-0.0145847075430542));
#8950=VECTOR('',#11151,1.0);
#8951=CARTESIAN_POINT('',(0.0703283211852194,0.00209567559185959,-0.0152510334997076));
#8952=VECTOR('',#11152,1.0);
#8953=CARTESIAN_POINT('',(0.0691300026578818,0.000668241919796753,-0.0128947075430542));
#8954=CARTESIAN_POINT('',(0.0691300026578818,0.00209567559185962,-0.0128947075430542));
#8955=CARTESIAN_POINT('',(0.0691300026578818,0.00123015862498115,-0.0128947075430542));
#8956=VECTOR('',#11153,1.0);
#8957=CARTESIAN_POINT('',(0.0694355615772764,0.000362683000402139,-0.0128947075430542));
#8958=VECTOR('',#11154,1.0);
#8959=CARTESIAN_POINT('',(0.0717298018705397,0.00209567559185962,-0.0128947075430542));
#8960=VECTOR('',#11155,1.0);
#8961=CARTESIAN_POINT('',(0.0691300026578818,0.00209567559185963,-0.0123947075430542));
#8962=CARTESIAN_POINT('',(0.0717298018705397,0.00209567559185962,-0.0123947075430542));
#8963=VECTOR('',#11156,1.0);
#8964=CARTESIAN_POINT('',(0.0691300026578818,0.00209567559185964,-0.00929470754305421));
#8965=VECTOR('',#11157,1.0);
#8966=CARTESIAN_POINT('',(0.0691300026578818,0.000668241919796767,-0.0123947075430542));
#8967=CARTESIAN_POINT('',(0.0691300026578818,0.000668241919796773,-0.00935720754305421));
#8968=VECTOR('',#11158,1.0);
#8969=CARTESIAN_POINT('',(0.0667742477061518,0.00302399687152682,-0.0123947075430542));
#8970=VECTOR('',#11159,1.0);
#8971=CARTESIAN_POINT('',(0.0691300026578818,0.00126278636723049,-0.0123947075430542));
#8972=VECTOR('',#11160,1.0);
#8973=CARTESIAN_POINT('',(0.0691300026578818,-0.000258623458799345,-0.00619470754305421));
#8974=AXIS2_PLACEMENT_3D('',#11161,#11162,#11163);
#8975=CARTESIAN_POINT('',(0.0691300026578818,-0.000258623458799394,-0.0123347075430542));
#8976=CARTESIAN_POINT('',(0.0691300026578818,-0.000258623458799373,-0.00926470754305421));
#8977=VECTOR('',#11164,1.0);
#8978=AXIS2_PLACEMENT_3D('',#11165,#11166,#11167);
#8979=AXIS2_PLACEMENT_3D('',#11168,#11169,#11170);
#8980=AXIS2_PLACEMENT_3D('',#11171,#11172,#11173);
#8981=AXIS2_PLACEMENT_3D('',#11174,#11175,#11176);
#8982=CARTESIAN_POINT('',(0.0691300026578818,-0.000391918927273194,-0.0123347075430542));
#8983=CARTESIAN_POINT('',(0.0691300026578818,0.00208881597401298,-0.0123347075430542));
#8984=VECTOR('',#11177,1.0);
#8985=CARTESIAN_POINT('',(0.0691300026578818,0.00287501979538542,-0.00619470754305423));
#8986=VECTOR('',#11178,1.0);
#8987=CARTESIAN_POINT('',(0.0691300026578818,-0.000391918927273152,-0.00619470754305421));
#8988=VECTOR('',#11179,1.0);
#8989=CARTESIAN_POINT('',(0.0644246447025961,-0.000391918927273124,-0.00619470754305421));
#8990=VECTOR('',#11180,1.0);
#8991=CARTESIAN_POINT('',(0.0644246447025961,-0.000391918927273124,-0.00619470754305421));
#8992=VECTOR('',#11181,1.0);
#8993=CARTESIAN_POINT('',(0.0668036618401196,-0.000391918927273187,-0.0123347075430542));
#8994=VECTOR('',#11182,1.0);
#8995=CARTESIAN_POINT('',(0.0665925791647376,0.00174811101943201,-0.0148347075430542));
#8996=CARTESIAN_POINT('',(0.0665925791647377,0.00174811101943201,-0.0174361882283745));
#8997=VECTOR('',#11183,1.0);
#8998=CARTESIAN_POINT('',(0.0670925791647376,0.00174811101943201,-0.0148347075430542));
#8999=CARTESIAN_POINT('',(0.0680374672191521,0.00174811101943201,-0.0148347075430542));
#9000=VECTOR('',#11184,1.0);
#9001=CARTESIAN_POINT('',(0.0670925791647377,0.00174811101943201,-0.0174361882283745));
#9002=VECTOR('',#11185,1.0);
#9003=CARTESIAN_POINT('',(0.0665925791647377,0.00354276571467005,-0.0148347075430542));
#9004=CARTESIAN_POINT('',(0.0665925791647377,0.00354276571467003,-0.0174361882283745));
#9005=VECTOR('',#11186,1.0);
#9006=CARTESIAN_POINT('',(0.0665925791647377,0.00215393710672351,-0.0148347075430542));
#9007=VECTOR('',#11187,1.0);
#9008=CARTESIAN_POINT('',(0.0665925791647377,0.00237501979538537,-0.0157547075430542));
#9009=CARTESIAN_POINT('',(0.0665925791647376,0.00127250399872154,-0.0157547075430542));
#9010=VECTOR('',#11188,1.0);
#9011=CARTESIAN_POINT('',(0.0665925791647377,0.00237501979538537,-0.0148347075430542));
#9012=CARTESIAN_POINT('',(0.0665925791647376,0.0023750197953854,-0.0114847075430542));
#9013=VECTOR('',#11189,1.0);
#9014=CARTESIAN_POINT('',(0.0665925791647377,0.00215393710672351,-0.0148347075430542));
#9015=VECTOR('',#11190,1.0);
#9016=CARTESIAN_POINT('',(0.0670925791647377,0.00237501979538537,-0.0148347075430542));
#9017=CARTESIAN_POINT('',(0.0670925791647377,0.00218656484897289,-0.0148347075430542));
#9018=VECTOR('',#11191,1.0);
#9019=CARTESIAN_POINT('',(0.0670925791647377,0.00237501979538537,-0.0157547075430542));
#9020=CARTESIAN_POINT('',(0.0670925791647377,0.00237501979538536,-0.0167747075430542));
#9021=VECTOR('',#11192,1.0);
#9022=CARTESIAN_POINT('',(0.0670925791647377,0.00130513174097095,-0.0157547075430542));
#9023=VECTOR('',#11193,1.0);
#9024=CARTESIAN_POINT('',(0.0670925791647377,0.00354276571467005,-0.0148347075430542));
#9025=CARTESIAN_POINT('',(0.0670925791647377,0.00218656484897289,-0.0148347075430542));
#9026=VECTOR('',#11194,1.0);
#9027=CARTESIAN_POINT('',(0.0670925791647377,0.00354276571467003,-0.0174361882283745));
#9028=VECTOR('',#11195,1.0);
#9029=CARTESIAN_POINT('',(0.0680374672191521,0.00354276571467005,-0.0148347075430542));
#9030=VECTOR('',#11196,1.0);
#9031=CARTESIAN_POINT('',(0.0659656703887843,0.00237501979538537,-0.0157547075430542));
#9032=CARTESIAN_POINT('',(0.0659656703887843,0.00237501979538539,-0.0133447075430542));
#9033=VECTOR('',#11197,1.0);
#9034=CARTESIAN_POINT('',(0.0659656703887843,0.00237501979538537,-0.0157547075430542));
#9035=VECTOR('',#11198,1.0);
#9036=CARTESIAN_POINT('',(0.0677603250840223,0.00237501979538537,-0.0157547075430542));
#9037=CARTESIAN_POINT('',(0.0677603250840223,0.00287501979538537,-0.0157547075430542));
#9038=VECTOR('',#11199,1.0);
#9039=CARTESIAN_POINT('',(0.0677603250840223,0.00237501979538538,-0.0133447075430542));
#9040=VECTOR('',#11200,1.0);
#9041=CARTESIAN_POINT('',(0.0664041242183252,0.00237501979538537,-0.0157547075430542));
#9042=VECTOR('',#11201,1.0);
#9043=CARTESIAN_POINT('',(0.0681624672191522,0.00237501979538537,-0.0148347075430542));
#9044=VECTOR('',#11202,1.0);
#9045=CARTESIAN_POINT('',(0.0664041242183252,0.00237501979538537,-0.0157547075430542));
#9046=VECTOR('',#11203,1.0);
#9047=CARTESIAN_POINT('',(0.0429500000000004,0.106055243686557,-0.0383747075430543));
#9048=CARTESIAN_POINT('',(0.0427100000000004,0.106055243686557,-0.0386147075430543));
#9049=AXIS2_PLACEMENT_3D('',#11204,#11205,#11206);
#9050=CARTESIAN_POINT('',(0.0434700000000004,0.106055243686557,-0.0383747075430543));
#9051=AXIS2_PLACEMENT_3D('',#11207,#11208,#11209);
#9052=CARTESIAN_POINT('',(0.0437100000000004,0.106055243686557,-0.0386147075430543));
#9053=AXIS2_PLACEMENT_3D('',#11210,#11211,#11212);
#9054=AXIS2_PLACEMENT_3D('',#11213,#11214,#11215);
#9055=CARTESIAN_POINT('',(0.0446901432615557,0.106055243686557,-0.0448347075430543));
#9056=CARTESIAN_POINT('',(0.0446901432615557,0.106055243686557,-0.0446347075430543));
#9057=CARTESIAN_POINT('',(0.0446901432615557,0.106055243686557,-0.0448347075430543));
#9058=VECTOR('',#11216,1.0);
#9059=CARTESIAN_POINT('',(0.0417298567384451,0.106055243686557,-0.0448347075430543));
#9060=AXIS2_PLACEMENT_3D('',#11217,#11218,#11219);
#9061=CARTESIAN_POINT('',(0.0417298567384451,0.106055243686557,-0.0446347075430543));
#9062=CARTESIAN_POINT('',(0.0417298567384451,0.106055243686557,-0.0448347075430543));
#9063=VECTOR('',#11220,1.0);
#9064=AXIS2_PLACEMENT_3D('',#11221,#11222,#11223);
#9065=CARTESIAN_POINT('',(0.0437100000000004,0.106055243686557,-0.0446347075430543));
#9066=CARTESIAN_POINT('',(0.0437100000000004,0.106055243686557,-0.0446347075430543));
#9067=VECTOR('',#11224,1.0);
#9068=CARTESIAN_POINT('',(0.0427100000000004,0.106055243686557,-0.0446347075430543));
#9069=AXIS2_PLACEMENT_3D('',#11225,#11226,#11227);
#9070=CARTESIAN_POINT('',(0.0427100000000004,0.106055243686557,-0.0446347075430543));
#9071=VECTOR('',#11228,1.0);
#9072=CARTESIAN_POINT('',(0.0437100000000004,0.106055243686557,-0.0496147075430543));
#9073=CARTESIAN_POINT('',(0.0437100000000004,0.106055243686557,-0.0448347075430543));
#9074=CARTESIAN_POINT('',(0.0437100000000004,0.106055243686557,-0.0448347075430543));
#9075=VECTOR('',#11229,1.0);
#9076=CARTESIAN_POINT('',(0.0427100000000004,0.106055243686557,-0.0496147075430543));
#9077=AXIS2_PLACEMENT_3D('',#11230,#11231,#11232);
#9078=CARTESIAN_POINT('',(0.0427100000000004,0.106055243686557,-0.0448347075430543));
#9079=CARTESIAN_POINT('',(0.0427100000000004,0.106055243686557,-0.0448347075430543));
#9080=VECTOR('',#11233,1.0);
#9081=AXIS2_PLACEMENT_3D('',#11234,#11235,#11236);
#9082=CARTESIAN_POINT('',(0.0418441103757619,0.106055243686557,-0.0496147075430543));
#9083=CARTESIAN_POINT('',(0.0418441103757619,0.106055243686557,-0.0501147075430543));
#9084=CARTESIAN_POINT('',(0.0418441103757619,0.106055243686557,-0.0496147075430543));
#9085=VECTOR('',#11237,1.0);
#9086=CARTESIAN_POINT('',(0.0432100000000004,0.107421133310795,-0.0496147075430543));
#9087=AXIS2_PLACEMENT_3D('',#11238,#11239,#11240);
#9088=CARTESIAN_POINT('',(0.0432100000000004,0.107421133310795,-0.0501147075430543));
#9089=CARTESIAN_POINT('',(0.0432100000000004,0.107421133310795,-0.0496147075430543));
#9090=VECTOR('',#11241,1.0);
#9091=AXIS2_PLACEMENT_3D('',#11242,#11243,#11244);
#9092=CARTESIAN_POINT('',(0.0454166209190028,0.105110887847934,-0.0542483320869138));
#9093=CARTESIAN_POINT('',(0.0459166209190028,0.105110887849288,-0.0542483320855594));
#9094=CARTESIAN_POINT('',(0.0456666209190028,0.105110887847934,-0.0542483320869138));
#9095=VECTOR('',#11245,1.0);
#9096=CARTESIAN_POINT('',(0.0454166209190028,0.107421133310795,-0.0532913970849075));
#9097=AXIS2_PLACEMENT_3D('',#11246,#11247,#11248);
#9098=CARTESIAN_POINT('',(0.0459166209190028,0.107421133310795,-0.0532913970849075));
#9099=CARTESIAN_POINT('',(0.0426711027507354,0.107421133310795,-0.0532913970849075));
#9100=VECTOR('',#11249,1.0);
#9101=AXIS2_PLACEMENT_3D('',#11250,#11251,#11252);
#9102=CARTESIAN_POINT('',(0.0459166209190028,0.105503920921418,-0.0532913970849075));
#9103=CARTESIAN_POINT('',(0.0454166209190028,0.105503920921418,-0.0532913970849075));
#9104=CARTESIAN_POINT('',(0.0459166209190028,0.105503920921418,-0.0532913970849075));
#9105=VECTOR('',#11253,1.0);
#9106=CARTESIAN_POINT('',(0.0459166209190028,0.106631724778462,-0.0532913970849075));
#9107=AXIS2_PLACEMENT_3D('',#11254,#11255,#11256);
#9108=CARTESIAN_POINT('',(0.0454166209190028,0.106631724778462,-0.0532913970849075));
#9109=CARTESIAN_POINT('',(0.0459166209190028,0.106631724778462,-0.0532913970849075));
#9110=VECTOR('',#11257,1.0);
#9111=AXIS2_PLACEMENT_3D('',#11258,#11259,#11260);
#9112=CARTESIAN_POINT('',(0.0427100000000004,0.106055243686557,-0.0501147075430543));
#9113=CARTESIAN_POINT('',(0.0427100000000004,0.106055243686557,-0.0502147075430543));
#9114=CARTESIAN_POINT('',(0.0427100000000004,0.106055243686557,-0.0501647075430543));
#9115=VECTOR('',#11261,1.0);
#9116=CARTESIAN_POINT('',(0.0437100000000004,0.106055243686557,-0.0501147075430543));
#9117=AXIS2_PLACEMENT_3D('',#11262,#11263,#11264);
#9118=CARTESIAN_POINT('',(0.0437100000000005,0.106055243686557,-0.0502147075430543));
#9119=CARTESIAN_POINT('',(0.0437100000000004,0.106055243686557,-0.0501647075430543));
#9120=VECTOR('',#11265,1.0);
#9121=AXIS2_PLACEMENT_3D('',#11266,#11267,#11268);
#9122=CARTESIAN_POINT('',(0.0423048308689432,0.106055243686557,-0.0502147075430543));
#9123=CARTESIAN_POINT('',(0.0423048308689432,0.106055243686557,-0.0503447075430543));
#9124=CARTESIAN_POINT('',(0.0423048308689432,0.106055243686557,-0.0502147075430543));
#9125=VECTOR('',#11269,1.0);
#9126=CARTESIAN_POINT('',(0.0441151691310577,0.106055243686557,-0.0502147075430543));
#9127=AXIS2_PLACEMENT_3D('',#11270,#11271,#11272);
#9128=CARTESIAN_POINT('',(0.0441151691310577,0.106055243686557,-0.0503447075430543));
#9129=CARTESIAN_POINT('',(0.0441151691310577,0.106055243686557,-0.0502147075430543));
#9130=VECTOR('',#11273,1.0);
#9131=AXIS2_PLACEMENT_3D('',#11274,#11275,#11276);
#9132=AXIS2_PLACEMENT_3D('',#11277,#11278,#11279);
#9133=AXIS2_PLACEMENT_3D('',#11280,#11281,#11282);
#9134=AXIS2_PLACEMENT_3D('',#11283,#11284,#11285);
#9135=AXIS2_PLACEMENT_3D('',#11286,#11287,#11288);
#9136=CARTESIAN_POINT('',(0.0454166209190028,0.10550616657513,-0.0532411217036829));
#9137=AXIS2_PLACEMENT_3D('',#11289,#11290,#11291);
#9138=CARTESIAN_POINT('',(0.0459166209190028,0.10550616657513,-0.0532411217036829));
#9139=CARTESIAN_POINT('',(0.0459166209190028,0.10550616657513,-0.0532411217036829));
#9140=VECTOR('',#11292,1.0);
#9141=AXIS2_PLACEMENT_3D('',#11293,#11294,#11295);
#9142=CARTESIAN_POINT('',(0.0454166209190028,0.10550616657513,-0.0517228804389993));
#9143=CARTESIAN_POINT('',(0.0454166209190027,0.10550616657513,-0.0510483543071977));
#9144=VECTOR('',#11296,1.0);
#9145=CARTESIAN_POINT('',(0.0459166209190028,0.10550616657513,-0.0517228804389992));
#9146=CARTESIAN_POINT('',(0.0459166209190028,0.10550616657513,-0.0517228804389992));
#9147=VECTOR('',#11297,1.0);
#9148=CARTESIAN_POINT('',(0.0459166209190028,0.10550616657513,-0.0532913970849075));
#9149=VECTOR('',#11298,1.0);
#9150=CARTESIAN_POINT('',(0.0454166209190028,0.106631724778462,-0.0517228804389993));
#9151=CARTESIAN_POINT('',(0.0454166209190028,0.106068384264045,-0.0517228804389993));
#9152=VECTOR('',#11299,1.0);
#9153=CARTESIAN_POINT('',(0.0459166209190028,0.106631724778462,-0.0517228804389993));
#9154=CARTESIAN_POINT('',(0.0459166209190028,0.106631724778462,-0.0517228804389993));
#9155=VECTOR('',#11300,1.0);
#9156=CARTESIAN_POINT('',(0.0459166209190028,0.10550616657513,-0.0517228804389992));
#9157=VECTOR('',#11301,1.0);
#9158=CARTESIAN_POINT('',(0.0454166209190028,0.106631724778462,-0.0510609231525038));
#9159=VECTOR('',#11302,1.0);
#9160=CARTESIAN_POINT('',(0.0459166209190028,0.106631724778462,-0.0517228804389992));
#9161=VECTOR('',#11303,1.0);
#9162=CARTESIAN_POINT('',(0.0459166209190027,0.107421133310795,-0.0496147075430543));
#9163=CARTESIAN_POINT('',(0.0459166209190027,0.107421133310795,-0.0496147075430543));
#9164=VECTOR('',#11304,1.0);
#9165=CARTESIAN_POINT('',(0.0459166209190027,0.104714512391793,-0.0496147075430543));
#9166=CARTESIAN_POINT('',(0.0459166209190027,0.107421133310795,-0.0496147075430543));
#9167=VECTOR('',#11305,1.0);
#9168=CARTESIAN_POINT('',(0.0459166209190028,0.104714512391793,-0.0532913970849075));
#9169=CARTESIAN_POINT('',(0.0459166209190027,0.104714512391793,-0.0496147075430543));
#9170=VECTOR('',#11306,1.0);
#9171=AXIS2_PLACEMENT_3D('',#11307,#11308,#11309);
#9172=CARTESIAN_POINT('',(0.0454166209190028,0.104714512391793,-0.0532913970849075));
#9173=AXIS2_PLACEMENT_3D('',#11310,#11311,#11312);
#9174=CARTESIAN_POINT('',(0.0454166209190027,0.104714512391793,-0.0501147075430543));
#9175=CARTESIAN_POINT('',(0.0454166209190027,0.104714512391793,-0.0496147075430543));
#9176=VECTOR('',#11313,1.0);
#9177=CARTESIAN_POINT('',(0.0454166209190027,0.107421133310795,-0.0501147075430543));
#9178=CARTESIAN_POINT('',(0.0454166209190027,0.107421133310795,-0.0501147075430543));
#9179=VECTOR('',#11314,1.0);
#9180=CARTESIAN_POINT('',(0.0454166209190027,0.107421133310795,-0.0496147075430543));
#9181=VECTOR('',#11315,1.0);
#9182=CARTESIAN_POINT('',(0.0427363398475647,0.104714512391793,-0.0532913970849075));
#9183=VECTOR('',#11316,1.0);
#9184=CARTESIAN_POINT('',(0.0432100000000004,0.107421133310795,-0.0501147075430543));
#9185=VECTOR('',#11317,1.0);
#9186=CARTESIAN_POINT('',(0.0432100000000004,0.107421133310795,-0.0496147075430543));
#9187=VECTOR('',#11318,1.0);
#9188=CARTESIAN_POINT('',(0.0434709483873177,0.104714512391793,-0.0496147075430543));
#9189=CARTESIAN_POINT('',(0.0454166209190027,0.104714512391793,-0.0496147075430543));
#9190=VECTOR('',#11319,1.0);
#9191=CARTESIAN_POINT('',(0.0434709483873177,0.104714512391793,-0.0501147075430543));
#9192=CARTESIAN_POINT('',(0.0434709483873177,0.104714512391793,-0.0496147075430543));
#9193=VECTOR('',#11320,1.0);
#9194=CARTESIAN_POINT('',(0.0454166209190027,0.104714512391793,-0.0501147075430543));
#9195=VECTOR('',#11321,1.0);
#9196=AXIS2_PLACEMENT_3D('',#11322,#11323,#11324);
#9197=AXIS2_PLACEMENT_3D('',#11325,#11326,#11327);
#9198=AXIS2_PLACEMENT_3D('',#11328,#11329,#11330);
#9199=AXIS2_PLACEMENT_3D('',#11331,#11332,#11333);
#9200=AXIS2_PLACEMENT_3D('',#11334,#11335,#11336);
#9201=AXIS2_PLACEMENT_3D('',#11337,#11338,#11339);
#9202=AXIS2_PLACEMENT_3D('',#11340,#11341,#11342);
#9203=AXIS2_PLACEMENT_3D('',#11343,#11344,#11345);
#9204=AXIS2_PLACEMENT_3D('',#11346,#11347,#11348);
#9205=CARTESIAN_POINT('',(0.0397535343479641,0.106317822851294,-0.0529513970849075));
#9206=CARTESIAN_POINT('',(0.039753534350673,0.105817822851294,-0.0529513970849075));
#9207=CARTESIAN_POINT('',(0.039753534350673,0.105817822851294,-0.0529513970849075));
#9208=VECTOR('',#11349,1.0);
#9209=CARTESIAN_POINT('',(0.0392771326671252,0.106317822851294,-0.0519206302843357));
#9210=AXIS2_PLACEMENT_3D('',#11350,#11351,#11352);
#9211=CARTESIAN_POINT('',(0.0392771326671252,0.105817822851294,-0.0519206302843358));
#9212=CARTESIAN_POINT('',(0.0392771326671252,0.105817822851294,-0.0519206302843357));
#9213=VECTOR('',#11353,1.0);
#9214=AXIS2_PLACEMENT_3D('',#11354,#11355,#11356);
#9215=CARTESIAN_POINT('',(0.0370469134343792,0.105817822851294,-0.0529513970849075));
#9216=CARTESIAN_POINT('',(0.0370469134316706,0.106317822851294,-0.0529513970849075));
#9217=CARTESIAN_POINT('',(0.0370469134343792,0.105817822851294,-0.0529513970849075));
#9218=VECTOR('',#11357,1.0);
#9219=CARTESIAN_POINT('',(0.037523315117927,0.105817822851294,-0.0519206302843358));
#9220=AXIS2_PLACEMENT_3D('',#11358,#11359,#11360);
#9221=CARTESIAN_POINT('',(0.037523315117927,0.106317822851294,-0.0519206302843358));
#9222=CARTESIAN_POINT('',(0.037523315117927,0.105817822851294,-0.0519206302843358));
#9223=VECTOR('',#11361,1.0);
#9224=AXIS2_PLACEMENT_3D('',#11362,#11363,#11364);
#9225=CARTESIAN_POINT('',(0.0377749479358019,0.105817822851294,-0.0529513970849075));
#9226=CARTESIAN_POINT('',(0.0377749479358019,0.106317822851294,-0.0529513970849075));
#9227=CARTESIAN_POINT('',(0.0377749479358019,0.105817822851294,-0.0529513970849075));
#9228=VECTOR('',#11365,1.0);
#9229=CARTESIAN_POINT('',(0.0390254998492503,0.105817822851294,-0.0529513970849075));
#9230=AXIS2_PLACEMENT_3D('',#11366,#11367,#11368);
#9231=CARTESIAN_POINT('',(0.0390254998492503,0.106317822851294,-0.0529513970849075));
#9232=CARTESIAN_POINT('',(0.0390254998492503,0.105817822851294,-0.0529513970849075));
#9233=VECTOR('',#11369,1.0);
#9234=AXIS2_PLACEMENT_3D('',#11370,#11371,#11372);
#9235=CARTESIAN_POINT('',(0.0409912736423361,0.104149888389153,-0.0406480608272604));
#9236=CARTESIAN_POINT('',(0.0409912736423361,0.107885246344438,-0.0406480608272604));
#9237=CARTESIAN_POINT('',(0.0409912736423361,0.106017567366796,-0.0406480608272604));
#9238=VECTOR('',#11373,1.0);
#9239=CARTESIAN_POINT('',(0.0408152407984155,0.104149888389153,-0.0404469339088668));
#9240=AXIS2_PLACEMENT_3D('',#11374,#11375,#11376);
#9241=CARTESIAN_POINT('',(0.0408152407984155,0.107885246344438,-0.0404469339088668));
#9242=CARTESIAN_POINT('',(0.0408152407984155,0.103649888389153,-0.0404469339088668));
#9243=VECTOR('',#11377,1.0);
#9244=AXIS2_PLACEMENT_3D('',#11378,#11379,#11380);
#9245=CARTESIAN_POINT('',(0.0415412346335597,0.107885246344438,-0.0405824817211529));
#9246=CARTESIAN_POINT('',(0.0415412346335597,0.104149888389153,-0.0405824817211529));
#9247=CARTESIAN_POINT('',(0.0415412346335597,0.106017567366796,-0.0405824817211529));
#9248=VECTOR('',#11381,1.0);
#9249=CARTESIAN_POINT('',(0.0410992684642475,0.107885246344438,-0.0400838083986194));
#9250=AXIS2_PLACEMENT_3D('',#11382,#11383,#11384);
#9251=CARTESIAN_POINT('',(0.0410992684642475,0.104149888389153,-0.0400838083986194));
#9252=CARTESIAN_POINT('',(0.0410992684642475,0.106002567366796,-0.0400838083986194));
#9253=VECTOR('',#11385,1.0);
#9254=AXIS2_PLACEMENT_3D('',#11386,#11387,#11388);
#9255=CARTESIAN_POINT('',(0.0387048946402426,0.104149888389153,-0.0432637649756018));
#9256=CARTESIAN_POINT('',(0.0387048946402426,0.107885246344438,-0.0432637649756018));
#9257=CARTESIAN_POINT('',(0.0387048946402426,0.106017567366796,-0.0432637649756018));
#9258=VECTOR('',#11389,1.0);
#9259=CARTESIAN_POINT('',(0.0386502238911718,0.104149888389153,-0.043498204953445));
#9260=AXIS2_PLACEMENT_3D('',#11390,#11391,#11392);
#9261=CARTESIAN_POINT('',(0.0386502238911718,0.107885246344438,-0.043498204953445));
#9262=CARTESIAN_POINT('',(0.0386502238911718,0.106042695109045,-0.043498204953445));
#9263=VECTOR('',#11393,1.0);
#9264=AXIS2_PLACEMENT_3D('',#11394,#11395,#11396);
#9265=CARTESIAN_POINT('',(0.0388576280542327,0.104149888389153,-0.0430776910702146));
#9266=CARTESIAN_POINT('',(0.0386502238911718,0.104149888389153,-0.0432368004890363));
#9267=CARTESIAN_POINT('',(0.0402074607867833,0.104149888389153,-0.0420421713467282));
#9268=VECTOR('',#11397,1.0);
#9269=CARTESIAN_POINT('',(0.0386502238911718,0.104149888389153,-0.0439847075430543));
#9270=VECTOR('',#11398,1.0);
#9271=AXIS2_PLACEMENT_3D('',#11399,#11400,#11401);
#9272=CARTESIAN_POINT('',(0.0388576280542327,0.107885246344438,-0.0430776910702146));
#9273=AXIS2_PLACEMENT_3D('',#11402,#11403,#11404);
#9274=CARTESIAN_POINT('',(0.0388576280542327,0.106042695109045,-0.0430776910702146));
#9275=VECTOR('',#11405,1.0);
#9276=CARTESIAN_POINT('',(0.0386502238911718,0.104149888389153,-0.0445305405546527));
#9277=CARTESIAN_POINT('',(0.0386502238911718,0.104149888389153,-0.0439847075430543));
#9278=VECTOR('',#11406,1.0);
#9279=CARTESIAN_POINT('',(0.0386502238911718,0.105190914075341,-0.0458447075430543));
#9280=CARTESIAN_POINT('',(0.0386502238911718,0.105190914075341,-0.0458447075430543));
#9281=CARTESIAN_POINT('',(0.0386502238911718,0.105017409794309,-0.0456256797116541));
#9282=CARTESIAN_POINT('',(0.0386502238911718,0.104843905513278,-0.0454066518802538));
#9283=CARTESIAN_POINT('',(0.0386502238911718,0.104496896951215,-0.0449685962174532));
#9284=CARTESIAN_POINT('',(0.0386502238911718,0.104323392670184,-0.044749568386053));
#9285=CARTESIAN_POINT('',(0.0386502238911718,0.104149888389153,-0.0445305405546527));
#9286=CARTESIAN_POINT('',(0.0386502238911718,0.105190914075341,-0.0482547075430543));
#9287=CARTESIAN_POINT('',(0.0386502238911718,0.105190914075341,-0.0458447075430543));
#9288=VECTOR('',#11407,1.0);
#9289=CARTESIAN_POINT('',(0.0386502238911718,0.105817822851294,-0.0482547075430543));
#9290=CARTESIAN_POINT('',(0.0386502238911718,0.105629367904882,-0.0482547075430543));
#9291=VECTOR('',#11408,1.0);
#9292=CARTESIAN_POINT('',(0.0386502238911718,0.105817822851294,-0.0473347075430543));
#9293=CARTESIAN_POINT('',(0.0386502238911718,0.105817822851294,-0.0439847075430543));
#9294=VECTOR('',#11409,1.0);
#9295=CARTESIAN_POINT('',(0.0386502238911718,0.106317822851294,-0.0473347075430543));
#9296=CARTESIAN_POINT('',(0.0386502238911718,0.107387710905709,-0.0473347075430543));
#9297=VECTOR('',#11410,1.0);
#9298=CARTESIAN_POINT('',(0.0386502238911718,0.106317822851294,-0.0482547075430543));
#9299=CARTESIAN_POINT('',(0.0386502238911718,0.106317822851294,-0.0492747075430543));
#9300=VECTOR('',#11411,1.0);
#9301=CARTESIAN_POINT('',(0.0386502238911718,0.106985568770579,-0.0482547075430543));
#9302=CARTESIAN_POINT('',(0.0386502238911718,0.105629367904882,-0.0482547075430543));
#9303=VECTOR('',#11412,1.0);
#9304=CARTESIAN_POINT('',(0.0386502238911718,0.106985568770579,-0.0458447075430543));
#9305=CARTESIAN_POINT('',(0.0386502238911718,0.106985568770579,-0.0458447075430543));
#9306=VECTOR('',#11413,1.0);
#9307=CARTESIAN_POINT('',(0.0386502238911718,0.107885246344438,-0.0445720293777215));
#9308=CARTESIAN_POINT('',(0.0386502238911718,0.107885246344438,-0.0445720293777215));
#9309=CARTESIAN_POINT('',(0.0386502238911718,0.107735300082128,-0.044784142405277));
#9310=CARTESIAN_POINT('',(0.0386502238911718,0.107585353819819,-0.0449962554328324));
#9311=CARTESIAN_POINT('',(0.0386502238911718,0.107285461295199,-0.0454204814879434));
#9312=CARTESIAN_POINT('',(0.0386502238911718,0.107135515032889,-0.0456325945154988));
#9313=CARTESIAN_POINT('',(0.0386502238911718,0.106985568770579,-0.0458447075430543));
#9314=CARTESIAN_POINT('',(0.0386502238911718,0.107885246344438,-0.0439847075430543));
#9315=VECTOR('',#11414,1.0);
#9316=CARTESIAN_POINT('',(0.0381502238911718,0.106317822851294,-0.0482547075430543));
#9317=CARTESIAN_POINT('',(0.0381502238911718,0.106317822851294,-0.0473347075430543));
#9318=CARTESIAN_POINT('',(0.0381502238911718,0.106317822851294,-0.0439847075430543));
#9319=VECTOR('',#11415,1.0);
#9320=CARTESIAN_POINT('',(0.0381502238911718,0.105817822851294,-0.0473347075430543));
#9321=CARTESIAN_POINT('',(0.0381502238911718,0.107355083163459,-0.0473347075430543));
#9322=VECTOR('',#11416,1.0);
#9323=CARTESIAN_POINT('',(0.0381502238911718,0.105817822851294,-0.0482547075430543));
#9324=CARTESIAN_POINT('',(0.0381502238911717,0.105817822851294,-0.0386947075430543));
#9325=VECTOR('',#11417,1.0);
#9326=CARTESIAN_POINT('',(0.0381502238911718,0.105190914075341,-0.0482547075430543));
#9327=CARTESIAN_POINT('',(0.0381502238911718,0.105596740162632,-0.0482547075430543));
#9328=VECTOR('',#11418,1.0);
#9329=CARTESIAN_POINT('',(0.0381502238911718,0.105190914075341,-0.0458447075430543));
#9330=CARTESIAN_POINT('',(0.0381502238911718,0.105190914075341,-0.0458447075430543));
#9331=VECTOR('',#11419,1.0);
#9332=CARTESIAN_POINT('',(0.0381502238911718,0.104149888389153,-0.0445305405546527));
#9333=CARTESIAN_POINT('',(0.0381502238911718,0.104149888389153,-0.0445305405546527));
#9334=CARTESIAN_POINT('',(0.0381502238911718,0.104323392670184,-0.044749568386053));
#9335=CARTESIAN_POINT('',(0.0381502238911718,0.104496896951215,-0.0449685962174533));
#9336=CARTESIAN_POINT('',(0.0381502238911718,0.104843905513278,-0.0454066518802538));
#9337=CARTESIAN_POINT('',(0.0381502238911718,0.105017409794309,-0.0456256797116541));
#9338=CARTESIAN_POINT('',(0.0381502238911718,0.105190914075341,-0.0458447075430543));
#9339=CARTESIAN_POINT('',(0.0381502238911717,0.104149888389153,-0.0431883230529132));
#9340=CARTESIAN_POINT('',(0.0381502238911717,0.104149888389153,-0.0386947075430543));
#9341=VECTOR('',#11420,1.0);
#9342=CARTESIAN_POINT('',(0.0381502238911718,0.107885246344438,-0.0431883230529132));
#9343=CARTESIAN_POINT('',(0.0381502238911718,0.106010067366796,-0.0431883230529132));
#9344=VECTOR('',#11421,1.0);
#9345=CARTESIAN_POINT('',(0.0381502238911718,0.107885246344438,-0.0445720293777215));
#9346=CARTESIAN_POINT('',(0.0381502238911717,0.107885246344438,-0.0386947075430543));
#9347=VECTOR('',#11422,1.0);
#9348=CARTESIAN_POINT('',(0.0381502238911718,0.106985568770579,-0.0458447075430543));
#9349=CARTESIAN_POINT('',(0.0381502238911718,0.106985568770579,-0.0458447075430543));
#9350=CARTESIAN_POINT('',(0.0381502238911718,0.107135515032889,-0.0456325945154989));
#9351=CARTESIAN_POINT('',(0.0381502238911718,0.107285461295199,-0.0454204814879434));
#9352=CARTESIAN_POINT('',(0.0381502238911718,0.107585353819819,-0.0449962554328324));
#9353=CARTESIAN_POINT('',(0.0381502238911718,0.107735300082128,-0.044784142405277));
#9354=CARTESIAN_POINT('',(0.0381502238911718,0.107885246344438,-0.0445720293777215));
#9355=CARTESIAN_POINT('',(0.0381502238911718,0.106985568770579,-0.0482547075430543));
#9356=CARTESIAN_POINT('',(0.0381502238911718,0.106985568770579,-0.0458447075430543));
#9357=VECTOR('',#11423,1.0);
#9358=CARTESIAN_POINT('',(0.0381502238911718,0.105596740162632,-0.0482547075430543));
#9359=VECTOR('',#11424,1.0);
#9360=CARTESIAN_POINT('',(0.0381502238911717,0.107885246344438,-0.0391777526586181));
#9361=CARTESIAN_POINT('',(0.0381502238911717,0.107885246344438,-0.0395874075470808));
#9362=CARTESIAN_POINT('',(0.0381502238911717,0.107885246344438,-0.0386947075430543));
#9363=VECTOR('',#11425,1.0);
#9364=CARTESIAN_POINT('',(0.0381502238911717,0.104149888389153,-0.0395874075470808));
#9365=CARTESIAN_POINT('',(0.0381502238911717,0.106010067366796,-0.0395874075470807));
#9366=VECTOR('',#11426,1.0);
#9367=CARTESIAN_POINT('',(0.0381502238911717,0.104149888389153,-0.0391777526586181));
#9368=CARTESIAN_POINT('',(0.0381502238911717,0.104149888389153,-0.0386947075430543));
#9369=VECTOR('',#11427,1.0);
#9370=CARTESIAN_POINT('',(0.0381502238911717,0.106010067366796,-0.0391777526586181));
#9371=VECTOR('',#11428,1.0);
#9372=CARTESIAN_POINT('',(0.0381502238911718,0.107885246344438,-0.0445720293777215));
#9373=CARTESIAN_POINT('',(0.0382335572245051,0.107885246344438,-0.0445720293777215));
#9374=CARTESIAN_POINT('',(0.0383168905578384,0.107885246344438,-0.0445720293777215));
#9375=CARTESIAN_POINT('',(0.0384835572245051,0.107885246344438,-0.0445720293777215));
#9376=CARTESIAN_POINT('',(0.0385668905578384,0.107885246344438,-0.0445720293777215));
#9377=CARTESIAN_POINT('',(0.0386502238911718,0.107885246344438,-0.0445720293777215));
#9378=CARTESIAN_POINT('',(0.0409019306616954,0.107885246344438,-0.0408940786844922));
#9379=CARTESIAN_POINT('',(0.0397371198702048,0.107885246344438,-0.0418652434275091));
#9380=VECTOR('',#11429,1.0);
#9381=AXIS2_PLACEMENT_3D('',#11430,#11431,#11432);
#9382=CARTESIAN_POINT('',(0.0387596121147137,0.107885246344438,-0.0397839486051403));
#9383=VECTOR('',#11433,1.0);
#9384=CARTESIAN_POINT('',(0.0388287086009111,0.107885246344438,-0.0393862082958692));
#9385=VECTOR('',#11434,1.0);
#9386=CARTESIAN_POINT('',(0.0413008576582099,0.107885246344438,-0.0412033755473249));
#9387=AXIS2_PLACEMENT_3D('',#11435,#11436,#11437);
#9388=CARTESIAN_POINT('',(0.0402074607867833,0.107885246344438,-0.0420421713467282));
#9389=VECTOR('',#11438,1.0);
#9390=CARTESIAN_POINT('',(0.0413008576582099,0.104149888389153,-0.0412033755473249));
#9391=CARTESIAN_POINT('',(0.0402074607867833,0.104149888389153,-0.0420421713467282));
#9392=VECTOR('',#11439,1.0);
#9393=AXIS2_PLACEMENT_3D('',#11440,#11441,#11442);
#9394=CARTESIAN_POINT('',(0.0388287086009111,0.104149888389153,-0.0393862082958692));
#9395=VECTOR('',#11443,1.0);
#9396=CARTESIAN_POINT('',(0.0387596121147137,0.104149888389153,-0.0397839486051403));
#9397=VECTOR('',#11444,1.0);
#9398=CARTESIAN_POINT('',(0.0409019306616954,0.104149888389153,-0.0408940786844922));
#9399=AXIS2_PLACEMENT_3D('',#11445,#11446,#11447);
#9400=CARTESIAN_POINT('',(0.0397371198702048,0.104149888389153,-0.0418652434275091));
#9401=VECTOR('',#11448,1.0);
#9402=CARTESIAN_POINT('',(0.0386502238911718,0.104149888389153,-0.0445305405546527));
#9403=CARTESIAN_POINT('',(0.0385668905578384,0.104149888389153,-0.0445305405546527));
#9404=CARTESIAN_POINT('',(0.0384835572245051,0.104149888389153,-0.0445305405546527));
#9405=CARTESIAN_POINT('',(0.0383168905578384,0.104149888389153,-0.0445305405546527));
#9406=CARTESIAN_POINT('',(0.0382335572245051,0.104149888389153,-0.0445305405546527));
#9407=CARTESIAN_POINT('',(0.0381502238911718,0.104149888389153,-0.0445305405546527));
#9408=CARTESIAN_POINT('',(0.0413008576582099,0.106002567366796,-0.0412033755473249));
#9409=VECTOR('',#11449,1.0);
#9410=CARTESIAN_POINT('',(0.0409019306616954,0.103649888389153,-0.0408940786844922));
#9411=VECTOR('',#11450,1.0);
#9412=CARTESIAN_POINT('',(0.0392771326671252,0.106317822851294,-0.0473347075430543));
#9413=CARTESIAN_POINT('',(0.0392771326671252,0.106317822851294,-0.0499361882283746));
#9414=VECTOR('',#11451,1.0);
#9415=CARTESIAN_POINT('',(0.0392771326671252,0.105817822851294,-0.0473347075430543));
#9416=CARTESIAN_POINT('',(0.0392771326671252,0.107262710905709,-0.0473347075430543));
#9417=VECTOR('',#11452,1.0);
#9418=CARTESIAN_POINT('',(0.0392771326671252,0.105817822851294,-0.0499361882283746));
#9419=VECTOR('',#11453,1.0);
#9420=CARTESIAN_POINT('',(0.0397527396878356,0.105817822851294,-0.0482547075430543));
#9421=VECTOR('',#11454,1.0);
#9422=CARTESIAN_POINT('',(0.0374824779718871,0.105817822851294,-0.0473347075430543));
#9423=CARTESIAN_POINT('',(0.0388713065798336,0.105817822851294,-0.0473347075430543));
#9424=VECTOR('',#11455,1.0);
#9425=CARTESIAN_POINT('',(0.0374824779718871,0.105817822851294,-0.0519206302843358));
#9426=CARTESIAN_POINT('',(0.0374824779718871,0.105817822851294,-0.0499361882283746));
#9427=VECTOR('',#11456,1.0);
#9428=CARTESIAN_POINT('',(0.0379515602180394,0.105817822851294,-0.0519206302843358));
#9429=VECTOR('',#11457,1.0);
#9430=AXIS2_PLACEMENT_3D('',#11458,#11459,#11460);
#9431=CARTESIAN_POINT('',(0.0388713065798336,0.105817822851294,-0.0473347075430543));
#9432=VECTOR('',#11461,1.0);
#9433=AXIS2_PLACEMENT_3D('',#11462,#11463,#11464);
#9434=CARTESIAN_POINT('',(0.0374824779718871,0.106317822851294,-0.0473347075430543));
#9435=CARTESIAN_POINT('',(0.0374824779718871,0.106317822851294,-0.0519206302843358));
#9436=CARTESIAN_POINT('',(0.0374824779718871,0.106317822851294,-0.0499361882283746));
#9437=VECTOR('',#11465,1.0);
#9438=CARTESIAN_POINT('',(0.0374824779718871,0.105817822851294,-0.0519206302843358));
#9439=VECTOR('',#11466,1.0);
#9440=CARTESIAN_POINT('',(0.0374824779718871,0.107262710905709,-0.0473347075430543));
#9441=VECTOR('',#11467,1.0);
#9442=CARTESIAN_POINT('',(0.0388386788375843,0.106317822851294,-0.0473347075430543));
#9443=VECTOR('',#11468,1.0);
#9444=AXIS2_PLACEMENT_3D('',#11469,#11470,#11471);
#9445=AXIS2_PLACEMENT_3D('',#11472,#11473,#11474);
#9446=CARTESIAN_POINT('',(0.0379515602180394,0.106317822851294,-0.0519206302843358));
#9447=VECTOR('',#11475,1.0);
#9448=CARTESIAN_POINT('',(0.0386502238911718,0.105190914075341,-0.0482547075430543));
#9449=VECTOR('',#11476,1.0);
#9450=CARTESIAN_POINT('',(0.0397201119455862,0.106317822851294,-0.0482547075430543));
#9451=VECTOR('',#11477,1.0);
#9452=CARTESIAN_POINT('',(0.0381502238911718,0.106985568770579,-0.0482547075430543));
#9453=VECTOR('',#11478,1.0);
#9454=CARTESIAN_POINT('',(0.0386502238911718,0.105190914075341,-0.0458447075430543));
#9455=CARTESIAN_POINT('',(0.0385668905578384,0.105190914075341,-0.0458447075430543));
#9456=CARTESIAN_POINT('',(0.0384835572245051,0.105190914075341,-0.0458447075430543));
#9457=CARTESIAN_POINT('',(0.0383168905578384,0.105190914075341,-0.0458447075430543));
#9458=CARTESIAN_POINT('',(0.0382335572245051,0.105190914075341,-0.0458447075430543));
#9459=CARTESIAN_POINT('',(0.0381502238911718,0.105190914075341,-0.0458447075430543));
#9460=CARTESIAN_POINT('',(0.0381502238911718,0.106985568770579,-0.0458447075430543));
#9461=CARTESIAN_POINT('',(0.0382335572245051,0.106985568770579,-0.0458447075430543));
#9462=CARTESIAN_POINT('',(0.0383168905578384,0.106985568770579,-0.0458447075430543));
#9463=CARTESIAN_POINT('',(0.0384835572245051,0.106985568770579,-0.0458447075430543));
#9464=CARTESIAN_POINT('',(0.0385668905578385,0.106985568770579,-0.0458447075430543));
#9465=CARTESIAN_POINT('',(0.0386502238911718,0.106985568770579,-0.0458447075430543));
#9466=CARTESIAN_POINT('',(0.0388386788375843,0.106317822851294,-0.0473347075430543));
#9467=VECTOR('',#11479,1.0);
#9468=CARTESIAN_POINT('',(0.0391812009125724,0.109053564871776,-0.0529513970849075));
#9469=CARTESIAN_POINT('',(0.0391812009125724,0.109553564871776,-0.0529513970849075));
#9470=CARTESIAN_POINT('',(0.0391812009125724,0.109303564871776,-0.0529513970849075));
#9471=VECTOR('',#11480,1.0);
#9472=CARTESIAN_POINT('',(0.0404317528260207,0.109053564871776,-0.0529513970849075));
#9473=AXIS2_PLACEMENT_3D('',#11481,#11482,#11483);
#9474=CARTESIAN_POINT('',(0.0404317528260207,0.109553564871776,-0.0529513970849075));
#9475=CARTESIAN_POINT('',(0.0404317528260207,0.109303564871776,-0.0529513970849075));
#9476=VECTOR('',#11484,1.0);
#9477=AXIS2_PLACEMENT_3D('',#11485,#11486,#11487);
#9478=CARTESIAN_POINT('',(0.0411597873274435,0.109553564871776,-0.0529513970849075));
#9479=CARTESIAN_POINT('',(0.0411597873274435,0.109053564871776,-0.0529513970849075));
#9480=CARTESIAN_POINT('',(0.0411597873274435,0.109303564871776,-0.0529513970849075));
#9481=VECTOR('',#11488,1.0);
#9482=CARTESIAN_POINT('',(0.0406833856438956,0.109553564871776,-0.0519206302843357));
#9483=AXIS2_PLACEMENT_3D('',#11489,#11490,#11491);
#9484=CARTESIAN_POINT('',(0.0406833856438956,0.109053564871776,-0.0519206302843357));
#9485=CARTESIAN_POINT('',(0.0406833856438956,0.110903564871776,-0.0519206302843358));
#9486=VECTOR('',#11492,1.0);
#9487=AXIS2_PLACEMENT_3D('',#11493,#11494,#11495);
#9488=CARTESIAN_POINT('',(0.0384531664111497,0.109053564871776,-0.0529513970849075));
#9489=CARTESIAN_POINT('',(0.0384531664111497,0.109553564871776,-0.0529513970849075));
#9490=CARTESIAN_POINT('',(0.0384531664111497,0.109303564871776,-0.0529513970849075));
#9491=VECTOR('',#11496,1.0);
#9492=CARTESIAN_POINT('',(0.0389295680946975,0.109053564871776,-0.0519206302843357));
#9493=AXIS2_PLACEMENT_3D('',#11497,#11498,#11499);
#9494=CARTESIAN_POINT('',(0.0389295680946975,0.109553564871776,-0.0519206302843357));
#9495=CARTESIAN_POINT('',(0.0389295680946975,0.110903564871776,-0.0519206302843357));
#9496=VECTOR('',#11500,1.0);
#9497=AXIS2_PLACEMENT_3D('',#11501,#11502,#11503);
#9498=CARTESIAN_POINT('',(0.0389295680946975,0.109260671652963,-0.0451876007618677));
#9499=CARTESIAN_POINT('',(0.0407242227899355,0.109260671652963,-0.0451876007618677));
#9500=CARTESIAN_POINT('',(0.0403906106930765,0.109260671652963,-0.0451876007618677));
#9501=VECTOR('',#11504,1.0);
#9502=CARTESIAN_POINT('',(0.0389295680946975,0.108553564871776,-0.0448947075430543));
#9503=AXIS2_PLACEMENT_3D('',#11505,#11506,#11507);
#9504=CARTESIAN_POINT('',(0.0398242227899356,0.108553564871776,-0.0448947075430543));
#9505=CARTESIAN_POINT('',(0.0403906106930765,0.108553564871776,-0.0448947075430543));
#9506=VECTOR('',#11508,1.0);
#9507=CARTESIAN_POINT('',(0.040555320294098,0.108553564871776,-0.0448947075430543));
#9508=CARTESIAN_POINT('',(0.0403906106930765,0.108553564871776,-0.0448947075430543));
#9509=VECTOR('',#11509,1.0);
#9510=CARTESIAN_POINT('',(0.0407242227899356,0.108722467367614,-0.0449090747783291));
#9511=AXIS2_PLACEMENT_3D('',#11510,#11511,#11512);
#9512=AXIS2_PLACEMENT_3D('',#11513,#11514,#11515);
#9513=CARTESIAN_POINT('',(0.0407242227899355,0.108907118262369,-0.045541154152461));
#9514=CARTESIAN_POINT('',(0.0389295680946975,0.108907118262369,-0.045541154152461));
#9515=CARTESIAN_POINT('',(0.0398064768706509,0.108907118262369,-0.045541154152461));
#9516=VECTOR('',#11516,1.0);
#9517=CARTESIAN_POINT('',(0.0407242227899356,0.108722467367614,-0.0454240994822438));
#9518=AXIS2_PLACEMENT_3D('',#11517,#11518,#11519);
#9519=CARTESIAN_POINT('',(0.040555320294098,0.108553564871776,-0.0453947075430543));
#9520=AXIS2_PLACEMENT_3D('',#11520,#11521,#11522);
#9521=CARTESIAN_POINT('',(0.0389295680946975,0.108553564871776,-0.0453947075430543));
#9522=CARTESIAN_POINT('',(0.0398064768706509,0.108553564871776,-0.0453947075430543));
#9523=VECTOR('',#11523,1.0);
#9524=AXIS2_PLACEMENT_3D('',#11524,#11525,#11526);
#9525=CARTESIAN_POINT('',(0.0389295680946975,0.109053564871776,-0.0458947075430543));
#9526=AXIS2_PLACEMENT_3D('',#11527,#11528,#11529);
#9527=CARTESIAN_POINT('',(0.0407242227899356,0.109053564871776,-0.0458947075430543));
#9528=CARTESIAN_POINT('',(0.0398064768706509,0.109053564871776,-0.0458947075430543));
#9529=VECTOR('',#11530,1.0);
#9530=AXIS2_PLACEMENT_3D('',#11531,#11532,#11533);
#9531=CARTESIAN_POINT('',(0.0398242227899356,0.107822467367614,-0.0453947075430543));
#9532=CARTESIAN_POINT('',(0.040662560686155,0.108660805263833,-0.0453947075430543));
#9533=VECTOR('',#11534,1.0);
#9534=CARTESIAN_POINT('',(0.0398242227899356,0.104919888389153,-0.0453947075430543));
#9535=CARTESIAN_POINT('',(0.0398242227899356,0.110955045557096,-0.0453947075430543));
#9536=VECTOR('',#11535,1.0);
#9537=CARTESIAN_POINT('',(0.0394942227899356,0.104589888389153,-0.0453947075430543));
#9538=CARTESIAN_POINT('',(0.0410807054307702,0.106176371029987,-0.0453947075430543));
#9539=VECTOR('',#11536,1.0);
#9540=CARTESIAN_POINT('',(0.0389295680946975,0.104589888389153,-0.0453947075430543));
#9541=CARTESIAN_POINT('',(0.0404232384353258,0.104589888389153,-0.0453947075430543));
#9542=VECTOR('',#11537,1.0);
#9543=CARTESIAN_POINT('',(0.0389295680946975,0.104842895260033,-0.0453947075430543));
#9544=CARTESIAN_POINT('',(0.0389295680946975,0.107613564871776,-0.0453947075430543));
#9545=VECTOR('',#11538,1.0);
#9546=CARTESIAN_POINT('',(0.0387702238911718,0.105002239463558,-0.0453947075430543));
#9547=CARTESIAN_POINT('',(0.0377539557839872,0.106018507570743,-0.0453947075430543));
#9548=VECTOR('',#11539,1.0);
#9549=CARTESIAN_POINT('',(0.0387702238911718,0.106991086989758,-0.0453947075430543));
#9550=CARTESIAN_POINT('',(0.0387702238911718,0.105003564871776,-0.0453947075430543));
#9551=VECTOR('',#11540,1.0);
#9552=CARTESIAN_POINT('',(0.0389295680946975,0.107192239463558,-0.0453947075430543));
#9553=CARTESIAN_POINT('',(0.0389295680946975,0.107192239463558,-0.0453947075430543));
#9554=CARTESIAN_POINT('',(0.038876453360189,0.107125188638958,-0.0453947075430543));
#9555=CARTESIAN_POINT('',(0.0388233386256804,0.107058137814358,-0.0453947075430543));
#9556=CARTESIAN_POINT('',(0.0387702238911718,0.106991086989758,-0.0453947075430543));
#9557=CARTESIAN_POINT('',(0.0389295680946975,0.110955045557096,-0.0453947075430543));
#9558=VECTOR('',#11541,1.0);
#9559=CARTESIAN_POINT('',(0.0407242227899356,0.109553564871776,-0.0458947075430543));
#9560=AXIS2_PLACEMENT_3D('',#11542,#11543,#11544);
#9561=CARTESIAN_POINT('',(0.0389295680946975,0.109553564871776,-0.0458947075430543));
#9562=CARTESIAN_POINT('',(0.0403906106930765,0.109553564871776,-0.0458947075430543));
#9563=VECTOR('',#11545,1.0);
#9564=AXIS2_PLACEMENT_3D('',#11546,#11547,#11548);
#9565=CARTESIAN_POINT('',(0.0389295680946976,0.109553564871776,-0.0477510334997077));
#9566=VECTOR('',#11549,1.0);
#9567=CARTESIAN_POINT('',(0.0389295680946975,0.109053564871776,-0.0470847075430543));
#9568=VECTOR('',#11550,1.0);
#9569=CARTESIAN_POINT('',(0.0389295680946975,0.107192239463558,-0.0448947075430543));
#9570=CARTESIAN_POINT('',(0.0389295680946975,0.107192239463558,-0.0453947075430543));
#9571=CARTESIAN_POINT('',(0.0389295680946975,0.107192239463558,-0.0453113742097209));
#9572=CARTESIAN_POINT('',(0.0389295680946975,0.107192239463558,-0.0452280408763876));
#9573=CARTESIAN_POINT('',(0.0389295680946975,0.107192239463558,-0.0450613742097209));
#9574=CARTESIAN_POINT('',(0.0389295680946975,0.107192239463558,-0.0449780408763876));
#9575=CARTESIAN_POINT('',(0.0389295680946975,0.107192239463558,-0.0448947075430543));
#9576=CARTESIAN_POINT('',(0.0389295680946975,0.110955045557096,-0.0448947075430543));
#9577=VECTOR('',#11551,1.0);
#9578=CARTESIAN_POINT('',(0.0398242227899356,0.107822467367614,-0.0448947075430543));
#9579=CARTESIAN_POINT('',(0.0398242227899356,0.105665045557096,-0.0448947075430543));
#9580=VECTOR('',#11552,1.0);
#9581=CARTESIAN_POINT('',(0.0380012468150303,0.105999491392708,-0.0448947075430543));
#9582=VECTOR('',#11553,1.0);
#9583=AXIS2_PLACEMENT_3D('',#11554,#11555,#11556);
#9584=CARTESIAN_POINT('',(0.0407242227899356,0.109553564871776,-0.0519206302843357));
#9585=CARTESIAN_POINT('',(0.0407242227899356,0.109553564871776,-0.0477510334997077));
#9586=VECTOR('',#11557,1.0);
#9587=CARTESIAN_POINT('',(0.0408719021084582,0.109553564871776,-0.0519206302843357));
#9588=VECTOR('',#11558,1.0);
#9589=AXIS2_PLACEMENT_3D('',#11559,#11560,#11561);
#9590=CARTESIAN_POINT('',(0.0407242227899356,0.108722467367614,-0.049507514185028));
#9591=VECTOR('',#11562,1.0);
#9592=CARTESIAN_POINT('',(0.0407242227899356,0.109053564871776,-0.0519206302843357));
#9593=CARTESIAN_POINT('',(0.0407242227899356,0.109053564871776,-0.0470847075430543));
#9594=VECTOR('',#11563,1.0);
#9595=CARTESIAN_POINT('',(0.0407242227899356,0.110903564871776,-0.0519206302843358));
#9596=VECTOR('',#11564,1.0);
#9597=CARTESIAN_POINT('',(0.0387702238911718,0.106991086989758,-0.0448947075430543));
#9598=CARTESIAN_POINT('',(0.0389295680946975,0.107192239463558,-0.0448947075430543));
#9599=CARTESIAN_POINT('',(0.0388764533601889,0.107125188638958,-0.0448947075430543));
#9600=CARTESIAN_POINT('',(0.0388233386256804,0.107058137814358,-0.0448947075430543));
#9601=CARTESIAN_POINT('',(0.0387702238911718,0.106991086989758,-0.0448947075430543));
#9602=CARTESIAN_POINT('',(0.0387702238911718,0.105002239463558,-0.0448947075430543));
#9603=CARTESIAN_POINT('',(0.0387702238911718,0.099713564871776,-0.0448947075430542));
#9604=VECTOR('',#11565,1.0);
#9605=CARTESIAN_POINT('',(0.0389295680946975,0.104842895260033,-0.0448947075430543));
#9606=CARTESIAN_POINT('',(0.0403826419128625,0.103389821441868,-0.0448947075430542));
#9607=VECTOR('',#11566,1.0);
#9608=CARTESIAN_POINT('',(0.0389295680946975,0.104589888389153,-0.0448947075430543));
#9609=CARTESIAN_POINT('',(0.0389295680946975,0.102323564871776,-0.0448947075430543));
#9610=VECTOR('',#11567,1.0);
#9611=CARTESIAN_POINT('',(0.0394942227899356,0.104589888389153,-0.0448947075430543));
#9612=CARTESIAN_POINT('',(0.0403906106930765,0.104589888389153,-0.0448947075430543));
#9613=VECTOR('',#11568,1.0);
#9614=CARTESIAN_POINT('',(0.0398242227899356,0.104919888389153,-0.0448947075430543));
#9615=CARTESIAN_POINT('',(0.0384193915596456,0.103515057158863,-0.0448947075430543));
#9616=VECTOR('',#11569,1.0);
#9617=CARTESIAN_POINT('',(0.0398242227899356,0.105665045557096,-0.0448947075430543));
#9618=VECTOR('',#11570,1.0);
#9619=CARTESIAN_POINT('',(0.0386602238911718,0.106852225508584,-0.0452847075430543));
#9620=CARTESIAN_POINT('',(0.0386602238290779,0.106852225430198,-0.0452847074809604));
#9621=CARTESIAN_POINT('',(0.0386968905164425,0.106898512616718,-0.045321374168325));
#9622=CARTESIAN_POINT('',(0.0387335572038071,0.106944799803238,-0.0453580408556896));
#9623=CARTESIAN_POINT('',(0.0387702238911718,0.106991086989758,-0.0453947075430543));
#9624=CARTESIAN_POINT('',(0.0386602238911718,0.105112239463558,-0.0452847075430543));
#9625=CARTESIAN_POINT('',(0.0393121797626885,0.104460283592042,-0.045936663414571));
#9626=VECTOR('',#11571,1.0);
#9627=CARTESIAN_POINT('',(0.0386602238911718,0.105003564871776,-0.0452847075430543));
#9628=VECTOR('',#11572,1.0);
#9629=CARTESIAN_POINT('',(0.0386602238911718,0.106852225508584,-0.0450047075430543));
#9630=CARTESIAN_POINT('',(0.0386602238911717,0.106852225508584,-0.0448947075430543));
#9631=CARTESIAN_POINT('',(0.0386602238911718,0.106852225508584,-0.0449780408763876));
#9632=CARTESIAN_POINT('',(0.0386602238911718,0.106852225508584,-0.0450613742097209));
#9633=CARTESIAN_POINT('',(0.0386602238911718,0.106852225508584,-0.0452280408763876));
#9634=CARTESIAN_POINT('',(0.0386602238911718,0.106852225508584,-0.0453113742097209));
#9635=CARTESIAN_POINT('',(0.0386602238911718,0.106852225508584,-0.0453947075430543));
#9636=CARTESIAN_POINT('',(0.0387702835380056,0.106991162286555,-0.0448946478962205));
#9637=CARTESIAN_POINT('',(0.038733596968363,0.106944850001103,-0.044931334465863));
#9638=CARTESIAN_POINT('',(0.0386969103987205,0.10689853771565,-0.0449680210355056));
#9639=CARTESIAN_POINT('',(0.0386602238290779,0.106852225430198,-0.0450047076051482));
#9640=CARTESIAN_POINT('',(0.0386602238911718,0.105112239463558,-0.0450047075430543));
#9641=CARTESIAN_POINT('',(0.0386602238911718,0.105112239463558,-0.0475479725423779));
#9642=VECTOR('',#11573,1.0);
#9643=CARTESIAN_POINT('',(0.0386602238911718,0.099713564871776,-0.0450047075430542));
#9644=VECTOR('',#11574,1.0);
#9645=CARTESIAN_POINT('',(0.0390528262169158,0.104719637137814,-0.0446121052173102));
#9646=VECTOR('',#11575,1.0);
#9647=CARTESIAN_POINT('',(0.0389295680946975,0.104842895260033,-0.0468562378617133));
#9648=VECTOR('',#11576,1.0);
#9649=CARTESIAN_POINT('',(0.0398242227899356,0.104919888389153,-0.0477510334997077));
#9650=VECTOR('',#11577,1.0);
#9651=CARTESIAN_POINT('',(0.0394942227899356,0.104589888389153,-0.0477510334997077));
#9652=VECTOR('',#11578,1.0);
#9653=CARTESIAN_POINT('',(0.0398242227899356,0.107822467367614,-0.0450197075430543));
#9654=VECTOR('',#11579,1.0);
#9655=CARTESIAN_POINT('',(0.0389295680946975,0.104589888389153,-0.0478760334997077));
#9656=VECTOR('',#11580,1.0);
#9657=CARTESIAN_POINT('',(0.0402551405437833,0.109053564871776,-0.0519206302843357));
#9658=VECTOR('',#11581,1.0);
#9659=AXIS2_PLACEMENT_3D('',#11582,#11583,#11584);
#9660=AXIS2_PLACEMENT_3D('',#11585,#11586,#11587);
#9661=CARTESIAN_POINT('',(0.0465400000000006,0.106055243686557,-0.0430432107910497));
#9662=CARTESIAN_POINT('',(0.0465400000000006,0.106055243686557,-0.0436826580412611));
#9663=CARTESIAN_POINT('',(0.0465400000000006,0.106055243686557,-0.0433629344161554));
#9664=VECTOR('',#11588,1.0);
#9665=CARTESIAN_POINT('',(0.0355400000000006,0.106055243686557,-0.0430721795902575));
#9666=CARTESIAN_POINT('',(0.0465400000000006,0.106055243686557,-0.0430432107910497));
#9667=CARTESIAN_POINT('',(0.0465400000000006,0.10665543645411,-0.0430432107910497));
#9668=CARTESIAN_POINT('',(0.0464371623775883,0.107290584980203,-0.0430434804944311));
#9669=CARTESIAN_POINT('',(0.0462246590853356,0.107890811764524,-0.0430440380048858));
#9670=CARTESIAN_POINT('',(0.0460109898842631,0.108494331719951,-0.0430445985741466));
#9671=CARTESIAN_POINT('',(0.0456866441939221,0.109062754896745,-0.0430454496353384));
#9672=CARTESIAN_POINT('',(0.0452924014963639,0.109543378075271,-0.0430464846493383));
#9673=CARTESIAN_POINT('',(0.0450684463630778,0.109816402860951,-0.0430470726036612));
#9674=CARTESIAN_POINT('',(0.0448285534541902,0.110057845279146,-0.0430477025356653));
#9675=CARTESIAN_POINT('',(0.044557916867403,0.110283039910838,-0.0430484134249083));
#9676=CARTESIAN_POINT('',(0.0440812286687878,0.110679688511064,-0.0430496655561027));
#9677=CARTESIAN_POINT('',(0.0435153005351373,0.111008385091211,-0.0430511527906935));
#9678=CARTESIAN_POINT('',(0.0429127187289953,0.111226599849313,-0.0430527375159095));
#9679=CARTESIAN_POINT('',(0.042398700671453,0.111412742751311,-0.0430540893280103));
#9680=CARTESIAN_POINT('',(0.0418577010262705,0.111519360856545,-0.0430555129062181));
#9681=CARTESIAN_POINT('',(0.0413338443068547,0.111547388579341,-0.0430568921883547));
#9682=CARTESIAN_POINT('',(0.0410654199081067,0.111561749996043,-0.0430575989330896));
#9683=CARTESIAN_POINT('',(0.0408030747695725,0.111556820557763,-0.043058289873292));
#9684=CARTESIAN_POINT('',(0.0405331532942309,0.111531839930288,-0.043059000977714));
#9685=CARTESIAN_POINT('',(0.039918321948344,0.11147493866746,-0.0430606207424559));
#9686=CARTESIAN_POINT('',(0.0392884916957813,0.111307816804079,-0.0430622811976982));
#9687=CARTESIAN_POINT('',(0.0387103651030678,0.111037492300084,-0.0430638063082036));
#9688=CARTESIAN_POINT('',(0.0383312925881708,0.110860242903742,-0.0430648063097294));
#9689=CARTESIAN_POINT('',(0.037973621413232,0.11063934967552,-0.0430657502810591));
#9690=CARTESIAN_POINT('',(0.0376519887236518,0.110387838704711,-0.0430665994174316));
#9691=CARTESIAN_POINT('',(0.037447685997183,0.110228077652001,-0.0430671387931905));
#9692=CARTESIAN_POINT('',(0.0372593802018573,0.110057772670366,-0.0430676360561234));
#9693=CARTESIAN_POINT('',(0.0370845314647879,0.109876796861242,-0.0430680978643671));
#9694=CARTESIAN_POINT('',(0.0366671107205861,0.109444748805343,-0.0430692003506875));
#9695=CARTESIAN_POINT('',(0.0363004544297104,0.108916989113987,-0.0430701692905668));
#9696=CARTESIAN_POINT('',(0.0360368284823757,0.108339598029742,-0.043070866115395));
#9697=CARTESIAN_POINT('',(0.0357719894952766,0.10775955015715,-0.0430715661465699));
#9698=CARTESIAN_POINT('',(0.0356107647979375,0.107129030679482,-0.0430719924759331));
#9699=CARTESIAN_POINT('',(0.0355592547009659,0.106515059918447,-0.0430721286772449));
#9700=CARTESIAN_POINT('',(0.0355462685687995,0.10636027268414,-0.0430721630147504));
#9701=CARTESIAN_POINT('',(0.0355400000000006,0.106206637714871,-0.0430721795902575));
#9702=CARTESIAN_POINT('',(0.0355400000000006,0.106055243686557,-0.0430721795902575));
#9703=CARTESIAN_POINT('',(0.0355400000000006,0.106055243686557,-0.0436536892420535));
#9704=CARTESIAN_POINT('',(0.0355400000000006,0.106055243686557,-0.0433629344161555));
#9705=VECTOR('',#11589,1.0);
#9706=CARTESIAN_POINT('',(0.0355400000000006,0.106055243686557,-0.0436536892420535));
#9707=CARTESIAN_POINT('',(0.0355400000000006,0.106653043476321,-0.0436536892420535));
#9708=CARTESIAN_POINT('',(0.0356420587465813,0.107286043154797,-0.0436539591396629));
#9709=CARTESIAN_POINT('',(0.0358530958529022,0.107884458099581,-0.0436545170357466));
#9710=CARTESIAN_POINT('',(0.0360652361477442,0.108486001235939,-0.043655077848211));
#9711=CARTESIAN_POINT('',(0.0363873171461184,0.109052815779014,-0.0436559291694857));
#9712=CARTESIAN_POINT('',(0.0367785044989282,0.109532261962945,-0.0436569626020887));
#9713=CARTESIAN_POINT('',(0.036997848003441,0.10980109326706,-0.0436575420603129));
#9714=CARTESIAN_POINT('',(0.037232561633241,0.110039360401174,-0.0436581619902545));
#9715=CARTESIAN_POINT('',(0.0374972855107231,0.11026228231812,-0.0436588609625429));
#9716=CARTESIAN_POINT('',(0.0379707298382503,0.110660966101628,-0.043660111036651));
#9717=CARTESIAN_POINT('',(0.0385335927375022,0.11099256619313,-0.0436615965141185));
#9718=CARTESIAN_POINT('',(0.0391336483072826,0.111214296237527,-0.0436631789803401));
#9719=CARTESIAN_POINT('',(0.0396501676046631,0.111405158305156,-0.0436645411447496));
#9720=CARTESIAN_POINT('',(0.0401945482030585,0.111515445812692,-0.0436659759618627));
#9721=CARTESIAN_POINT('',(0.0407214842957123,0.111546013008439,-0.0436673639757123));
#9722=CARTESIAN_POINT('',(0.0409853441762214,0.111561319336341,-0.0436680590147761));
#9723=CARTESIAN_POINT('',(0.041243700338181,0.11155794306802,-0.043668739360915));
#9724=CARTESIAN_POINT('',(0.0415095488161347,0.111535163750688,-0.0436694392331703));
#9725=CARTESIAN_POINT('',(0.0421261592022727,0.111482329279849,-0.0436710625206344));
#9726=CARTESIAN_POINT('',(0.0427583029772859,0.111318919857745,-0.0436727255213378));
#9727=CARTESIAN_POINT('',(0.0433391688923517,0.111051624617235,-0.0436742526593394));
#9728=CARTESIAN_POINT('',(0.0437235765158016,0.110874732970645,-0.0436752632944528));
#9729=CARTESIAN_POINT('',(0.0440863564191145,0.110653072805021,-0.0436762166340465));
#9730=CARTESIAN_POINT('',(0.044412371675622,0.11040002323004,-0.0436770730791565));
#9731=CARTESIAN_POINT('',(0.0446194124390345,0.110239320391324,-0.0436776169771669));
#9732=CARTESIAN_POINT('',(0.0448098843400606,0.110068081583489,-0.0436781172271946));
#9733=CARTESIAN_POINT('',(0.044987281169195,0.109885253003951,-0.043678583054699));
#9734=CARTESIAN_POINT('',(0.0454079978077948,0.109451654355099,-0.0436796878172967));
#9735=CARTESIAN_POINT('',(0.045776937909547,0.108921879602471,-0.0436806560894311));
#9736=CARTESIAN_POINT('',(0.0460419517183022,0.108342267737104,-0.0436813514557998));
#9737=CARTESIAN_POINT('',(0.0463081248617283,0.107760120290159,-0.0436820498641321));
#9738=CARTESIAN_POINT('',(0.0464698518503987,0.107127248359914,-0.0436824740450073));
#9739=CARTESIAN_POINT('',(0.0465210909852143,0.106510920778157,-0.0436826084437963));
#9740=CARTESIAN_POINT('',(0.0465338409387898,0.106357558546672,-0.0436826418865608));
#9741=CARTESIAN_POINT('',(0.0465400000000006,0.106205316990962,-0.0436826580412611));
#9742=CARTESIAN_POINT('',(0.0465400000000006,0.106055243686557,-0.0436826580412611));
#9743=CARTESIAN_POINT('',(0.0465400000000006,0.106055243686557,-0.0441032107910498));
#9744=CARTESIAN_POINT('',(0.0465400000000006,0.106055243686557,-0.0447426580412611));
#9745=CARTESIAN_POINT('',(0.0465400000000006,0.106055243686557,-0.0444229344161554));
#9746=VECTOR('',#11590,1.0);
#9747=CARTESIAN_POINT('',(0.0355400000000006,0.106055243686557,-0.0441321795902575));
#9748=CARTESIAN_POINT('',(0.0465400000000006,0.106055243686557,-0.0441032107910498));
#9749=CARTESIAN_POINT('',(0.0465400000000006,0.10665543645411,-0.0441032107910498));
#9750=CARTESIAN_POINT('',(0.0464371623775884,0.107290584980203,-0.0441034804944311));
#9751=CARTESIAN_POINT('',(0.0462246590853357,0.107890811764524,-0.0441040380048858));
#9752=CARTESIAN_POINT('',(0.0460109898842632,0.108494331719951,-0.0441045985741466));
#9753=CARTESIAN_POINT('',(0.0456866441939222,0.109062754896745,-0.0441054496353384));
#9754=CARTESIAN_POINT('',(0.045292401496364,0.109543378075271,-0.0441064846493383));
#9755=CARTESIAN_POINT('',(0.0450684463630785,0.109816402860951,-0.0441070726036612));
#9756=CARTESIAN_POINT('',(0.0448285534541916,0.110057845279145,-0.0441077025356654));
#9757=CARTESIAN_POINT('',(0.0445579168674053,0.110283039910836,-0.0441084134249083));
#9758=CARTESIAN_POINT('',(0.0440812286687903,0.110679688511062,-0.0441096655561027));
#9759=CARTESIAN_POINT('',(0.04351530053514,0.11100838509121,-0.0441111527906935));
#9760=CARTESIAN_POINT('',(0.0429127187289983,0.111226599849312,-0.0441127375159095));
#9761=CARTESIAN_POINT('',(0.0423987006714564,0.11141274275131,-0.0441140893280103));
#9762=CARTESIAN_POINT('',(0.0418577010262743,0.111519360856545,-0.0441155129062181));
#9763=CARTESIAN_POINT('',(0.0413338443068588,0.11154738857934,-0.0441168921883547));
#9764=CARTESIAN_POINT('',(0.0410654199081106,0.111561749996043,-0.0441175989330895));
#9765=CARTESIAN_POINT('',(0.0408030747695763,0.111556820557763,-0.044118289873292));
#9766=CARTESIAN_POINT('',(0.0405331532942345,0.111531839930288,-0.044119000977714));
#9767=CARTESIAN_POINT('',(0.0399183219483476,0.111474938667461,-0.0441206207424559));
#9768=CARTESIAN_POINT('',(0.0392884916957847,0.11130781680408,-0.0441222811976982));
#9769=CARTESIAN_POINT('',(0.0387103651030709,0.111037492300086,-0.0441238063082036));
#9770=CARTESIAN_POINT('',(0.0383312925881746,0.110860242903744,-0.0441248063097294));
#9771=CARTESIAN_POINT('',(0.0379736214132365,0.110639349675523,-0.0441257502810591));
#9772=CARTESIAN_POINT('',(0.0376519887236567,0.110387838704715,-0.0441265994174316));
#9773=CARTESIAN_POINT('',(0.0374476859971895,0.110228077652007,-0.0441271387931905));
#9774=CARTESIAN_POINT('',(0.0372593802018648,0.110057772670373,-0.0441276360561234));
#9775=CARTESIAN_POINT('',(0.0370845314647968,0.109876796861251,-0.0441280978643671));
#9776=CARTESIAN_POINT('',(0.0366671107205943,0.109444748805354,-0.0441292003506875));
#9777=CARTESIAN_POINT('',(0.0363004544297174,0.108916989113999,-0.0441301692905668));
#9778=CARTESIAN_POINT('',(0.0360368284823813,0.108339598029754,-0.0441308661153949));
#9779=CARTESIAN_POINT('',(0.0357719894952807,0.107759550157162,-0.0441315661465699));
#9780=CARTESIAN_POINT('',(0.03561076479794,0.107129030679495,-0.0441319924759331));
#9781=CARTESIAN_POINT('',(0.035559254700967,0.10651505991846,-0.0441321286772449));
#9782=CARTESIAN_POINT('',(0.0355462685687999,0.106360272684149,-0.0441321630147503));
#9783=CARTESIAN_POINT('',(0.0355400000000006,0.106206637714875,-0.0441321795902575));
#9784=CARTESIAN_POINT('',(0.0355400000000006,0.106055243686557,-0.0441321795902575));
#9785=CARTESIAN_POINT('',(0.0355400000000006,0.106055243686557,-0.0447136892420535));
#9786=CARTESIAN_POINT('',(0.0355400000000006,0.106055243686557,-0.0444229344161555));
#9787=VECTOR('',#11591,1.0);
#9788=CARTESIAN_POINT('',(0.0355400000000006,0.106055243686557,-0.0447136892420535));
#9789=CARTESIAN_POINT('',(0.0355400000000006,0.106653043476321,-0.0447136892420535));
#9790=CARTESIAN_POINT('',(0.0356420587465813,0.107286043154796,-0.0447139591396629));
#9791=CARTESIAN_POINT('',(0.0358530958529021,0.10788445809958,-0.0447145170357466));
#9792=CARTESIAN_POINT('',(0.0360652361477441,0.108486001235939,-0.0447150778482109));
#9793=CARTESIAN_POINT('',(0.0363873171461183,0.109052815779014,-0.0447159291694856));
#9794=CARTESIAN_POINT('',(0.0367785044989281,0.109532261962945,-0.0447169626020886));
#9795=CARTESIAN_POINT('',(0.0369978480034414,0.10980109326706,-0.0447175420603129));
#9796=CARTESIAN_POINT('',(0.037232561633242,0.110039360401175,-0.0447181619902545));
#9797=CARTESIAN_POINT('',(0.0374972855107249,0.110262282318122,-0.0447188609625429));
#9798=CARTESIAN_POINT('',(0.0379707298382524,0.11066096610163,-0.044720111036651));
#9799=CARTESIAN_POINT('',(0.0385335927375046,0.110992566193131,-0.0447215965141184));
#9800=CARTESIAN_POINT('',(0.0391336483072852,0.111214296237528,-0.0447231789803401));
#9801=CARTESIAN_POINT('',(0.0396501676046663,0.111405158305157,-0.0447245411447496));
#9802=CARTESIAN_POINT('',(0.0401945482030623,0.111515445812692,-0.0447259759618627));
#9803=CARTESIAN_POINT('',(0.0407214842957164,0.111546013008439,-0.0447273639757123));
#9804=CARTESIAN_POINT('',(0.040985344176224,0.111561319336341,-0.0447280590147761));
#9805=CARTESIAN_POINT('',(0.0412437003381822,0.11155794306802,-0.044728739360915));
#9806=CARTESIAN_POINT('',(0.0415095488161344,0.111535163750688,-0.0447294392331703));
#9807=CARTESIAN_POINT('',(0.0421261592022726,0.111482329279849,-0.0447310625206344));
#9808=CARTESIAN_POINT('',(0.042758302977286,0.111318919857745,-0.0447327255213378));
#9809=CARTESIAN_POINT('',(0.0433391688923519,0.111051624617235,-0.0447342526593394));
#9810=CARTESIAN_POINT('',(0.0437235765158016,0.110874732970645,-0.0447352632944527));
#9811=CARTESIAN_POINT('',(0.0440863564191144,0.110653072805021,-0.0447362166340464));
#9812=CARTESIAN_POINT('',(0.0444123716756219,0.11040002323004,-0.0447370730791565));
#9813=CARTESIAN_POINT('',(0.0446194124390331,0.110239320391325,-0.0447376169771669));
#9814=CARTESIAN_POINT('',(0.0448098843400581,0.110068081583491,-0.0447381172271946));
#9815=CARTESIAN_POINT('',(0.0449872811691916,0.109885253003954,-0.044738583054699));
#9816=CARTESIAN_POINT('',(0.0454079978077918,0.109451654355103,-0.0447396878172967));
#9817=CARTESIAN_POINT('',(0.0457769379095445,0.108921879602475,-0.0447406560894311));
#9818=CARTESIAN_POINT('',(0.0460419517183002,0.108342267737108,-0.0447413514557998));
#9819=CARTESIAN_POINT('',(0.0463081248617269,0.107760120290164,-0.044742049864132));
#9820=CARTESIAN_POINT('',(0.0464698518503979,0.107127248359919,-0.0447424740450073));
#9821=CARTESIAN_POINT('',(0.046521090985214,0.106510920778161,-0.0447426084437963));
#9822=CARTESIAN_POINT('',(0.0465338409387897,0.106357558546675,-0.0447426418865608));
#9823=CARTESIAN_POINT('',(0.0465400000000006,0.106205316990963,-0.0447426580412611));
#9824=CARTESIAN_POINT('',(0.0465400000000006,0.106055243686557,-0.0447426580412611));
#9825=CARTESIAN_POINT('',(0.0340400000000004,0.106055243686557,-0.0428463494674216));
#9826=CARTESIAN_POINT('',(0.0341057145602499,0.106055243686557,-0.0428447075430544));
#9827=AXIS2_PLACEMENT_3D('',#11592,#11593,#11594);
#9828=CARTESIAN_POINT('',(0.0340400000000004,0.10201379180223,-0.0435185634303282));
#9829=CARTESIAN_POINT('',(0.0340400000000004,0.101773704483421,-0.0438210079751838));
#9830=CARTESIAN_POINT('',(0.0340400000000004,0.101827680264777,-0.0437155656687279));
#9831=CARTESIAN_POINT('',(0.0340400000000004,0.101913874901639,-0.0436091881816955));
#9832=CARTESIAN_POINT('',(0.0340400000000004,0.102006736306406,-0.043524920235777));
#9833=CARTESIAN_POINT('',(0.0340400000000004,0.102067820589962,-0.0434694887342179));
#9834=CARTESIAN_POINT('',(0.0340400000000004,0.10212883376811,-0.0434234923186177));
#9835=CARTESIAN_POINT('',(0.0340400000000004,0.102197782754842,-0.0433784672360133));
#9836=CARTESIAN_POINT('',(0.0340400000000004,0.102365458949597,-0.0432689712901329));
#9837=CARTESIAN_POINT('',(0.0340400000000004,0.102567005201556,-0.0431818978050865));
#9838=CARTESIAN_POINT('',(0.0340400000000004,0.102747338953943,-0.0431219606830733));
#9839=CARTESIAN_POINT('',(0.0340400000000004,0.102849585001412,-0.0430879773951895));
#9840=CARTESIAN_POINT('',(0.0340400000000004,0.102954012963353,-0.0430589179505452));
#9841=CARTESIAN_POINT('',(0.0340400000000004,0.103060994544606,-0.0430335609981906));
#9842=CARTESIAN_POINT('',(0.0340400000000004,0.103653500159763,-0.042893124331641));
#9843=CARTESIAN_POINT('',(0.0340400000000004,0.104314774669611,-0.0428649271543764));
#9844=CARTESIAN_POINT('',(0.0340400000000004,0.104958712673422,-0.0428534091969283));
#9845=CARTESIAN_POINT('',(0.0340400000000004,0.105308898868251,-0.0428471455043569));
#9846=CARTESIAN_POINT('',(0.0340400000000004,0.105654008509469,-0.0428465447784798));
#9847=CARTESIAN_POINT('',(0.0340400000000004,0.105980529928618,-0.0428463694647659));
#9848=CARTESIAN_POINT('',(0.0340400000000004,0.106149148695746,-0.0428462789310962));
#9849=CARTESIAN_POINT('',(0.0340400000000004,0.106317757816258,-0.0428464446419144));
#9850=CARTESIAN_POINT('',(0.0340400000000004,0.10649242996094,-0.0428471024408182));
#9851=CARTESIAN_POINT('',(0.0340400000000004,0.107058977804994,-0.0428492360068279));
#9852=CARTESIAN_POINT('',(0.0340400000000004,0.107664155075747,-0.0428517817386071));
#9853=CARTESIAN_POINT('',(0.0340400000000004,0.108243533318735,-0.0429069093704124));
#9854=CARTESIAN_POINT('',(0.0340400000000004,0.108457071152176,-0.0429272274185976));
#9855=CARTESIAN_POINT('',(0.0340400000000004,0.108667060433953,-0.0429552085300704));
#9856=CARTESIAN_POINT('',(0.0340400000000004,0.108870286379164,-0.0429949244938328));
#9857=CARTESIAN_POINT('',(0.0340400000000004,0.109028523551484,-0.0430258484085679));
#9858=CARTESIAN_POINT('',(0.0340400000000004,0.109182692506941,-0.0430638657193569));
#9859=CARTESIAN_POINT('',(0.0340400000000004,0.109331090526556,-0.0431114903299284));
#9860=CARTESIAN_POINT('',(0.0340400000000004,0.109435775097509,-0.0431450862090204));
#9861=CARTESIAN_POINT('',(0.0340400000000004,0.109545345950623,-0.0431859734857209));
#9862=CARTESIAN_POINT('',(0.0340400000000004,0.109653939796364,-0.0432362851194749));
#9863=CARTESIAN_POINT('',(0.0340400000000004,0.109772098098283,-0.0432910279750261));
#9864=CARTESIAN_POINT('',(0.0340400000000004,0.109886854235486,-0.0433565674965428));
#9865=CARTESIAN_POINT('',(0.0340400000000004,0.109985724143054,-0.0434289285174045));
#9866=CARTESIAN_POINT('',(0.0340400000000004,0.110038851802238,-0.0434678116492808));
#9867=CARTESIAN_POINT('',(0.0340400000000004,0.110088462659621,-0.0435087960555571));
#9868=CARTESIAN_POINT('',(0.0340400000000004,0.110137879903084,-0.0435570305147479));
#9869=CARTESIAN_POINT('',(0.0340400000000004,0.110217860662486,-0.043635096962916));
#9870=CARTESIAN_POINT('',(0.0340400000000004,0.110289470926553,-0.0437285835138582));
#9871=CARTESIAN_POINT('',(0.0340400000000004,0.110336782889693,-0.0438210079751838));
#9872=CARTESIAN_POINT('',(0.0410399999999999,0.097972339917902,-0.0435185634303281));
#9873=CARTESIAN_POINT('',(0.0412479217172153,0.0978522962584978,-0.0438210079751837));
#9874=CARTESIAN_POINT('',(0.041201177319372,0.0978792841491757,-0.0437155656687278));
#9875=CARTESIAN_POINT('',(0.0411265305741798,0.0979223814676066,-0.0436091881816955));
#9876=CARTESIAN_POINT('',(0.0410461102386202,0.0979688121699902,-0.043524920235777));
#9877=CARTESIAN_POINT('',(0.0409932096972889,0.0979993543117681,-0.0434694887342178));
#9878=CARTESIAN_POINT('',(0.0409403707350465,0.0980298609008425,-0.0434234923186175));
#9879=CARTESIAN_POINT('',(0.0408806591609719,0.0980643353942082,-0.0433784672360131));
#9880=CARTESIAN_POINT('',(0.040735447316704,0.0981481734915858,-0.0432689712901326));
#9881=CARTESIAN_POINT('',(0.0405609031424694,0.0982489466175656,-0.0431818978050863));
#9882=CARTESIAN_POINT('',(0.0404047295317428,0.0983391134937589,-0.0431219606830731));
#9883=CARTESIAN_POINT('',(0.040316181857198,0.0983902365174935,-0.0430879773951894));
#9884=CARTESIAN_POINT('',(0.040225744589292,0.0984424504984638,-0.0430589179505452));
#9885=CARTESIAN_POINT('',(0.0401330958221902,0.0984959412890901,-0.0430335609981906));
#9886=CARTESIAN_POINT('',(0.0396199709075796,0.0987921940966684,-0.042893124331641));
#9887=CARTESIAN_POINT('',(0.0390472903831755,0.0991228313515928,-0.0428649271543764));
#9888=CARTESIAN_POINT('',(0.0384896237134131,0.0994448003534982,-0.0428534091969283));
#9889=CARTESIAN_POINT('',(0.0381863535726368,0.0996198934509125,-0.0428471455043568));
#9890=CARTESIAN_POINT('',(0.0378874798562511,0.0997924482715215,-0.0428465447784798));
#9891=CARTESIAN_POINT('',(0.0376047040123891,0.0999557089810956,-0.0428463694647658));
#9892=CARTESIAN_POINT('',(0.0374586758765011,0.10004001836466,-0.0428462789310962));
#9893=CARTESIAN_POINT('',(0.0373126560948286,0.100124322924915,-0.0428464446419144));
#9894=CARTESIAN_POINT('',(0.0371613855802004,0.100211658997257,-0.0428471024408181));
#9895=CARTESIAN_POINT('',(0.0366707407547909,0.100494932919283,-0.0428492360068279));
#9896=CARTESIAN_POINT('',(0.0361466418645261,0.10079752155466,-0.042851781738607));
#9897=CARTESIAN_POINT('',(0.0356448855876991,0.101087210676153,-0.042906909370412));
#9898=CARTESIAN_POINT('',(0.0354599563992695,0.101193979592874,-0.0429272274185971));
#9899=CARTESIAN_POINT('',(0.0352781003467291,0.101298974233762,-0.0429552085300699));
#9900=CARTESIAN_POINT('',(0.0351021015154676,0.101400587206368,-0.0429949244938321));
#9901=CARTESIAN_POINT('',(0.0349650641044172,0.101479705792527,-0.0430258484085668));
#9902=CARTESIAN_POINT('',(0.0348315498725181,0.101556790270254,-0.0430638657193552));
#9903=CARTESIAN_POINT('',(0.0347030334176609,0.101630989280062,-0.0431114903299259));
#9904=CARTESIAN_POINT('',(0.0346123739198299,0.101683331565539,-0.0431450862090181));
#9905=CARTESIAN_POINT('',(0.0345174827775186,0.101738116992096,-0.0431859734857185));
#9906=CARTESIAN_POINT('',(0.0344234377484112,0.101792413914967,-0.0432362851194728));
#9907=CARTESIAN_POINT('',(0.0343211096572817,0.101851493065926,-0.0432910279750234));
#9908=CARTESIAN_POINT('',(0.0342217279272245,0.101908871134528,-0.0433565674965395));
#9909=CARTESIAN_POINT('',(0.0341361040756004,0.101958306088312,-0.0434289285174006));
#9910=CARTESIAN_POINT('',(0.0340900941731029,0.101984869917904,-0.0434678116492768));
#9911=CARTESIAN_POINT('',(0.0340471299103057,0.102009675346596,-0.0435087960555526));
#9912=CARTESIAN_POINT('',(0.0340043333220818,0.102034383968327,-0.043557030514743));
#9913=CARTESIAN_POINT('',(0.0339350679526245,0.102074374348029,-0.0436350969629121));
#9914=CARTESIAN_POINT('',(0.0338730516447688,0.102110179480063,-0.0437285835138563));
#9915=CARTESIAN_POINT('',(0.0338320782827857,0.102133835461634,-0.0438210079751838));
#9916=CARTESIAN_POINT('',(0.0480400000000003,0.102013791802229,-0.0435185634303281));
#9917=CARTESIAN_POINT('',(0.0482479217172157,0.102133835461634,-0.0438210079751837));
#9918=CARTESIAN_POINT('',(0.0482011773193723,0.102106847570956,-0.0437155656687277));
#9919=CARTESIAN_POINT('',(0.04812653057418,0.102063750252525,-0.0436091881816953));
#9920=CARTESIAN_POINT('',(0.0480461102386204,0.102017319550142,-0.0435249202357768));
#9921=CARTESIAN_POINT('',(0.0479932096972893,0.101986777408364,-0.0434694887342178));
#9922=CARTESIAN_POINT('',(0.0479403707350471,0.10195627081929,-0.0434234923186176));
#9923=CARTESIAN_POINT('',(0.0478806591609728,0.101921796325924,-0.0433784672360133));
#9924=CARTESIAN_POINT('',(0.0477354473167049,0.101837958228547,-0.0432689712901329));
#9925=CARTESIAN_POINT('',(0.0475609031424703,0.101737185102567,-0.0431818978050864));
#9926=CARTESIAN_POINT('',(0.0474047295317436,0.101647018226373,-0.0431219606830733));
#9927=CARTESIAN_POINT('',(0.0473161818571986,0.101595895202639,-0.0430879773951894));
#9928=CARTESIAN_POINT('',(0.0472257445892924,0.101543681221668,-0.0430589179505451));
#9929=CARTESIAN_POINT('',(0.0471330958221903,0.101490190431042,-0.0430335609981905));
#9930=CARTESIAN_POINT('',(0.0466199709075797,0.101193937623463,-0.0428931243316409));
#9931=CARTESIAN_POINT('',(0.0460472903831755,0.100863300368539,-0.0428649271543763));
#9932=CARTESIAN_POINT('',(0.045489623713413,0.100541331366634,-0.0428534091969282));
#9933=CARTESIAN_POINT('',(0.0451863535726369,0.100366238269219,-0.0428471455043568));
#9934=CARTESIAN_POINT('',(0.0448874798562513,0.10019368344861,-0.0428465447784797));
#9935=CARTESIAN_POINT('',(0.0446047040123893,0.100030422739036,-0.0428463694647658));
#9936=CARTESIAN_POINT('',(0.0444586758765017,0.0999461133554723,-0.0428462789310961));
#9937=CARTESIAN_POINT('',(0.0443126560948296,0.099861808795217,-0.0428464446419143));
#9938=CARTESIAN_POINT('',(0.0441613855802018,0.0997744727228761,-0.042847102440818));
#9939=CARTESIAN_POINT('',(0.0436707407547925,0.0994911988008496,-0.0428492360068278));
#9940=CARTESIAN_POINT('',(0.0431466418645277,0.0991886101654732,-0.0428517817386068));
#9941=CARTESIAN_POINT('',(0.0426448855877007,0.0988989210439796,-0.0429069093704117));
#9942=CARTESIAN_POINT('',(0.0424599563992713,0.0987921521272588,-0.0429272274185968));
#9943=CARTESIAN_POINT('',(0.0422781003467311,0.098687157486371,-0.0429552085300694));
#9944=CARTESIAN_POINT('',(0.0421021015154697,0.0985855445137652,-0.0429949244938314));
#9945=CARTESIAN_POINT('',(0.041965064104421,0.0985064259276072,-0.0430258484085657));
#9946=CARTESIAN_POINT('',(0.0418315498725235,0.0984293414498805,-0.0430638657193534));
#9947=CARTESIAN_POINT('',(0.0417030334176678,0.0983551424400742,-0.0431114903299232));
#9948=CARTESIAN_POINT('',(0.0416123739198356,0.0983028001545962,-0.0431450862090154));
#9949=CARTESIAN_POINT('',(0.0415174827775236,0.0982480147280387,-0.0431859734857158));
#9950=CARTESIAN_POINT('',(0.0414234377484151,0.098193717805167,-0.0432362851194704));
#9951=CARTESIAN_POINT('',(0.0413211096572862,0.098134638654208,-0.0432910279750204));
#9952=CARTESIAN_POINT('',(0.0412217279272293,0.0980772605856071,-0.0433565674965358));
#9953=CARTESIAN_POINT('',(0.0411361040756052,0.0980278256318229,-0.0434289285173962));
#9954=CARTESIAN_POINT('',(0.0410900941731073,0.0980012618022304,-0.0434678116492723));
#9955=CARTESIAN_POINT('',(0.0410471299103102,0.0979764563735389,-0.0435087960555476));
#9956=CARTESIAN_POINT('',(0.0410043333220861,0.0979517477518074,-0.0435570305147376));
#9957=CARTESIAN_POINT('',(0.040935067952627,0.0979117573721046,-0.0436350969629079));
#9958=CARTESIAN_POINT('',(0.0408730516447694,0.0978759522400689,-0.0437285835138541));
#9959=CARTESIAN_POINT('',(0.0408320782827854,0.0978522962584978,-0.0438210079751837));
#9960=CARTESIAN_POINT('',(0.0480400000000004,0.106055243686557,-0.0428463494674215));
#9961=CARTESIAN_POINT('',(0.0480400000000004,0.110336782889694,-0.0438210079751837));
#9962=CARTESIAN_POINT('',(0.0480400000000004,0.110282807108338,-0.0437155656687277));
#9963=CARTESIAN_POINT('',(0.0480400000000004,0.110196612471476,-0.0436091881816953));
#9964=CARTESIAN_POINT('',(0.0480400000000004,0.110103751066708,-0.0435249202357767));
#9965=CARTESIAN_POINT('',(0.0480400000000004,0.110042666783152,-0.0434694887342171));
#9966=CARTESIAN_POINT('',(0.0480400000000004,0.109981653605003,-0.0434234923186166));
#9967=CARTESIAN_POINT('',(0.0480400000000004,0.109912704618271,-0.0433784672360119));
#9968=CARTESIAN_POINT('',(0.0480400000000004,0.109745028423516,-0.0432689712901315));
#9969=CARTESIAN_POINT('',(0.0480400000000004,0.109543482171556,-0.0431818978050853));
#9970=CARTESIAN_POINT('',(0.0480400000000004,0.109363148419169,-0.0431219606830723));
#9971=CARTESIAN_POINT('',(0.0480400000000004,0.109260902371701,-0.0430879773951889));
#9972=CARTESIAN_POINT('',(0.0480400000000004,0.109156474409761,-0.0430589179505449));
#9973=CARTESIAN_POINT('',(0.0480400000000004,0.109049492828509,-0.0430335609981906));
#9974=CARTESIAN_POINT('',(0.0480400000000004,0.108456987213352,-0.0428931243316409));
#9975=CARTESIAN_POINT('',(0.0480400000000004,0.107795712703504,-0.0428649271543763));
#9976=CARTESIAN_POINT('',(0.0480400000000004,0.107151774699693,-0.0428534091969282));
#9977=CARTESIAN_POINT('',(0.0480400000000004,0.106801588504864,-0.0428471455043567));
#9978=CARTESIAN_POINT('',(0.0480400000000004,0.106456478863646,-0.0428465447784797));
#9979=CARTESIAN_POINT('',(0.0480400000000004,0.106129957444498,-0.0428463694647657));
#9980=CARTESIAN_POINT('',(0.0480400000000004,0.10596133867737,-0.0428462789310961));
#9981=CARTESIAN_POINT('',(0.0480400000000004,0.10579272955686,-0.0428464446419143));
#9982=CARTESIAN_POINT('',(0.0480400000000004,0.105618057412179,-0.042847102440818));
#9983=CARTESIAN_POINT('',(0.0480400000000004,0.105051509568126,-0.0428492360068278));
#9984=CARTESIAN_POINT('',(0.0480400000000004,0.104446332297373,-0.0428517817386067));
#9985=CARTESIAN_POINT('',(0.0480400000000004,0.103866954054386,-0.0429069093704115));
#9986=CARTESIAN_POINT('',(0.0480400000000004,0.103653416220945,-0.0429272274185964));
#9987=CARTESIAN_POINT('',(0.0480400000000003,0.103443426939169,-0.042955208530069));
#9988=CARTESIAN_POINT('',(0.0480400000000003,0.103240200993957,-0.0429949244938309));
#9989=CARTESIAN_POINT('',(0.0480400000000003,0.103081963821642,-0.043025848408565));
#9990=CARTESIAN_POINT('',(0.0480400000000003,0.102927794866189,-0.0430638657193525));
#9991=CARTESIAN_POINT('',(0.0480400000000003,0.102779396846577,-0.0431114903299219));
#9992=CARTESIAN_POINT('',(0.0480400000000003,0.10267471227562,-0.0431450862090142));
#9993=CARTESIAN_POINT('',(0.0480400000000003,0.102565141422505,-0.0431859734857146));
#9994=CARTESIAN_POINT('',(0.0480400000000003,0.102456547576761,-0.0432362851194693));
#9995=CARTESIAN_POINT('',(0.0480400000000003,0.102338389274843,-0.043291027975019));
#9996=CARTESIAN_POINT('',(0.0480400000000003,0.102223633137642,-0.0433565674965341));
#9997=CARTESIAN_POINT('',(0.0480400000000003,0.102124763230073,-0.0434289285173942));
#9998=CARTESIAN_POINT('',(0.0480400000000003,0.102071635570888,-0.0434678116492702));
#9999=CARTESIAN_POINT('',(0.0480400000000003,0.102022024713505,-0.0435087960555454));
#10000=CARTESIAN_POINT('',(0.0480400000000003,0.101972607470042,-0.0435570305147353));
#10001=CARTESIAN_POINT('',(0.0480400000000003,0.101892626710635,-0.0436350969629061));
#10002=CARTESIAN_POINT('',(0.0480400000000003,0.101821016446563,-0.0437285835138531));
#10003=CARTESIAN_POINT('',(0.0480400000000003,0.10177370448342,-0.0438210079751836));
#10004=CARTESIAN_POINT('',(0.0479742854397513,0.106055243686557,-0.0428447075430543));
#10005=AXIS2_PLACEMENT_3D('',#11595,#11596,#11597);
#10006=AXIS2_PLACEMENT_3D('',#11598,#11599,#11600);
#10007=CARTESIAN_POINT('',(0.0351912016229085,0.106055243686557,-0.0428447075430544));
#10008=CARTESIAN_POINT('',(0.035571398807693,0.106055243686557,-0.0430926566094601));
#10009=VECTOR('',#11601,1.0);
#10010=CARTESIAN_POINT('',(0.0468443785449674,0.106055243686557,-0.0428447075430543));
#10011=AXIS2_PLACEMENT_3D('',#11602,#11603,#11604);
#10012=CARTESIAN_POINT('',(0.0464641813601829,0.106055243686557,-0.04309265660946));
#10013=VECTOR('',#11605,1.0);
#10014=CARTESIAN_POINT('',(0.0355400000000006,0.106055243686557,-0.0430721795902575));
#10015=CARTESIAN_POINT('',(0.0355400000000006,0.105457443896793,-0.0430721795902575));
#10016=CARTESIAN_POINT('',(0.0356420587465813,0.104824444218317,-0.0430719096926481));
#10017=CARTESIAN_POINT('',(0.0358530958529022,0.104226029273533,-0.0430713517965645));
#10018=CARTESIAN_POINT('',(0.0360652361477441,0.103624486137175,-0.0430707909841001));
#10019=CARTESIAN_POINT('',(0.0363873171461182,0.1030576715941,-0.0430699396628254));
#10020=CARTESIAN_POINT('',(0.036778504498928,0.102578225410169,-0.0430689062302224));
#10021=CARTESIAN_POINT('',(0.0369978480034419,0.102309394106053,-0.0430683267719981));
#10022=CARTESIAN_POINT('',(0.0372325616332431,0.102071126971938,-0.0430677068420565));
#10023=CARTESIAN_POINT('',(0.0374972855107269,0.101848205054991,-0.0430670078697681));
#10024=CARTESIAN_POINT('',(0.0379707298382546,0.101449521271483,-0.04306575779566));
#10025=CARTESIAN_POINT('',(0.0385335927375069,0.101117921179982,-0.0430642723181925));
#10026=CARTESIAN_POINT('',(0.0391336483072875,0.100896191135585,-0.0430626898519709));
#10027=CARTESIAN_POINT('',(0.0396501676046689,0.100705329067957,-0.0430613276875614));
#10028=CARTESIAN_POINT('',(0.0401945482030652,0.100595041560421,-0.0430598928704483));
#10029=CARTESIAN_POINT('',(0.0407214842957194,0.100564474364674,-0.0430585048565987));
#10030=CARTESIAN_POINT('',(0.0409853441762273,0.100549168036773,-0.0430578098175349));
#10031=CARTESIAN_POINT('',(0.0412437003381859,0.100552544305094,-0.0430571294713959));
#10032=CARTESIAN_POINT('',(0.0415095488161383,0.100575323622426,-0.0430564295991406));
#10033=CARTESIAN_POINT('',(0.0421261592022769,0.100628158093265,-0.0430548063116765));
#10034=CARTESIAN_POINT('',(0.0427583029772904,0.10079156751537,-0.0430531433109732));
#10035=CARTESIAN_POINT('',(0.0433391688923563,0.101058862755881,-0.0430516161729715));
#10036=CARTESIAN_POINT('',(0.043723576515807,0.101235754402472,-0.0430506055378582));
#10037=CARTESIAN_POINT('',(0.0440863564191206,0.101457414568097,-0.0430496521982645));
#10038=CARTESIAN_POINT('',(0.0444123716756286,0.101710464143079,-0.0430487957531544));
#10039=CARTESIAN_POINT('',(0.044619412439042,0.101871166981796,-0.043048251855144));
#10040=CARTESIAN_POINT('',(0.0448098843400684,0.102042405789632,-0.0430477516051162));
#10041=CARTESIAN_POINT('',(0.0449872811692036,0.102225234369172,-0.0430472857776119));
#10042=CARTESIAN_POINT('',(0.0454079978078027,0.102658833018025,-0.0430461810150142));
#10043=CARTESIAN_POINT('',(0.0457769379095537,0.103188607770654,-0.0430452127428798));
#10044=CARTESIAN_POINT('',(0.0460419517183076,0.103768219636022,-0.0430445173765111));
#10045=CARTESIAN_POINT('',(0.0463081248617323,0.104350367082967,-0.0430438189681788));
#10046=CARTESIAN_POINT('',(0.0464698518504012,0.104983239013212,-0.0430433947873036));
#10047=CARTESIAN_POINT('',(0.0465210909852153,0.105599566594969,-0.0430432603885146));
#10048=CARTESIAN_POINT('',(0.0465338409387901,0.10575292882645,-0.0430432269457501));
#10049=CARTESIAN_POINT('',(0.0465400000000006,0.105905170382156,-0.0430432107910497));
#10050=CARTESIAN_POINT('',(0.0465400000000006,0.106055243686557,-0.0430432107910497));
#10051=CARTESIAN_POINT('',(0.0351731490858777,0.106055243686557,-0.0438929344161555));
#10052=CARTESIAN_POINT('',(0.035511187332424,0.106055243686557,-0.0436724796863603));
#10053=VECTOR('',#11606,1.0);
#10054=CARTESIAN_POINT('',(0.0465400000000006,0.106055243686557,-0.0436826580412611));
#10055=CARTESIAN_POINT('',(0.0465400000000006,0.105455050919004,-0.0436826580412611));
#10056=CARTESIAN_POINT('',(0.0464371623775883,0.104819902392911,-0.0436823883378798));
#10057=CARTESIAN_POINT('',(0.0462246590853356,0.10421967560859,-0.0436818308274251));
#10058=CARTESIAN_POINT('',(0.0460109898842631,0.103616155653163,-0.0436812702581643));
#10059=CARTESIAN_POINT('',(0.045686644193922,0.103047732476368,-0.0436804191969724));
#10060=CARTESIAN_POINT('',(0.0452924014963638,0.102567109297843,-0.0436793841829725));
#10061=CARTESIAN_POINT('',(0.0450684463630782,0.102294084512163,-0.0436787962286496));
#10062=CARTESIAN_POINT('',(0.0448285534541911,0.102052642093969,-0.0436781662966455));
#10063=CARTESIAN_POINT('',(0.0445579168674046,0.101827447462277,-0.0436774554074025));
#10064=CARTESIAN_POINT('',(0.0440812286687896,0.101430798862051,-0.0436762032762082));
#10065=CARTESIAN_POINT('',(0.0435153005351392,0.101102102281904,-0.0436747160416173));
#10066=CARTESIAN_POINT('',(0.0429127187289975,0.100883887523802,-0.0436731313164014));
#10067=CARTESIAN_POINT('',(0.0423987006714554,0.100697744621804,-0.0436717795043006));
#10068=CARTESIAN_POINT('',(0.041857701026273,0.100591126516569,-0.0436703559260928));
#10069=CARTESIAN_POINT('',(0.0413338443068573,0.100563098793773,-0.0436689766439562));
#10070=CARTESIAN_POINT('',(0.0410654199081092,0.100548737377071,-0.0436682698992214));
#10071=CARTESIAN_POINT('',(0.040803074769575,0.100553666815351,-0.0436675789590189));
#10072=CARTESIAN_POINT('',(0.0405331532942333,0.100578647442826,-0.0436668678545969));
#10073=CARTESIAN_POINT('',(0.0399183219483464,0.100635548705653,-0.0436652480898551));
#10074=CARTESIAN_POINT('',(0.0392884916957836,0.100802670569034,-0.0436635876346127));
#10075=CARTESIAN_POINT('',(0.0387103651030699,0.101072995073029,-0.0436620625241073));
#10076=CARTESIAN_POINT('',(0.0383312925881734,0.10125024446937,-0.0436610625225816));
#10077=CARTESIAN_POINT('',(0.037973621413235,0.101471137697591,-0.0436601185512519));
#10078=CARTESIAN_POINT('',(0.037651988723655,0.1017226486684,-0.0436592694148794));
#10079=CARTESIAN_POINT('',(0.0374476859971875,0.101882409721109,-0.0436587300391205));
#10080=CARTESIAN_POINT('',(0.0372593802018625,0.102052714702743,-0.0436582327761876));
#10081=CARTESIAN_POINT('',(0.037084531464794,0.102233690511866,-0.0436577709679439));
#10082=CARTESIAN_POINT('',(0.0366671107205918,0.102665738567763,-0.0436566684816235));
#10083=CARTESIAN_POINT('',(0.0363004544297154,0.103193498259119,-0.0436556995417442));
#10084=CARTESIAN_POINT('',(0.0360368284823797,0.103770889343363,-0.0436550027169161));
#10085=CARTESIAN_POINT('',(0.0357719894952795,0.104350937215955,-0.0436543026857411));
#10086=CARTESIAN_POINT('',(0.0356107647979393,0.104981456693623,-0.0436538763563779));
#10087=CARTESIAN_POINT('',(0.0355592547009667,0.105595427454658,-0.0436537401550661));
#10088=CARTESIAN_POINT('',(0.0355462685687998,0.105750214688968,-0.0436537058175607));
#10089=CARTESIAN_POINT('',(0.0355400000000006,0.10590384965824,-0.0436536892420535));
#10090=CARTESIAN_POINT('',(0.0355400000000006,0.106055243686557,-0.0436536892420535));
#10091=CARTESIAN_POINT('',(0.0468624310819983,0.106055243686557,-0.0438929344161554));
#10092=CARTESIAN_POINT('',(0.046524392835452,0.106055243686557,-0.0436724796863602));
#10093=VECTOR('',#11607,1.0);
#10094=AXIS2_PLACEMENT_3D('',#11608,#11609,#11610);
#10095=CARTESIAN_POINT('',(0.0355752322279021,0.106055243686557,-0.0441551566094601));
#10096=VECTOR('',#11611,1.0);
#10097=CARTESIAN_POINT('',(0.0464603479399739,0.106055243686557,-0.04415515660946));
#10098=VECTOR('',#11612,1.0);
#10099=CARTESIAN_POINT('',(0.0355400000000006,0.106055243686557,-0.0441321795902575));
#10100=CARTESIAN_POINT('',(0.0355400000000006,0.105457443896793,-0.0441321795902575));
#10101=CARTESIAN_POINT('',(0.0356420587465813,0.104824444218317,-0.0441319096926481));
#10102=CARTESIAN_POINT('',(0.0358530958529022,0.104226029273533,-0.0441313517965645));
#10103=CARTESIAN_POINT('',(0.0360652361477442,0.103624486137175,-0.0441307909841001));
#10104=CARTESIAN_POINT('',(0.0363873171461183,0.1030576715941,-0.0441299396628254));
#10105=CARTESIAN_POINT('',(0.0367785044989281,0.102578225410169,-0.0441289062302224));
#10106=CARTESIAN_POINT('',(0.0369978480034413,0.102309394106054,-0.0441283267719981));
#10107=CARTESIAN_POINT('',(0.0372325616332417,0.102071126971939,-0.0441277068420565));
#10108=CARTESIAN_POINT('',(0.0374972855107243,0.101848205054993,-0.0441270078697681));
#10109=CARTESIAN_POINT('',(0.0379707298382517,0.101449521271485,-0.04412575779566));
#10110=CARTESIAN_POINT('',(0.0385335927375039,0.101117921179984,-0.0441242723181926));
#10111=CARTESIAN_POINT('',(0.0391336483072844,0.100896191135586,-0.0441226898519709));
#10112=CARTESIAN_POINT('',(0.0396501676046652,0.100705329067958,-0.0441213276875614));
#10113=CARTESIAN_POINT('',(0.0401945482030609,0.100595041560422,-0.0441198928704483));
#10114=CARTESIAN_POINT('',(0.0407214842957147,0.100564474364675,-0.0441185048565987));
#10115=CARTESIAN_POINT('',(0.0409853441762241,0.100549168036773,-0.0441178098175349));
#10116=CARTESIAN_POINT('',(0.0412437003381839,0.100552544305094,-0.0441171294713959));
#10117=CARTESIAN_POINT('',(0.0415095488161378,0.100575323622426,-0.0441164295991406));
#10118=CARTESIAN_POINT('',(0.0421261592022762,0.100628158093265,-0.0441148063116765));
#10119=CARTESIAN_POINT('',(0.0427583029772896,0.10079156751537,-0.0441131433109732));
#10120=CARTESIAN_POINT('',(0.0433391688923555,0.10105886275588,-0.0441116161729715));
#10121=CARTESIAN_POINT('',(0.0437235765158062,0.101235754402471,-0.0441106055378582));
#10122=CARTESIAN_POINT('',(0.0440863564191198,0.101457414568096,-0.0441096521982645));
#10123=CARTESIAN_POINT('',(0.0444123716756278,0.101710464143079,-0.0441087957531544));
#10124=CARTESIAN_POINT('',(0.0446194124390391,0.101871166981794,-0.044108251855144));
#10125=CARTESIAN_POINT('',(0.044809884340064,0.102042405789628,-0.0441077516051163));
#10126=CARTESIAN_POINT('',(0.0449872811691976,0.102225234369166,-0.0441072857776119));
#10127=CARTESIAN_POINT('',(0.0454079978077974,0.102658833018018,-0.0441061810150142));
#10128=CARTESIAN_POINT('',(0.0457769379095493,0.103188607770647,-0.0441052127428798));
#10129=CARTESIAN_POINT('',(0.0460419517183041,0.103768219636014,-0.0441045173765111));
#10130=CARTESIAN_POINT('',(0.0463081248617298,0.104350367082959,-0.0441038189681788));
#10131=CARTESIAN_POINT('',(0.0464698518503996,0.104983239013204,-0.0441033947873036));
#10132=CARTESIAN_POINT('',(0.0465210909852147,0.105599566594961,-0.0441032603885146));
#10133=CARTESIAN_POINT('',(0.0465338409387899,0.105752928826445,-0.0441032269457501));
#10134=CARTESIAN_POINT('',(0.0465400000000006,0.105905170382153,-0.0441032107910498));
#10135=CARTESIAN_POINT('',(0.0465400000000006,0.106055243686557,-0.0441032107910498));
#10136=CARTESIAN_POINT('',(0.0351857639105188,0.106055243686557,-0.0449447075430544));
#10137=CARTESIAN_POINT('',(0.035507353912215,0.106055243686557,-0.0447349796863603));
#10138=VECTOR('',#11613,1.0);
#10139=CARTESIAN_POINT('',(0.0465400000000006,0.106055243686557,-0.0447426580412611));
#10140=CARTESIAN_POINT('',(0.0465400000000006,0.105455050919004,-0.0447426580412611));
#10141=CARTESIAN_POINT('',(0.0464371623775884,0.104819902392911,-0.0447423883378798));
#10142=CARTESIAN_POINT('',(0.0462246590853357,0.10421967560859,-0.0447418308274251));
#10143=CARTESIAN_POINT('',(0.0460109898842631,0.103616155653163,-0.0447412702581643));
#10144=CARTESIAN_POINT('',(0.0456866441939221,0.103047732476368,-0.0447404191969724));
#10145=CARTESIAN_POINT('',(0.0452924014963639,0.102567109297843,-0.0447393841829725));
#10146=CARTESIAN_POINT('',(0.0450684463630782,0.102294084512163,-0.0447387962286496));
#10147=CARTESIAN_POINT('',(0.0448285534541911,0.102052642093968,-0.0447381662966455));
#10148=CARTESIAN_POINT('',(0.0445579168674045,0.101827447462277,-0.0447374554074025));
#10149=CARTESIAN_POINT('',(0.0440812286687894,0.101430798862051,-0.0447362032762081));
#10150=CARTESIAN_POINT('',(0.043515300535139,0.101102102281904,-0.0447347160416173));
#10151=CARTESIAN_POINT('',(0.0429127187289971,0.100883887523802,-0.0447331313164014));
#10152=CARTESIAN_POINT('',(0.0423987006714551,0.100697744621804,-0.0447317795043006));
#10153=CARTESIAN_POINT('',(0.0418577010262728,0.100591126516569,-0.0447303559260928));
#10154=CARTESIAN_POINT('',(0.0413338443068572,0.100563098793773,-0.0447289766439562));
#10155=CARTESIAN_POINT('',(0.0410654199081083,0.100548737377071,-0.0447282698992214));
#10156=CARTESIAN_POINT('',(0.0408030747695734,0.100553666815351,-0.0447275789590189));
#10157=CARTESIAN_POINT('',(0.0405331532942309,0.100578647442826,-0.0447268678545969));
#10158=CARTESIAN_POINT('',(0.0399183219483439,0.100635548705654,-0.044725248089855));
#10159=CARTESIAN_POINT('',(0.0392884916957811,0.100802670569035,-0.0447235876346127));
#10160=CARTESIAN_POINT('',(0.0387103651030675,0.10107299507303,-0.0447220625241073));
#10161=CARTESIAN_POINT('',(0.0383312925881704,0.101250244469372,-0.0447210625225816));
#10162=CARTESIAN_POINT('',(0.0379736214132316,0.101471137697594,-0.0447201185512518));
#10163=CARTESIAN_POINT('',(0.0376519887236513,0.101722648668403,-0.0447192694148794));
#10164=CARTESIAN_POINT('',(0.0374476859971837,0.101882409721112,-0.0447187300391204));
#10165=CARTESIAN_POINT('',(0.0372593802018588,0.102052714702747,-0.0447182327761876));
#10166=CARTESIAN_POINT('',(0.0370845314647903,0.10223369051187,-0.0447177709679439));
#10167=CARTESIAN_POINT('',(0.0366671107205883,0.102665738567768,-0.0447166684816235));
#10168=CARTESIAN_POINT('',(0.0363004544297123,0.103193498259124,-0.0447156995417442));
#10169=CARTESIAN_POINT('',(0.0360368284823772,0.103770889343369,-0.044715002716916));
#10170=CARTESIAN_POINT('',(0.0357719894952776,0.104350937215961,-0.0447143026857411));
#10171=CARTESIAN_POINT('',(0.0356107647979381,0.104981456693628,-0.0447138763563779));
#10172=CARTESIAN_POINT('',(0.0355592547009662,0.105595427454664,-0.0447137401550661));
#10173=CARTESIAN_POINT('',(0.0355462685687996,0.105750214688972,-0.0447137058175607));
#10174=CARTESIAN_POINT('',(0.0355400000000006,0.105903849658242,-0.0447136892420535));
#10175=CARTESIAN_POINT('',(0.0355400000000006,0.106055243686557,-0.0447136892420535));
#10176=CARTESIAN_POINT('',(0.0468498162573572,0.106055243686557,-0.0449447075430543));
#10177=CARTESIAN_POINT('',(0.046528226255661,0.106055243686557,-0.0447349796863602));
#10178=VECTOR('',#11614,1.0);
#10179=AXIS2_PLACEMENT_3D('',#11615,#11616,#11617);
#10180=AXIS2_PLACEMENT_3D('',#11618,#11619,#11620);
#10181=AXIS2_PLACEMENT_3D('',#11621,#11622,#11623);
#10182=AXIS2_PLACEMENT_3D('',#11624,#11625,#11626);
#10183=CARTESIAN_POINT('',(0.0369249570707652,0.111762326312291,-0.0449447075430543));
#10184=CARTESIAN_POINT('',(0.0340400000000004,0.110096695570884,-0.0444259339767331));
#10185=CARTESIAN_POINT('',(0.0413485637374157,0.114316296812071,-0.0440940682986433));
#10186=CARTESIAN_POINT('',(0.0412512906773356,0.114260136184648,-0.0442521591895294));
#10187=CARTESIAN_POINT('',(0.0411012497329593,0.114173510005023,-0.0443909297757936));
#10188=CARTESIAN_POINT('',(0.0409458186873537,0.114083771849003,-0.0444920693010668));
#10189=CARTESIAN_POINT('',(0.0408099198912767,0.114005310642505,-0.0445804991232229));
#10190=CARTESIAN_POINT('',(0.0406768239055368,0.11392846763931,-0.0446420304554277));
#10191=CARTESIAN_POINT('',(0.0405360243759481,0.113847176993,-0.0446942454197284));
#10192=CARTESIAN_POINT('',(0.0401360002018095,0.113616222928379,-0.0448425928469752));
#10193=CARTESIAN_POINT('',(0.0396971504403559,0.11336285290047,-0.0448974837153688));
#10194=CARTESIAN_POINT('',(0.0392494501955365,0.113104373043607,-0.0449231795042064));
#10195=CARTESIAN_POINT('',(0.0387638109188222,0.112823989076467,-0.0449510528066004));
#10196=CARTESIAN_POINT('',(0.0382688024395238,0.112538195797693,-0.044944900800664));
#10197=CARTESIAN_POINT('',(0.0378034703312158,0.112269536179699,-0.0449443807103471));
#10198=CARTESIAN_POINT('',(0.0375918679996352,0.1121473675166,-0.0449441442075962));
#10199=CARTESIAN_POINT('',(0.0373887342180251,0.112030088173105,-0.0449442397656911));
#10200=CARTESIAN_POINT('',(0.0371752761651031,0.11190684810879,-0.0449445016516897));
#10201=CARTESIAN_POINT('',(0.0366882062023668,0.11162563813469,-0.0449450992248514));
#10202=CARTESIAN_POINT('',(0.0361721199456679,0.11132767559546,-0.044950944742351));
#10203=CARTESIAN_POINT('',(0.0356709512126416,0.111038325692538,-0.0449125310282454));
#10204=CARTESIAN_POINT('',(0.0353068529842005,0.110828113482336,-0.0448846235305664));
#10205=CARTESIAN_POINT('',(0.0349512513799768,0.110622806800413,-0.0448325919477008));
#10206=CARTESIAN_POINT('',(0.0346202337245597,0.110431693667952,-0.0447211942037749));
#10207=CARTESIAN_POINT('',(0.0345139420046133,0.110370326114828,-0.044685423731698));
#10208=CARTESIAN_POINT('',(0.0344101231653452,0.110310386280029,-0.044643353157969));
#10209=CARTESIAN_POINT('',(0.0343097185054661,0.11025241762262,-0.0445926788500012));
#10210=CARTESIAN_POINT('',(0.034222657103686,0.110202152698867,-0.0445487388945128));
#10211=CARTESIAN_POINT('',(0.0341340096090211,0.110150972043959,-0.0444963119206337));
#10212=CARTESIAN_POINT('',(0.0340478809474185,0.110101245637998,-0.0444318703181748));
#10213=CARTESIAN_POINT('',(0.0339240045897851,0.110029725589572,-0.0443391858291309));
#10214=CARTESIAN_POINT('',(0.0338105612302637,0.109964229035414,-0.0442226644034774));
#10215=CARTESIAN_POINT('',(0.0337314362625855,0.109918546214026,-0.0440940682986433));
#10216=CARTESIAN_POINT('',(0.0340400000000004,0.110096695570884,-0.0435185634303282));
#10217=CARTESIAN_POINT('',(0.0340400000000004,0.110096695570884,-0.0428447075430544));
#10218=VECTOR('',#11627,1.0);
#10219=CARTESIAN_POINT('',(0.0410400000000008,0.114138147455212,-0.0435185634303282));
#10220=CARTESIAN_POINT('',(0.0338320782827858,0.10997665191148,-0.0438210079751838));
#10221=CARTESIAN_POINT('',(0.0338788226806291,0.110003639802158,-0.0437155656687279));
#10222=CARTESIAN_POINT('',(0.0339534694258213,0.110046737120589,-0.0436091881816955));
#10223=CARTESIAN_POINT('',(0.0340338897613809,0.110093167822973,-0.043524920235777));
#10224=CARTESIAN_POINT('',(0.0340867903027125,0.110123709964751,-0.0434694887342174));
#10225=CARTESIAN_POINT('',(0.0341396292649553,0.110154216553825,-0.0434234923186169));
#10226=CARTESIAN_POINT('',(0.0341993408390302,0.110188691047191,-0.0433784672360123));
#10227=CARTESIAN_POINT('',(0.0343445526832985,0.110272529144569,-0.0432689712901319));
#10228=CARTESIAN_POINT('',(0.0345190968575332,0.110373302270549,-0.0431818978050856));
#10229=CARTESIAN_POINT('',(0.0346752704682598,0.110463469146742,-0.0431219606830726));
#10230=CARTESIAN_POINT('',(0.0347638181428039,0.110514592170476,-0.0430879773951892));
#10231=CARTESIAN_POINT('',(0.0348542554107094,0.110566806151446,-0.0430589179505451));
#10232=CARTESIAN_POINT('',(0.0349469041778106,0.110620296942072,-0.0430335609981907));
#10233=CARTESIAN_POINT('',(0.0354600290924212,0.110916549749651,-0.0428931243316411));
#10234=CARTESIAN_POINT('',(0.0360327096168254,0.111247187004575,-0.0428649271543764));
#10235=CARTESIAN_POINT('',(0.0365903762865878,0.11156915600648,-0.0428534091969283));
#10236=CARTESIAN_POINT('',(0.036893646427364,0.111744249103895,-0.0428471455043568));
#10237=CARTESIAN_POINT('',(0.0371925201437497,0.111916803924504,-0.0428465447784798));
#10238=CARTESIAN_POINT('',(0.0374752959876117,0.112080064634078,-0.0428463694647658));
#10239=CARTESIAN_POINT('',(0.0376213241234983,0.112164374017641,-0.0428462789310962));
#10240=CARTESIAN_POINT('',(0.0377673439051693,0.112248678577896,-0.0428464446419143));
#10241=CARTESIAN_POINT('',(0.037918614419796,0.112336014650236,-0.0428471024408181));
#10242=CARTESIAN_POINT('',(0.038409259245205,0.112619288572262,-0.0428492360068278));
#10243=CARTESIAN_POINT('',(0.0389333581354696,0.112921877207639,-0.0428517817386068));
#10244=CARTESIAN_POINT('',(0.0394351144122965,0.113211566329132,-0.0429069093704114));
#10245=CARTESIAN_POINT('',(0.0396200436007257,0.113318335245853,-0.0429272274185963));
#10246=CARTESIAN_POINT('',(0.0398018996532657,0.113423329886741,-0.0429552085300688));
#10247=CARTESIAN_POINT('',(0.0399778984845269,0.113524942859346,-0.0429949244938306));
#10248=CARTESIAN_POINT('',(0.0401149358955746,0.113604061445504,-0.0430258484085644));
#10249=CARTESIAN_POINT('',(0.0402484501274712,0.11368114592323,-0.0430638657193517));
#10250=CARTESIAN_POINT('',(0.0403769665823262,0.113755344933036,-0.0431114903299207));
#10251=CARTESIAN_POINT('',(0.0404676260801595,0.113807687218514,-0.0431450862090131));
#10252=CARTESIAN_POINT('',(0.0405625172224722,0.113862472645072,-0.0431859734857135));
#10253=CARTESIAN_POINT('',(0.0406565622515819,0.113916769567945,-0.0432362851194684));
#10254=CARTESIAN_POINT('',(0.0407588903427102,0.113975848718903,-0.0432910279750178));
#10255=CARTESIAN_POINT('',(0.0408582720727668,0.114033226787504,-0.0433565674965325));
#10256=CARTESIAN_POINT('',(0.0409438959243909,0.114082661741288,-0.0434289285173923));
#10257=CARTESIAN_POINT('',(0.0409899058268889,0.114109225570881,-0.0434678116492681));
#10258=CARTESIAN_POINT('',(0.0410328700896859,0.114134030999572,-0.0435087960555429));
#10259=CARTESIAN_POINT('',(0.0410756666779101,0.114158739621304,-0.0435570305147325));
#10260=CARTESIAN_POINT('',(0.041144932047371,0.114198730001008,-0.0436350969629039));
#10261=CARTESIAN_POINT('',(0.0412069483552305,0.114234535133045,-0.0437285835138521));
#10262=CARTESIAN_POINT('',(0.0412479217172154,0.114258191114616,-0.0438210079751837));
#10263=CARTESIAN_POINT('',(0.0410400000000008,0.114138147455212,-0.044425933976733));
#10264=CARTESIAN_POINT('',(0.0410400000000004,0.114138147455212,-0.0428447075430543));
#10265=VECTOR('',#11628,1.0);
#10266=CARTESIAN_POINT('',(0.038155042929236,0.112472516713805,-0.0449447075430543));
#10267=CARTESIAN_POINT('',(0.0413485637374157,0.114316296812071,-0.0440940682986433));
#10268=CARTESIAN_POINT('',(0.0412512906773356,0.114260136184648,-0.0442521591895294));
#10269=CARTESIAN_POINT('',(0.0411012497329593,0.114173510005023,-0.0443909297757936));
#10270=CARTESIAN_POINT('',(0.0409458186873537,0.114083771849003,-0.0444920693010668));
#10271=CARTESIAN_POINT('',(0.0408099198912767,0.114005310642505,-0.0445804991232229));
#10272=CARTESIAN_POINT('',(0.0406768239055368,0.11392846763931,-0.0446420304554277));
#10273=CARTESIAN_POINT('',(0.0405360243759481,0.113847176993,-0.0446942454197284));
#10274=CARTESIAN_POINT('',(0.0401360002018095,0.113616222928379,-0.0448425928469752));
#10275=CARTESIAN_POINT('',(0.0396971504403559,0.11336285290047,-0.0448974837153688));
#10276=CARTESIAN_POINT('',(0.0392494501955365,0.113104373043607,-0.0449231795042064));
#10277=CARTESIAN_POINT('',(0.0387638109188222,0.112823989076467,-0.0449510528066004));
#10278=CARTESIAN_POINT('',(0.0382688024395238,0.112538195797693,-0.044944900800664));
#10279=CARTESIAN_POINT('',(0.0378034703312158,0.112269536179699,-0.0449443807103471));
#10280=CARTESIAN_POINT('',(0.0375918679996352,0.1121473675166,-0.0449441442075962));
#10281=CARTESIAN_POINT('',(0.0373887342180251,0.112030088173105,-0.0449442397656911));
#10282=CARTESIAN_POINT('',(0.0371752761651031,0.11190684810879,-0.0449445016516897));
#10283=CARTESIAN_POINT('',(0.0366882062023668,0.11162563813469,-0.0449450992248514));
#10284=CARTESIAN_POINT('',(0.0361721199456679,0.11132767559546,-0.044950944742351));
#10285=CARTESIAN_POINT('',(0.0356709512126416,0.111038325692538,-0.0449125310282454));
#10286=CARTESIAN_POINT('',(0.0353068529842005,0.110828113482336,-0.0448846235305664));
#10287=CARTESIAN_POINT('',(0.0349512513799768,0.110622806800413,-0.0448325919477008));
#10288=CARTESIAN_POINT('',(0.0346202337245597,0.110431693667952,-0.0447211942037749));
#10289=CARTESIAN_POINT('',(0.0345139420046133,0.110370326114828,-0.044685423731698));
#10290=CARTESIAN_POINT('',(0.0344101231653452,0.110310386280029,-0.044643353157969));
#10291=CARTESIAN_POINT('',(0.0343097185054661,0.11025241762262,-0.0445926788500012));
#10292=CARTESIAN_POINT('',(0.034222657103686,0.110202152698867,-0.0445487388945128));
#10293=CARTESIAN_POINT('',(0.0341340096090211,0.110150972043959,-0.0444963119206337));
#10294=CARTESIAN_POINT('',(0.0340478809474185,0.110101245637998,-0.0444318703181748));
#10295=CARTESIAN_POINT('',(0.0339240045897851,0.110029725589572,-0.0443391858291309));
#10296=CARTESIAN_POINT('',(0.0338105612302637,0.109964229035414,-0.0442226644034774));
#10297=CARTESIAN_POINT('',(0.0337314362625855,0.109918546214026,-0.0440940682986433));
#10298=CARTESIAN_POINT('',(0.0410400000000004,0.114138147455212,-0.0449447075430543));
#10299=VECTOR('',#11629,1.0);
#10300=CARTESIAN_POINT('',(0.0340400000000004,0.105345053285044,-0.0449447075430544));
#10301=CARTESIAN_POINT('',(0.0340400000000003,0.10201379180223,-0.0444259339767331));
#10302=CARTESIAN_POINT('',(0.0340400000000004,0.110452994284602,-0.0440940682986433));
#10303=CARTESIAN_POINT('',(0.0340400000000004,0.110340673029758,-0.0442521591895294));
#10304=CARTESIAN_POINT('',(0.0340400000000004,0.110167420670507,-0.0443909297757936));
#10305=CARTESIAN_POINT('',(0.0340400000000004,0.109987944358466,-0.0444920693010668));
#10306=CARTESIAN_POINT('',(0.0340400000000004,0.10983102194547,-0.0445804991232229));
#10307=CARTESIAN_POINT('',(0.0340400000000004,0.109677335939081,-0.0446420304554276));
#10308=CARTESIAN_POINT('',(0.0340400000000004,0.109514754646461,-0.0446942454197283));
#10309=CARTESIAN_POINT('',(0.0340400000000004,0.109052846517219,-0.0448425928469752));
#10310=CARTESIAN_POINT('',(0.0340400000000004,0.108546106461401,-0.0448974837153688));
#10311=CARTESIAN_POINT('',(0.0340400000000004,0.108029146747675,-0.0449231795042064));
#10312=CARTESIAN_POINT('',(0.0340400000000004,0.107468378813395,-0.0449510528066004));
#10313=CARTESIAN_POINT('',(0.0340400000000004,0.106896792255847,-0.0449449008006641));
#10314=CARTESIAN_POINT('',(0.0340400000000004,0.106359473019858,-0.0449443807103471));
#10315=CARTESIAN_POINT('',(0.0340400000000004,0.10611513569366,-0.0449441442075962));
#10316=CARTESIAN_POINT('',(0.0340400000000004,0.105880577006671,-0.0449442397656911));
#10317=CARTESIAN_POINT('',(0.0340400000000004,0.10563409687804,-0.0449445016516897));
#10318=CARTESIAN_POINT('',(0.0340400000000004,0.10507167692984,-0.0449450992248514));
#10319=CARTESIAN_POINT('',(0.0340400000000004,0.10447575185138,-0.044950944742351));
#10320=CARTESIAN_POINT('',(0.0340400000000004,0.103897052045535,-0.0449125310282453));
#10321=CARTESIAN_POINT('',(0.0340400000000004,0.103476627625132,-0.0448846235305663));
#10322=CARTESIAN_POINT('',(0.0340400000000004,0.103066014261286,-0.0448325919477006));
#10323=CARTESIAN_POINT('',(0.0340400000000004,0.102683787996363,-0.0447211942037747));
#10324=CARTESIAN_POINT('',(0.0340400000000004,0.102561052890115,-0.0446854237316976));
#10325=CARTESIAN_POINT('',(0.0340400000000004,0.102441173220518,-0.0446433531579684));
#10326=CARTESIAN_POINT('',(0.0340400000000004,0.102325235905699,-0.0445926788500002));
#10327=CARTESIAN_POINT('',(0.0340400000000004,0.102224706058191,-0.044548738894511));
#10328=CARTESIAN_POINT('',(0.0340400000000004,0.102122344748373,-0.0444963119206308));
#10329=CARTESIAN_POINT('',(0.0340400000000004,0.10202289193645,-0.0444318703181704));
#10330=CARTESIAN_POINT('',(0.0340400000000004,0.1018798518396,-0.0443391858291274));
#10331=CARTESIAN_POINT('',(0.0340400000000004,0.101748858731288,-0.0442226644034754));
#10332=CARTESIAN_POINT('',(0.0340400000000004,0.101657493088512,-0.0440940682986433));
#10333=CARTESIAN_POINT('',(0.0340400000000003,0.10201379180223,-0.0428447075430544));
#10334=VECTOR('',#11630,1.0);
#10335=CARTESIAN_POINT('',(0.0340400000000004,0.101773704483421,-0.0438210079751838));
#10336=CARTESIAN_POINT('',(0.0340400000000004,0.101827680264777,-0.0437155656687279));
#10337=CARTESIAN_POINT('',(0.0340400000000004,0.101913874901639,-0.0436091881816955));
#10338=CARTESIAN_POINT('',(0.0340400000000004,0.102006736306406,-0.043524920235777));
#10339=CARTESIAN_POINT('',(0.0340400000000004,0.102067820589962,-0.0434694887342179));
#10340=CARTESIAN_POINT('',(0.0340400000000004,0.10212883376811,-0.0434234923186177));
#10341=CARTESIAN_POINT('',(0.0340400000000004,0.102197782754842,-0.0433784672360133));
#10342=CARTESIAN_POINT('',(0.0340400000000004,0.102365458949597,-0.0432689712901329));
#10343=CARTESIAN_POINT('',(0.0340400000000004,0.102567005201556,-0.0431818978050865));
#10344=CARTESIAN_POINT('',(0.0340400000000004,0.102747338953943,-0.0431219606830733));
#10345=CARTESIAN_POINT('',(0.0340400000000004,0.102849585001412,-0.0430879773951895));
#10346=CARTESIAN_POINT('',(0.0340400000000004,0.102954012963353,-0.0430589179505452));
#10347=CARTESIAN_POINT('',(0.0340400000000004,0.103060994544606,-0.0430335609981906));
#10348=CARTESIAN_POINT('',(0.0340400000000004,0.103653500159763,-0.042893124331641));
#10349=CARTESIAN_POINT('',(0.0340400000000004,0.104314774669611,-0.0428649271543764));
#10350=CARTESIAN_POINT('',(0.0340400000000004,0.104958712673422,-0.0428534091969283));
#10351=CARTESIAN_POINT('',(0.0340400000000004,0.105308898868251,-0.0428471455043569));
#10352=CARTESIAN_POINT('',(0.0340400000000004,0.105654008509469,-0.0428465447784798));
#10353=CARTESIAN_POINT('',(0.0340400000000004,0.105980529928618,-0.0428463694647659));
#10354=CARTESIAN_POINT('',(0.0340400000000004,0.106149148695746,-0.0428462789310962));
#10355=CARTESIAN_POINT('',(0.0340400000000004,0.106317757816258,-0.0428464446419144));
#10356=CARTESIAN_POINT('',(0.0340400000000004,0.10649242996094,-0.0428471024408182));
#10357=CARTESIAN_POINT('',(0.0340400000000004,0.107058977804994,-0.0428492360068279));
#10358=CARTESIAN_POINT('',(0.0340400000000004,0.107664155075747,-0.0428517817386071));
#10359=CARTESIAN_POINT('',(0.0340400000000004,0.108243533318735,-0.0429069093704124));
#10360=CARTESIAN_POINT('',(0.0340400000000004,0.108457071152176,-0.0429272274185976));
#10361=CARTESIAN_POINT('',(0.0340400000000004,0.108667060433953,-0.0429552085300704));
#10362=CARTESIAN_POINT('',(0.0340400000000004,0.108870286379164,-0.0429949244938328));
#10363=CARTESIAN_POINT('',(0.0340400000000004,0.109028523551484,-0.0430258484085679));
#10364=CARTESIAN_POINT('',(0.0340400000000004,0.109182692506941,-0.0430638657193569));
#10365=CARTESIAN_POINT('',(0.0340400000000004,0.109331090526556,-0.0431114903299284));
#10366=CARTESIAN_POINT('',(0.0340400000000004,0.109435775097509,-0.0431450862090204));
#10367=CARTESIAN_POINT('',(0.0340400000000004,0.109545345950623,-0.0431859734857209));
#10368=CARTESIAN_POINT('',(0.0340400000000004,0.109653939796364,-0.0432362851194749));
#10369=CARTESIAN_POINT('',(0.0340400000000004,0.109772098098283,-0.0432910279750261));
#10370=CARTESIAN_POINT('',(0.0340400000000004,0.109886854235486,-0.0433565674965428));
#10371=CARTESIAN_POINT('',(0.0340400000000004,0.109985724143054,-0.0434289285174045));
#10372=CARTESIAN_POINT('',(0.0340400000000004,0.110038851802238,-0.0434678116492808));
#10373=CARTESIAN_POINT('',(0.0340400000000004,0.110088462659621,-0.0435087960555571));
#10374=CARTESIAN_POINT('',(0.0340400000000004,0.110137879903084,-0.0435570305147479));
#10375=CARTESIAN_POINT('',(0.0340400000000004,0.110217860662486,-0.043635096962916));
#10376=CARTESIAN_POINT('',(0.0340400000000004,0.110289470926553,-0.0437285835138582));
#10377=CARTESIAN_POINT('',(0.0340400000000004,0.110336782889693,-0.0438210079751838));
#10378=CARTESIAN_POINT('',(0.0340400000000004,0.10676543408807,-0.0449447075430544));
#10379=CARTESIAN_POINT('',(0.0340400000000004,0.110452994284602,-0.0440940682986433));
#10380=CARTESIAN_POINT('',(0.0340400000000004,0.110340673029758,-0.0442521591895294));
#10381=CARTESIAN_POINT('',(0.0340400000000004,0.110167420670507,-0.0443909297757936));
#10382=CARTESIAN_POINT('',(0.0340400000000004,0.109987944358466,-0.0444920693010668));
#10383=CARTESIAN_POINT('',(0.0340400000000004,0.10983102194547,-0.0445804991232229));
#10384=CARTESIAN_POINT('',(0.0340400000000004,0.109677335939081,-0.0446420304554276));
#10385=CARTESIAN_POINT('',(0.0340400000000004,0.109514754646461,-0.0446942454197283));
#10386=CARTESIAN_POINT('',(0.0340400000000004,0.109052846517219,-0.0448425928469752));
#10387=CARTESIAN_POINT('',(0.0340400000000004,0.108546106461401,-0.0448974837153688));
#10388=CARTESIAN_POINT('',(0.0340400000000004,0.108029146747675,-0.0449231795042064));
#10389=CARTESIAN_POINT('',(0.0340400000000004,0.107468378813395,-0.0449510528066004));
#10390=CARTESIAN_POINT('',(0.0340400000000004,0.106896792255847,-0.0449449008006641));
#10391=CARTESIAN_POINT('',(0.0340400000000004,0.106359473019858,-0.0449443807103471));
#10392=CARTESIAN_POINT('',(0.0340400000000004,0.10611513569366,-0.0449441442075962));
#10393=CARTESIAN_POINT('',(0.0340400000000004,0.105880577006671,-0.0449442397656911));
#10394=CARTESIAN_POINT('',(0.0340400000000004,0.10563409687804,-0.0449445016516897));
#10395=CARTESIAN_POINT('',(0.0340400000000004,0.10507167692984,-0.0449450992248514));
#10396=CARTESIAN_POINT('',(0.0340400000000004,0.10447575185138,-0.044950944742351));
#10397=CARTESIAN_POINT('',(0.0340400000000004,0.103897052045535,-0.0449125310282453));
#10398=CARTESIAN_POINT('',(0.0340400000000004,0.103476627625132,-0.0448846235305663));
#10399=CARTESIAN_POINT('',(0.0340400000000004,0.103066014261286,-0.0448325919477006));
#10400=CARTESIAN_POINT('',(0.0340400000000004,0.102683787996363,-0.0447211942037747));
#10401=CARTESIAN_POINT('',(0.0340400000000004,0.102561052890115,-0.0446854237316976));
#10402=CARTESIAN_POINT('',(0.0340400000000004,0.102441173220518,-0.0446433531579684));
#10403=CARTESIAN_POINT('',(0.0340400000000004,0.102325235905699,-0.0445926788500002));
#10404=CARTESIAN_POINT('',(0.0340400000000004,0.102224706058191,-0.044548738894511));
#10405=CARTESIAN_POINT('',(0.0340400000000004,0.102122344748373,-0.0444963119206308));
#10406=CARTESIAN_POINT('',(0.0340400000000004,0.10202289193645,-0.0444318703181704));
#10407=CARTESIAN_POINT('',(0.0340400000000004,0.1018798518396,-0.0443391858291274));
#10408=CARTESIAN_POINT('',(0.0340400000000004,0.101748858731288,-0.0442226644034754));
#10409=CARTESIAN_POINT('',(0.0340400000000004,0.101657493088512,-0.0440940682986433));
#10410=CARTESIAN_POINT('',(0.0340400000000004,0.110096695570884,-0.0449447075430544));
#10411=VECTOR('',#11631,1.0);
#10412=CARTESIAN_POINT('',(0.0350347326520839,0.109522386406432,-0.0428447075430544));
#10413=AXIS2_PLACEMENT_3D('',#11632,#11633,#11634);
#10414=AXIS2_PLACEMENT_3D('',#11635,#11636,#11637);
#10415=CARTESIAN_POINT('',(0.0480400000000011,0.110096695570884,-0.0435185634303281));
#10416=CARTESIAN_POINT('',(0.0480400000000004,0.110336782889694,-0.0438210079751837));
#10417=CARTESIAN_POINT('',(0.0480400000000004,0.110282807108338,-0.0437155656687277));
#10418=CARTESIAN_POINT('',(0.0480400000000004,0.110196612471476,-0.0436091881816953));
#10419=CARTESIAN_POINT('',(0.0480400000000004,0.110103751066708,-0.0435249202357767));
#10420=CARTESIAN_POINT('',(0.0480400000000004,0.110042666783152,-0.0434694887342171));
#10421=CARTESIAN_POINT('',(0.0480400000000004,0.109981653605003,-0.0434234923186166));
#10422=CARTESIAN_POINT('',(0.0480400000000004,0.109912704618271,-0.0433784672360119));
#10423=CARTESIAN_POINT('',(0.0480400000000004,0.109745028423516,-0.0432689712901315));
#10424=CARTESIAN_POINT('',(0.0480400000000004,0.109543482171556,-0.0431818978050853));
#10425=CARTESIAN_POINT('',(0.0480400000000004,0.109363148419169,-0.0431219606830723));
#10426=CARTESIAN_POINT('',(0.0480400000000004,0.109260902371701,-0.0430879773951889));
#10427=CARTESIAN_POINT('',(0.0480400000000004,0.109156474409761,-0.0430589179505449));
#10428=CARTESIAN_POINT('',(0.0480400000000004,0.109049492828509,-0.0430335609981906));
#10429=CARTESIAN_POINT('',(0.0480400000000004,0.108456987213352,-0.0428931243316409));
#10430=CARTESIAN_POINT('',(0.0480400000000004,0.107795712703504,-0.0428649271543763));
#10431=CARTESIAN_POINT('',(0.0480400000000004,0.107151774699693,-0.0428534091969282));
#10432=CARTESIAN_POINT('',(0.0480400000000004,0.106801588504864,-0.0428471455043567));
#10433=CARTESIAN_POINT('',(0.0480400000000004,0.106456478863646,-0.0428465447784797));
#10434=CARTESIAN_POINT('',(0.0480400000000004,0.106129957444498,-0.0428463694647657));
#10435=CARTESIAN_POINT('',(0.0480400000000004,0.10596133867737,-0.0428462789310961));
#10436=CARTESIAN_POINT('',(0.0480400000000004,0.10579272955686,-0.0428464446419143));
#10437=CARTESIAN_POINT('',(0.0480400000000004,0.105618057412179,-0.042847102440818));
#10438=CARTESIAN_POINT('',(0.0480400000000004,0.105051509568126,-0.0428492360068278));
#10439=CARTESIAN_POINT('',(0.0480400000000004,0.104446332297373,-0.0428517817386067));
#10440=CARTESIAN_POINT('',(0.0480400000000004,0.103866954054386,-0.0429069093704115));
#10441=CARTESIAN_POINT('',(0.0480400000000004,0.103653416220945,-0.0429272274185964));
#10442=CARTESIAN_POINT('',(0.0480400000000003,0.103443426939169,-0.042955208530069));
#10443=CARTESIAN_POINT('',(0.0480400000000003,0.103240200993957,-0.0429949244938309));
#10444=CARTESIAN_POINT('',(0.0480400000000003,0.103081963821642,-0.043025848408565));
#10445=CARTESIAN_POINT('',(0.0480400000000003,0.102927794866189,-0.0430638657193525));
#10446=CARTESIAN_POINT('',(0.0480400000000003,0.102779396846577,-0.0431114903299219));
#10447=CARTESIAN_POINT('',(0.0480400000000003,0.10267471227562,-0.0431450862090142));
#10448=CARTESIAN_POINT('',(0.0480400000000003,0.102565141422505,-0.0431859734857146));
#10449=CARTESIAN_POINT('',(0.0480400000000003,0.102456547576761,-0.0432362851194693));
#10450=CARTESIAN_POINT('',(0.0480400000000003,0.102338389274843,-0.043291027975019));
#10451=CARTESIAN_POINT('',(0.0480400000000003,0.102223633137642,-0.0433565674965341));
#10452=CARTESIAN_POINT('',(0.0480400000000003,0.102124763230073,-0.0434289285173942));
#10453=CARTESIAN_POINT('',(0.0480400000000003,0.102071635570888,-0.0434678116492702));
#10454=CARTESIAN_POINT('',(0.0480400000000003,0.102022024713505,-0.0435087960555454));
#10455=CARTESIAN_POINT('',(0.0480400000000003,0.101972607470042,-0.0435570305147353));
#10456=CARTESIAN_POINT('',(0.0480400000000003,0.101892626710635,-0.0436350969629061));
#10457=CARTESIAN_POINT('',(0.0480400000000003,0.101821016446563,-0.0437285835138531));
#10458=CARTESIAN_POINT('',(0.0480400000000003,0.10177370448342,-0.0438210079751836));
#10459=CARTESIAN_POINT('',(0.0408320782827854,0.114258191114616,-0.0438210079751837));
#10460=CARTESIAN_POINT('',(0.0408788226806288,0.114231203223938,-0.0437155656687278));
#10461=CARTESIAN_POINT('',(0.040953469425821,0.114188105905507,-0.0436091881816954));
#10462=CARTESIAN_POINT('',(0.0410338897613806,0.114141675203124,-0.0435249202357769));
#10463=CARTESIAN_POINT('',(0.041086790302712,0.114111133061346,-0.0434694887342175));
#10464=CARTESIAN_POINT('',(0.0411396292649546,0.114080626472271,-0.0434234923186171));
#10465=CARTESIAN_POINT('',(0.0411993408390294,0.114046151978905,-0.0433784672360126));
#10466=CARTESIAN_POINT('',(0.0413445526832975,0.113962313881528,-0.0432689712901322));
#10467=CARTESIAN_POINT('',(0.0415190968575321,0.113861540755548,-0.0431818978050859));
#10468=CARTESIAN_POINT('',(0.0416752704682588,0.113771373879355,-0.0431219606830728));
#10469=CARTESIAN_POINT('',(0.0417638181428032,0.11372025085562,-0.0430879773951892));
#10470=CARTESIAN_POINT('',(0.041854255410709,0.11366803687465,-0.043058917950545));
#10471=CARTESIAN_POINT('',(0.0419469041778105,0.113614546084024,-0.0430335609981906));
#10472=CARTESIAN_POINT('',(0.0424600290924212,0.113318293276445,-0.0428931243316409));
#10473=CARTESIAN_POINT('',(0.0430327096168254,0.112987656021521,-0.0428649271543763));
#10474=CARTESIAN_POINT('',(0.0435903762865878,0.112665687019616,-0.0428534091969282));
#10475=CARTESIAN_POINT('',(0.0438936464273642,0.112490593922201,-0.0428471455043568));
#10476=CARTESIAN_POINT('',(0.0441925201437499,0.112318039101592,-0.0428465447784797));
#10477=CARTESIAN_POINT('',(0.044475295987612,0.112154778392018,-0.0428463694647658));
#10478=CARTESIAN_POINT('',(0.0446213241234994,0.112070469008454,-0.0428462789310961));
#10479=CARTESIAN_POINT('',(0.0447673439051712,0.111986164448199,-0.0428464446419143));
#10480=CARTESIAN_POINT('',(0.0449186144197987,0.111898828375858,-0.042847102440818));
#10481=CARTESIAN_POINT('',(0.045409259245208,0.111615554453832,-0.0428492360068278));
#10482=CARTESIAN_POINT('',(0.0459333581354728,0.111312965818455,-0.0428517817386068));
#10483=CARTESIAN_POINT('',(0.0464351144122998,0.111023276696962,-0.0429069093704116));
#10484=CARTESIAN_POINT('',(0.0466200436007292,0.110916507780241,-0.0429272274185967));
#10485=CARTESIAN_POINT('',(0.0468018996532694,0.110811513139353,-0.0429552085300693));
#10486=CARTESIAN_POINT('',(0.0469778984845308,0.110709900166747,-0.0429949244938313));
#10487=CARTESIAN_POINT('',(0.0471149358955801,0.110630781580589,-0.0430258484085656));
#10488=CARTESIAN_POINT('',(0.0472484501274782,0.110553697102862,-0.0430638657193536));
#10489=CARTESIAN_POINT('',(0.0473769665823345,0.110479498093055,-0.0431114903299236));
#10490=CARTESIAN_POINT('',(0.0474676260801665,0.110427155807578,-0.0431450862090158));
#10491=CARTESIAN_POINT('',(0.0475625172224784,0.11037237038102,-0.0431859734857163));
#10492=CARTESIAN_POINT('',(0.0476565622515868,0.110318073458148,-0.0432362851194708));
#10493=CARTESIAN_POINT('',(0.0477588903427159,0.110258994307189,-0.043291027975021));
#10494=CARTESIAN_POINT('',(0.0478582720727729,0.110201616238588,-0.0433565674965365));
#10495=CARTESIAN_POINT('',(0.047943895924397,0.110152181284804,-0.0434289285173972));
#10496=CARTESIAN_POINT('',(0.0479899058268949,0.110125617455212,-0.0434678116492733));
#10497=CARTESIAN_POINT('',(0.0480328700896921,0.11010081202652,-0.0435087960555488));
#10498=CARTESIAN_POINT('',(0.0480756666779162,0.110076103404788,-0.0435570305147391));
#10499=CARTESIAN_POINT('',(0.0481449320473749,0.110036113025086,-0.043635096962909));
#10500=CARTESIAN_POINT('',(0.0482069483552319,0.110000307893051,-0.0437285835138546));
#10501=CARTESIAN_POINT('',(0.0482479217172157,0.10997665191148,-0.0438210079751837));
#10502=CARTESIAN_POINT('',(0.0439249570707629,0.0996379706593075,-0.0449447075430543));
#10503=CARTESIAN_POINT('',(0.038155042929236,0.0996379706593085,-0.0449447075430543));
#10504=AXIS2_PLACEMENT_3D('',#11638,#11639,#11640);
#10505=CARTESIAN_POINT('',(0.036924957070765,0.100348161060823,-0.0449447075430543));
#10506=CARTESIAN_POINT('',(0.0340400000000004,0.10201379180223,-0.0449447075430544));
#10507=VECTOR('',#11641,0.999999999999999);
#10508=AXIS2_PLACEMENT_3D('',#11642,#11643,#11644);
#10509=AXIS2_PLACEMENT_3D('',#11645,#11646,#11647);
#10510=CARTESIAN_POINT('',(0.0439249570707632,0.112472516713806,-0.0449447075430543));
#10511=AXIS2_PLACEMENT_3D('',#11648,#11649,#11650);
#10512=CARTESIAN_POINT('',(0.045155042929238,0.11176232631229,-0.0449447075430543));
#10513=CARTESIAN_POINT('',(0.0480400000000004,0.110096695570884,-0.0449447075430543));
#10514=VECTOR('',#11651,0.999999999999999);
#10515=CARTESIAN_POINT('',(0.0480400000000004,0.106765434088075,-0.0449447075430543));
#10516=AXIS2_PLACEMENT_3D('',#11652,#11653,#11654);
#10517=CARTESIAN_POINT('',(0.0480400000000004,0.105345053285039,-0.0449447075430543));
#10518=CARTESIAN_POINT('',(0.0480400000000004,0.10201379180223,-0.0449447075430543));
#10519=VECTOR('',#11655,1.0);
#10520=CARTESIAN_POINT('',(0.0451550429292381,0.100348161060825,-0.0449447075430543));
#10521=AXIS2_PLACEMENT_3D('',#11656,#11657,#11658);
#10522=CARTESIAN_POINT('',(0.0410400000000003,0.0979723399179022,-0.0449447075430543));
#10523=VECTOR('',#11659,0.999999999999999);
#10524=CARTESIAN_POINT('',(0.0480400000000004,0.110096695570885,-0.044425933976733));
#10525=CARTESIAN_POINT('',(0.048348563737416,0.109918546214025,-0.0440940682986433));
#10526=CARTESIAN_POINT('',(0.0482512906773359,0.109974706841447,-0.0442521591895294));
#10527=CARTESIAN_POINT('',(0.0481012497329596,0.110061333021073,-0.0443909297757936));
#10528=CARTESIAN_POINT('',(0.047945818687354,0.110151071177093,-0.0444920693010668));
#10529=CARTESIAN_POINT('',(0.0478099198912771,0.110229532383591,-0.0445804991232228));
#10530=CARTESIAN_POINT('',(0.0476768239055372,0.110306375386786,-0.0446420304554276));
#10531=CARTESIAN_POINT('',(0.0475360243759486,0.110387666033096,-0.0446942454197283));
#10532=CARTESIAN_POINT('',(0.0471360002018101,0.110618620097717,-0.0448425928469751));
#10533=CARTESIAN_POINT('',(0.0466971504403565,0.110871990125626,-0.0448974837153688));
#10534=CARTESIAN_POINT('',(0.0462494501955372,0.111130469982489,-0.0449231795042064));
#10535=CARTESIAN_POINT('',(0.0457638109188228,0.111410853949629,-0.0449510528066003));
#10536=CARTESIAN_POINT('',(0.0452688024395244,0.111696647228403,-0.044944900800664));
#10537=CARTESIAN_POINT('',(0.0448034703312162,0.111965306846397,-0.044944380710347));
#10538=CARTESIAN_POINT('',(0.0445918679996362,0.112087475509496,-0.0449441442075961));
#10539=CARTESIAN_POINT('',(0.0443887342180267,0.11220475485299,-0.044944239765691));
#10540=CARTESIAN_POINT('',(0.0441752761651052,0.112327994917305,-0.0449445016516896));
#10541=CARTESIAN_POINT('',(0.0436882062023691,0.112609204891404,-0.0449450992248513));
#10542=CARTESIAN_POINT('',(0.0431721199456703,0.112907167430635,-0.044950944742351));
#10543=CARTESIAN_POINT('',(0.042670951212644,0.113196517333557,-0.0449125310282456));
#10544=CARTESIAN_POINT('',(0.0423068529842024,0.113406729543759,-0.0448846235305667));
#10545=CARTESIAN_POINT('',(0.0419512513799782,0.113612036225682,-0.0448325919477012));
#10546=CARTESIAN_POINT('',(0.0416202337245607,0.113803149358144,-0.0447211942037753));
#10547=CARTESIAN_POINT('',(0.0415139420046141,0.113864516911268,-0.0446854237316985));
#10548=CARTESIAN_POINT('',(0.041410123165346,0.113924456746066,-0.0446433531579695));
#10549=CARTESIAN_POINT('',(0.0413097185054668,0.113982425403475,-0.0445926788500017));
#10550=CARTESIAN_POINT('',(0.0412226571036862,0.114032690327229,-0.0445487388945131));
#10551=CARTESIAN_POINT('',(0.0411340096090208,0.114083870982137,-0.0444963119206337));
#10552=CARTESIAN_POINT('',(0.0410478809474176,0.114133597388099,-0.0444318703181744));
#10553=CARTESIAN_POINT('',(0.0409240045897845,0.114205117436525,-0.0443391858291306));
#10554=CARTESIAN_POINT('',(0.0408105612302633,0.114270613990682,-0.0442226644034773));
#10555=CARTESIAN_POINT('',(0.0407314362625852,0.114316296812071,-0.0440940682986433));
#10556=CARTESIAN_POINT('',(0.048348563737416,0.109918546214025,-0.0440940682986433));
#10557=CARTESIAN_POINT('',(0.0482512906773359,0.109974706841447,-0.0442521591895294));
#10558=CARTESIAN_POINT('',(0.0481012497329596,0.110061333021073,-0.0443909297757936));
#10559=CARTESIAN_POINT('',(0.047945818687354,0.110151071177093,-0.0444920693010668));
#10560=CARTESIAN_POINT('',(0.0478099198912771,0.110229532383591,-0.0445804991232228));
#10561=CARTESIAN_POINT('',(0.0476768239055372,0.110306375386786,-0.0446420304554276));
#10562=CARTESIAN_POINT('',(0.0475360243759486,0.110387666033096,-0.0446942454197283));
#10563=CARTESIAN_POINT('',(0.0471360002018101,0.110618620097717,-0.0448425928469751));
#10564=CARTESIAN_POINT('',(0.0466971504403565,0.110871990125626,-0.0448974837153688));
#10565=CARTESIAN_POINT('',(0.0462494501955372,0.111130469982489,-0.0449231795042064));
#10566=CARTESIAN_POINT('',(0.0457638109188228,0.111410853949629,-0.0449510528066003));
#10567=CARTESIAN_POINT('',(0.0452688024395244,0.111696647228403,-0.044944900800664));
#10568=CARTESIAN_POINT('',(0.0448034703312162,0.111965306846397,-0.044944380710347));
#10569=CARTESIAN_POINT('',(0.0445918679996362,0.112087475509496,-0.0449441442075961));
#10570=CARTESIAN_POINT('',(0.0443887342180267,0.11220475485299,-0.044944239765691));
#10571=CARTESIAN_POINT('',(0.0441752761651052,0.112327994917305,-0.0449445016516896));
#10572=CARTESIAN_POINT('',(0.0436882062023691,0.112609204891404,-0.0449450992248513));
#10573=CARTESIAN_POINT('',(0.0431721199456703,0.112907167430635,-0.044950944742351));
#10574=CARTESIAN_POINT('',(0.042670951212644,0.113196517333557,-0.0449125310282456));
#10575=CARTESIAN_POINT('',(0.0423068529842024,0.113406729543759,-0.0448846235305667));
#10576=CARTESIAN_POINT('',(0.0419512513799782,0.113612036225682,-0.0448325919477012));
#10577=CARTESIAN_POINT('',(0.0416202337245607,0.113803149358144,-0.0447211942037753));
#10578=CARTESIAN_POINT('',(0.0415139420046141,0.113864516911268,-0.0446854237316985));
#10579=CARTESIAN_POINT('',(0.041410123165346,0.113924456746066,-0.0446433531579695));
#10580=CARTESIAN_POINT('',(0.0413097185054668,0.113982425403475,-0.0445926788500017));
#10581=CARTESIAN_POINT('',(0.0412226571036862,0.114032690327229,-0.0445487388945131));
#10582=CARTESIAN_POINT('',(0.0411340096090208,0.114083870982137,-0.0444963119206337));
#10583=CARTESIAN_POINT('',(0.0410478809474176,0.114133597388099,-0.0444318703181744));
#10584=CARTESIAN_POINT('',(0.0409240045897845,0.114205117436525,-0.0443391858291306));
#10585=CARTESIAN_POINT('',(0.0408105612302633,0.114270613990682,-0.0442226644034773));
#10586=CARTESIAN_POINT('',(0.0407314362625852,0.114316296812071,-0.0440940682986433));
#10587=CARTESIAN_POINT('',(0.0480400000000004,0.110096695570884,-0.0428447075430543));
#10588=VECTOR('',#11660,1.0);
#10589=CARTESIAN_POINT('',(0.0480400000000004,0.102013791802229,-0.044425933976733));
#10590=CARTESIAN_POINT('',(0.0480400000000003,0.101657493088512,-0.0440940682986433));
#10591=CARTESIAN_POINT('',(0.0480400000000003,0.101769814343356,-0.0442521591895295));
#10592=CARTESIAN_POINT('',(0.0480400000000004,0.101943066702606,-0.0443909297757936));
#10593=CARTESIAN_POINT('',(0.0480400000000004,0.102122543014648,-0.0444920693010669));
#10594=CARTESIAN_POINT('',(0.0480400000000004,0.102279465427643,-0.0445804991232232));
#10595=CARTESIAN_POINT('',(0.0480400000000004,0.102433151434034,-0.0446420304554281));
#10596=CARTESIAN_POINT('',(0.0480400000000004,0.102595732726654,-0.0446942454197289));
#10597=CARTESIAN_POINT('',(0.0480400000000004,0.103057640855897,-0.0448425928469756));
#10598=CARTESIAN_POINT('',(0.0480400000000004,0.103564380911716,-0.0448974837153691));
#10599=CARTESIAN_POINT('',(0.0480400000000004,0.104081340625442,-0.0449231795042066));
#10600=CARTESIAN_POINT('',(0.0480400000000004,0.104642108559722,-0.0449510528066003));
#10601=CARTESIAN_POINT('',(0.0480400000000004,0.10521369511727,-0.044944900800664));
#10602=CARTESIAN_POINT('',(0.0480400000000004,0.105751014353258,-0.044944380710347));
#10603=CARTESIAN_POINT('',(0.0480400000000004,0.105995351679456,-0.0449441442075961));
#10604=CARTESIAN_POINT('',(0.0480400000000004,0.106229910366443,-0.044944239765691));
#10605=CARTESIAN_POINT('',(0.0480400000000004,0.106476390495073,-0.0449445016516896));
#10606=CARTESIAN_POINT('',(0.0480400000000004,0.107038810443273,-0.0449450992248513));
#10607=CARTESIAN_POINT('',(0.0480400000000004,0.107634735521734,-0.044950944742351));
#10608=CARTESIAN_POINT('',(0.0480400000000004,0.108213435327578,-0.0449125310282453));
#10609=CARTESIAN_POINT('',(0.0480400000000004,0.108633859747982,-0.0448846235305664));
#10610=CARTESIAN_POINT('',(0.0480400000000004,0.109044473111828,-0.0448325919477007));
#10611=CARTESIAN_POINT('',(0.0480400000000004,0.109426699376751,-0.0447211942037748));
#10612=CARTESIAN_POINT('',(0.0480400000000004,0.109549434482999,-0.0446854237316978));
#10613=CARTESIAN_POINT('',(0.0480400000000004,0.109669314152596,-0.0446433531579687));
#10614=CARTESIAN_POINT('',(0.0480400000000004,0.109785251467414,-0.0445926788500006));
#10615=CARTESIAN_POINT('',(0.0480400000000004,0.109885781314923,-0.0445487388945118));
#10616=CARTESIAN_POINT('',(0.0480400000000004,0.109988142624739,-0.0444963119206321));
#10617=CARTESIAN_POINT('',(0.0480400000000004,0.110087595436662,-0.0444318703181724));
#10618=CARTESIAN_POINT('',(0.0480400000000004,0.110230635533512,-0.044339185829129));
#10619=CARTESIAN_POINT('',(0.0480400000000004,0.110361628641826,-0.0442226644034764));
#10620=CARTESIAN_POINT('',(0.0480400000000004,0.110452994284602,-0.0440940682986433));
#10621=CARTESIAN_POINT('',(0.0480400000000003,0.101657493088512,-0.0440940682986433));
#10622=CARTESIAN_POINT('',(0.0480400000000003,0.101769814343356,-0.0442521591895295));
#10623=CARTESIAN_POINT('',(0.0480400000000004,0.101943066702606,-0.0443909297757936));
#10624=CARTESIAN_POINT('',(0.0480400000000004,0.102122543014648,-0.0444920693010669));
#10625=CARTESIAN_POINT('',(0.0480400000000004,0.102279465427643,-0.0445804991232232));
#10626=CARTESIAN_POINT('',(0.0480400000000004,0.102433151434034,-0.0446420304554281));
#10627=CARTESIAN_POINT('',(0.0480400000000004,0.102595732726654,-0.0446942454197289));
#10628=CARTESIAN_POINT('',(0.0480400000000004,0.103057640855897,-0.0448425928469756));
#10629=CARTESIAN_POINT('',(0.0480400000000004,0.103564380911716,-0.0448974837153691));
#10630=CARTESIAN_POINT('',(0.0480400000000004,0.104081340625442,-0.0449231795042066));
#10631=CARTESIAN_POINT('',(0.0480400000000004,0.104642108559722,-0.0449510528066003));
#10632=CARTESIAN_POINT('',(0.0480400000000004,0.10521369511727,-0.044944900800664));
#10633=CARTESIAN_POINT('',(0.0480400000000004,0.105751014353258,-0.044944380710347));
#10634=CARTESIAN_POINT('',(0.0480400000000004,0.105995351679456,-0.0449441442075961));
#10635=CARTESIAN_POINT('',(0.0480400000000004,0.106229910366443,-0.044944239765691));
#10636=CARTESIAN_POINT('',(0.0480400000000004,0.106476390495073,-0.0449445016516896));
#10637=CARTESIAN_POINT('',(0.0480400000000004,0.107038810443273,-0.0449450992248513));
#10638=CARTESIAN_POINT('',(0.0480400000000004,0.107634735521734,-0.044950944742351));
#10639=CARTESIAN_POINT('',(0.0480400000000004,0.108213435327578,-0.0449125310282453));
#10640=CARTESIAN_POINT('',(0.0480400000000004,0.108633859747982,-0.0448846235305664));
#10641=CARTESIAN_POINT('',(0.0480400000000004,0.109044473111828,-0.0448325919477007));
#10642=CARTESIAN_POINT('',(0.0480400000000004,0.109426699376751,-0.0447211942037748));
#10643=CARTESIAN_POINT('',(0.0480400000000004,0.109549434482999,-0.0446854237316978));
#10644=CARTESIAN_POINT('',(0.0480400000000004,0.109669314152596,-0.0446433531579687));
#10645=CARTESIAN_POINT('',(0.0480400000000004,0.109785251467414,-0.0445926788500006));
#10646=CARTESIAN_POINT('',(0.0480400000000004,0.109885781314923,-0.0445487388945118));
#10647=CARTESIAN_POINT('',(0.0480400000000004,0.109988142624739,-0.0444963119206321));
#10648=CARTESIAN_POINT('',(0.0480400000000004,0.110087595436662,-0.0444318703181724));
#10649=CARTESIAN_POINT('',(0.0480400000000004,0.110230635533512,-0.044339185829129));
#10650=CARTESIAN_POINT('',(0.0480400000000004,0.110361628641826,-0.0442226644034764));
#10651=CARTESIAN_POINT('',(0.0480400000000004,0.110452994284602,-0.0440940682986433));
#10652=CARTESIAN_POINT('',(0.0480400000000003,0.10201379180223,-0.0428447075430543));
#10653=VECTOR('',#11661,1.0);
#10654=CARTESIAN_POINT('',(0.04104,0.097972339917902,-0.044425933976733));
#10655=CARTESIAN_POINT('',(0.0407314362625851,0.0977941905610434,-0.0440940682986433));
#10656=CARTESIAN_POINT('',(0.0408287093226651,0.0978503511884655,-0.0442521591895295));
#10657=CARTESIAN_POINT('',(0.0409787502670415,0.0979369773680906,-0.0443909297757936));
#10658=CARTESIAN_POINT('',(0.0411341813126471,0.0980267155241115,-0.0444920693010669));
#10659=CARTESIAN_POINT('',(0.0412700801087248,0.0981051767306095,-0.0445804991232234));
#10660=CARTESIAN_POINT('',(0.0414031760944654,0.0981820197338049,-0.0446420304554284));
#10661=CARTESIAN_POINT('',(0.0415439756240548,0.0982633103801151,-0.0446942454197292));
#10662=CARTESIAN_POINT('',(0.0419439997981941,0.0984942644447367,-0.0448425928469759));
#10663=CARTESIAN_POINT('',(0.0423828495596483,0.0987476344726462,-0.0448974837153693));
#10664=CARTESIAN_POINT('',(0.0428305498044683,0.0990061143295093,-0.0449231795042067));
#10665=CARTESIAN_POINT('',(0.0433161890811825,0.0992864982966492,-0.0449510528066003));
#10666=CARTESIAN_POINT('',(0.0438111975604805,0.099572291575423,-0.044944900800664));
#10667=CARTESIAN_POINT('',(0.0442765296687882,0.0998409511934171,-0.044944380710347));
#10668=CARTESIAN_POINT('',(0.0444881320003677,0.0999631198565157,-0.0449441442075961));
#10669=CARTESIAN_POINT('',(0.0446912657819769,0.100080399200009,-0.044944239765691));
#10670=CARTESIAN_POINT('',(0.044904723834898,0.100203639264324,-0.0449445016516896));
#10671=CARTESIAN_POINT('',(0.0453917937976343,0.100484849238424,-0.0449450992248513));
#10672=CARTESIAN_POINT('',(0.0459078800543333,0.100782811777654,-0.044950944742351));
#10673=CARTESIAN_POINT('',(0.0464090487873597,0.101072161680576,-0.0449125310282454));
#10674=CARTESIAN_POINT('',(0.0467731470158008,0.101282373890778,-0.0448846235305664));
#10675=CARTESIAN_POINT('',(0.0471287486200245,0.101487680572701,-0.0448325919477008));
#10676=CARTESIAN_POINT('',(0.0474597662754416,0.101678793705163,-0.0447211942037748));
#10677=CARTESIAN_POINT('',(0.0475660579953881,0.101740161258286,-0.044685423731698));
#10678=CARTESIAN_POINT('',(0.0476698768346561,0.101800101093085,-0.044643353157969));
#10679=CARTESIAN_POINT('',(0.0477702814945353,0.101858069750494,-0.0445926788500012));
#10680=CARTESIAN_POINT('',(0.0478573428963158,0.101908334674248,-0.0445487388945126));
#10681=CARTESIAN_POINT('',(0.0479459903909811,0.101959515329156,-0.0444963119206332));
#10682=CARTESIAN_POINT('',(0.0480321190525841,0.102009241735117,-0.0444318703181738));
#10683=CARTESIAN_POINT('',(0.048155995410217,0.102080761783543,-0.0443391858291301));
#10684=CARTESIAN_POINT('',(0.048269438769738,0.1021462583377,-0.044222664403477));
#10685=CARTESIAN_POINT('',(0.0483485637374159,0.102191941159089,-0.0440940682986433));
#10686=CARTESIAN_POINT('',(0.0407314362625851,0.0977941905610434,-0.0440940682986433));
#10687=CARTESIAN_POINT('',(0.0408287093226651,0.0978503511884655,-0.0442521591895295));
#10688=CARTESIAN_POINT('',(0.0409787502670415,0.0979369773680906,-0.0443909297757936));
#10689=CARTESIAN_POINT('',(0.0411341813126471,0.0980267155241115,-0.0444920693010669));
#10690=CARTESIAN_POINT('',(0.0412700801087248,0.0981051767306095,-0.0445804991232234));
#10691=CARTESIAN_POINT('',(0.0414031760944654,0.0981820197338049,-0.0446420304554284));
#10692=CARTESIAN_POINT('',(0.0415439756240548,0.0982633103801151,-0.0446942454197292));
#10693=CARTESIAN_POINT('',(0.0419439997981941,0.0984942644447367,-0.0448425928469759));
#10694=CARTESIAN_POINT('',(0.0423828495596483,0.0987476344726462,-0.0448974837153693));
#10695=CARTESIAN_POINT('',(0.0428305498044683,0.0990061143295093,-0.0449231795042067));
#10696=CARTESIAN_POINT('',(0.0433161890811825,0.0992864982966492,-0.0449510528066003));
#10697=CARTESIAN_POINT('',(0.0438111975604805,0.099572291575423,-0.044944900800664));
#10698=CARTESIAN_POINT('',(0.0442765296687882,0.0998409511934171,-0.044944380710347));
#10699=CARTESIAN_POINT('',(0.0444881320003677,0.0999631198565157,-0.0449441442075961));
#10700=CARTESIAN_POINT('',(0.0446912657819769,0.100080399200009,-0.044944239765691));
#10701=CARTESIAN_POINT('',(0.044904723834898,0.100203639264324,-0.0449445016516896));
#10702=CARTESIAN_POINT('',(0.0453917937976343,0.100484849238424,-0.0449450992248513));
#10703=CARTESIAN_POINT('',(0.0459078800543333,0.100782811777654,-0.044950944742351));
#10704=CARTESIAN_POINT('',(0.0464090487873597,0.101072161680576,-0.0449125310282454));
#10705=CARTESIAN_POINT('',(0.0467731470158008,0.101282373890778,-0.0448846235305664));
#10706=CARTESIAN_POINT('',(0.0471287486200245,0.101487680572701,-0.0448325919477008));
#10707=CARTESIAN_POINT('',(0.0474597662754416,0.101678793705163,-0.0447211942037748));
#10708=CARTESIAN_POINT('',(0.0475660579953881,0.101740161258286,-0.044685423731698));
#10709=CARTESIAN_POINT('',(0.0476698768346561,0.101800101093085,-0.044643353157969));
#10710=CARTESIAN_POINT('',(0.0477702814945353,0.101858069750494,-0.0445926788500012));
#10711=CARTESIAN_POINT('',(0.0478573428963158,0.101908334674248,-0.0445487388945126));
#10712=CARTESIAN_POINT('',(0.0479459903909811,0.101959515329156,-0.0444963119206332));
#10713=CARTESIAN_POINT('',(0.0480321190525841,0.102009241735117,-0.0444318703181738));
#10714=CARTESIAN_POINT('',(0.048155995410217,0.102080761783543,-0.0443391858291301));
#10715=CARTESIAN_POINT('',(0.048269438769738,0.1021462583377,-0.044222664403477));
#10716=CARTESIAN_POINT('',(0.0483485637374159,0.102191941159089,-0.0440940682986433));
#10717=CARTESIAN_POINT('',(0.0410400000000003,0.0979723399179022,-0.0428447075430543));
#10718=VECTOR('',#11662,1.0);
#10719=CARTESIAN_POINT('',(0.0337314362625854,0.102191941159088,-0.0440940682986433));
#10720=CARTESIAN_POINT('',(0.0338287093226655,0.102135780531666,-0.0442521591895295));
#10721=CARTESIAN_POINT('',(0.0339787502670418,0.102049154352041,-0.0443909297757936));
#10722=CARTESIAN_POINT('',(0.0341341813126474,0.10195941619602,-0.0444920693010669));
#10723=CARTESIAN_POINT('',(0.0342700801087244,0.101880954989523,-0.0445804991232229));
#10724=CARTESIAN_POINT('',(0.0344031760944643,0.101804111986328,-0.0446420304554277));
#10725=CARTESIAN_POINT('',(0.0345439756240529,0.101722821340018,-0.0446942454197283));
#10726=CARTESIAN_POINT('',(0.0349439997981913,0.101491867275397,-0.0448425928469752));
#10727=CARTESIAN_POINT('',(0.0353828495596448,0.101238497247488,-0.0448974837153688));
#10728=CARTESIAN_POINT('',(0.035830549804464,0.100980017390625,-0.0449231795042064));
#10729=CARTESIAN_POINT('',(0.0363161890811784,0.100699633423485,-0.0449510528066004));
#10730=CARTESIAN_POINT('',(0.0368111975604768,0.100413840144711,-0.0449449008006641));
#10731=CARTESIAN_POINT('',(0.037276529668785,0.100145180526717,-0.0449443807103471));
#10732=CARTESIAN_POINT('',(0.0374881320003649,0.100023011863618,-0.0449441442075962));
#10733=CARTESIAN_POINT('',(0.0376912657819744,0.0999057325201241,-0.0449442397656911));
#10734=CARTESIAN_POINT('',(0.0379047238348958,0.0997824924558092,-0.0449445016516897));
#10735=CARTESIAN_POINT('',(0.0383917937976318,0.0995012824817094,-0.0449450992248514));
#10736=CARTESIAN_POINT('',(0.0389078800543306,0.0992033199424792,-0.044950944742351));
#10737=CARTESIAN_POINT('',(0.0394090487873569,0.0989139700395571,-0.0449125310282456));
#10738=CARTESIAN_POINT('',(0.0397731470157985,0.0987037578293549,-0.0448846235305667));
#10739=CARTESIAN_POINT('',(0.0401287486200226,0.0984984511474318,-0.0448325919477012));
#10740=CARTESIAN_POINT('',(0.0404597662754402,0.0983073380149699,-0.0447211942037752));
#10741=CARTESIAN_POINT('',(0.0405660579953864,0.0982459704618463,-0.0446854237316985));
#10742=CARTESIAN_POINT('',(0.0406698768346543,0.0981860306270481,-0.0446433531579697));
#10743=CARTESIAN_POINT('',(0.0407702814945332,0.0981280619696391,-0.0445926788500021));
#10744=CARTESIAN_POINT('',(0.040857342896313,0.0980777970458855,-0.0445487388945139));
#10745=CARTESIAN_POINT('',(0.0409459903909774,0.098026616390978,-0.0444963119206353));
#10746=CARTESIAN_POINT('',(0.0410321190525798,0.0979768899850169,-0.0444318703181768));
#10747=CARTESIAN_POINT('',(0.0411559954102142,0.0979053699365905,-0.0443391858291327));
#10748=CARTESIAN_POINT('',(0.0412694387697368,0.0978398733824323,-0.0442226644034784));
#10749=CARTESIAN_POINT('',(0.0413485637374156,0.0977941905610433,-0.0440940682986433));
#10750=CARTESIAN_POINT('',(0.0337314362625854,0.102191941159088,-0.0440940682986433));
#10751=CARTESIAN_POINT('',(0.0338287093226655,0.102135780531666,-0.0442521591895295));
#10752=CARTESIAN_POINT('',(0.0339787502670418,0.102049154352041,-0.0443909297757936));
#10753=CARTESIAN_POINT('',(0.0341341813126474,0.10195941619602,-0.0444920693010669));
#10754=CARTESIAN_POINT('',(0.0342700801087244,0.101880954989523,-0.0445804991232229));
#10755=CARTESIAN_POINT('',(0.0344031760944643,0.101804111986328,-0.0446420304554277));
#10756=CARTESIAN_POINT('',(0.0345439756240529,0.101722821340018,-0.0446942454197283));
#10757=CARTESIAN_POINT('',(0.0349439997981913,0.101491867275397,-0.0448425928469752));
#10758=CARTESIAN_POINT('',(0.0353828495596448,0.101238497247488,-0.0448974837153688));
#10759=CARTESIAN_POINT('',(0.035830549804464,0.100980017390625,-0.0449231795042064));
#10760=CARTESIAN_POINT('',(0.0363161890811784,0.100699633423485,-0.0449510528066004));
#10761=CARTESIAN_POINT('',(0.0368111975604768,0.100413840144711,-0.0449449008006641));
#10762=CARTESIAN_POINT('',(0.037276529668785,0.100145180526717,-0.0449443807103471));
#10763=CARTESIAN_POINT('',(0.0374881320003649,0.100023011863618,-0.0449441442075962));
#10764=CARTESIAN_POINT('',(0.0376912657819744,0.0999057325201241,-0.0449442397656911));
#10765=CARTESIAN_POINT('',(0.0379047238348958,0.0997824924558092,-0.0449445016516897));
#10766=CARTESIAN_POINT('',(0.0383917937976318,0.0995012824817094,-0.0449450992248514));
#10767=CARTESIAN_POINT('',(0.0389078800543306,0.0992033199424792,-0.044950944742351));
#10768=CARTESIAN_POINT('',(0.0394090487873569,0.0989139700395571,-0.0449125310282456));
#10769=CARTESIAN_POINT('',(0.0397731470157985,0.0987037578293549,-0.0448846235305667));
#10770=CARTESIAN_POINT('',(0.0401287486200226,0.0984984511474318,-0.0448325919477012));
#10771=CARTESIAN_POINT('',(0.0404597662754402,0.0983073380149699,-0.0447211942037752));
#10772=CARTESIAN_POINT('',(0.0405660579953864,0.0982459704618463,-0.0446854237316985));
#10773=CARTESIAN_POINT('',(0.0406698768346543,0.0981860306270481,-0.0446433531579697));
#10774=CARTESIAN_POINT('',(0.0407702814945332,0.0981280619696391,-0.0445926788500021));
#10775=CARTESIAN_POINT('',(0.040857342896313,0.0980777970458855,-0.0445487388945139));
#10776=CARTESIAN_POINT('',(0.0409459903909774,0.098026616390978,-0.0444963119206353));
#10777=CARTESIAN_POINT('',(0.0410321190525798,0.0979768899850169,-0.0444318703181768));
#10778=CARTESIAN_POINT('',(0.0411559954102142,0.0979053699365905,-0.0443391858291327));
#10779=CARTESIAN_POINT('',(0.0412694387697368,0.0978398733824323,-0.0442226644034784));
#10780=CARTESIAN_POINT('',(0.0413485637374156,0.0977941905610433,-0.0440940682986433));
#10781=DIRECTION('',(-3.71549020609038E-29,-6.72256846544206E-15,-1.0));
#10782=CARTESIAN_POINT('',(0.0668300000000004,-1.47563134431997E-05,-0.00511470754305421));
#10783=DIRECTION('',(3.71549020609038E-29,6.72256846544206E-15,1.0));
#10784=DIRECTION('',(-3.71352796603441E-15,-1.0,6.72256846544206E-15));
#10785=DIRECTION('',(3.71549020609038E-29,6.72256846544206E-15,1.0));
#10786=CARTESIAN_POINT('',(0.0668300000000004,-1.47563134432135E-05,-0.00711470754305421));
#10787=DIRECTION('',(3.71549020609038E-29,6.72256846544206E-15,1.0));
#10788=DIRECTION('',(-3.71352796603441E-15,-1.0,6.72256846544206E-15));
#10789=CARTESIAN_POINT('',(0.0668300000000004,-1.47563134432135E-05,-0.00711470754305421));
#10790=DIRECTION('',(3.71549020609038E-29,6.72256846544206E-15,1.0));
#10791=DIRECTION('',(-3.71352796603441E-15,-1.0,6.72256846544206E-15));
#10792=DIRECTION('',(7.02104688453099E-15,0.837616261376939,-0.54625909482307));
#10793=CARTESIAN_POINT('',(0.0668300000000003,7.45360261914657E-06,-0.0156679344161554));
#10794=DIRECTION('',(2.77555756156292E-15,7.67732033691237E-15,1.0));
#10795=DIRECTION('',(8.83174152397601E-15,1.0,-7.67732033691239E-15));
#10796=DIRECTION('',(1.00533940069483E-14,0.837616261376947,0.546259094823057));
#10797=CARTESIAN_POINT('',(0.0668300000000003,7.45360261914657E-06,-0.01610638611322));
#10798=DIRECTION('',(2.77555756156292E-15,7.67732033691237E-15,1.0));
#10799=DIRECTION('',(8.83174152397601E-15,1.0,-7.6773203369124E-15));
#10800=CARTESIAN_POINT('',(0.0668300000000003,7.45360261914657E-06,-0.0156679344161554));
#10801=DIRECTION('',(2.77555756156292E-15,7.67732033691237E-15,1.0));
#10802=DIRECTION('',(8.83174152397601E-15,1.0,-7.67732033691239E-15));
#10803=CARTESIAN_POINT('',(0.0668300000000003,7.45360261914657E-06,-0.0156679344161554));
#10804=DIRECTION('',(2.77555756156292E-15,7.67732033691237E-15,1.0));
#10805=DIRECTION('',(8.83174152397601E-15,1.0,-7.67732033691239E-15));
#10806=DIRECTION('',(2.77555756156292E-15,6.88317499601623E-15,1.0));
#10807=CARTESIAN_POINT('',(0.0668300000000004,-1.47563134432899E-05,-0.0171147075430542));
#10808=DIRECTION('',(2.77555756156292E-15,6.88317499601623E-15,1.0));
#10809=DIRECTION('',(8.83174152397601E-15,1.0,-6.88317499601625E-15));
#10810=DIRECTION('',(2.77555756156292E-15,6.88317499601623E-15,1.0));
#10811=DIRECTION('',(-3.71549020609038E-29,-6.72256846544206E-15,-1.0));
#10812=CARTESIAN_POINT('',(0.0668300000000004,-0.0021847563134432,-0.00511470754305419));
#10813=DIRECTION('',(3.71549020609038E-29,6.72256846544206E-15,1.0));
#10814=DIRECTION('',(-3.71352796603441E-15,-1.0,6.72256846544206E-15));
#10815=DIRECTION('',(3.71549020609038E-29,6.72256846544206E-15,1.0));
#10816=CARTESIAN_POINT('',(0.0668300000000004,-0.00218475631344325,-0.0123347075430542));
#10817=DIRECTION('',(-2.77555756156292E-15,-7.10799812807928E-15,-1.0));
#10818=DIRECTION('',(-3.71352796603441E-15,-1.0,7.10799812807929E-15));
#10819=DIRECTION('',(3.71549020609038E-29,6.72256846544206E-15,1.0));
#10820=CARTESIAN_POINT('',(0.0668300000000004,-0.0021847563134432,-0.00619470754305419));
#10821=DIRECTION('',(-3.71549020609038E-29,-6.72256846544206E-15,-1.0));
#10822=DIRECTION('',(-3.71352796603441E-15,-1.0,6.72256846544206E-15));
#10823=DIRECTION('',(9.86825552649287E-15,1.0,-6.43646794902224E-15));
#10824=CARTESIAN_POINT('',(0.0693283211852194,0.000301020896621609,-0.0133947075430542));
#10825=DIRECTION('',(-1.57253325626877E-15,1.0,-6.82215243498481E-15));
#10826=DIRECTION('',(0.707106781186547,5.93593917821509E-15,0.707106781186547));
#10827=CARTESIAN_POINT('',(0.0693283211852194,0.000469923392459159,-0.0133947075430542));
#10828=DIRECTION('',(0.70710678118655,0.707106781186545,-2.52832417944002E-15));
#10829=DIRECTION('',(0.707106781186545,-0.70710678118655,6.51649702090438E-15));
#10830=DIRECTION('',(-9.86825552649287E-15,-1.0,6.43646794902224E-15));
#10831=CARTESIAN_POINT('',(0.0693283211852194,0.00209567559185964,-0.0133947075430542));
#10832=DIRECTION('',(-3.14570091474526E-15,-1.0,6.82215243498483E-15));
#10833=DIRECTION('',(0.707106781186547,2.59964380066499E-15,0.707106781186547));
#10834=DIRECTION('',(-9.96785334973009E-15,-1.0,6.82215243498485E-15));
#10835=CARTESIAN_POINT('',(0.0693283211852194,0.00209567559185964,-0.0133947075430542));
#10836=DIRECTION('',(3.14570091474526E-15,1.0,-6.82215243498483E-15));
#10837=DIRECTION('',(0.707106781186547,2.59964380066499E-15,0.707106781186547));
#10838=DIRECTION('',(9.96785334973009E-15,1.0,-6.82215243498485E-15));
#10839=CARTESIAN_POINT('',(0.0693283211852194,0.000469923392459187,-0.0133947075430542));
#10840=DIRECTION('',(-0.70710678118655,-0.707106781186545,2.52832417944002E-15));
#10841=DIRECTION('',(0.707106781186545,-0.70710678118655,7.2064790584119E-15));
#10842=CARTESIAN_POINT('',(0.0693283211852194,0.000301020896621609,-0.0133947075430542));
#10843=DIRECTION('',(1.57253325626877E-15,-1.0,6.82215243498481E-15));
#10844=DIRECTION('',(0.707106781186547,5.93593917821509E-15,0.707106781186547));
#10845=DIRECTION('',(-2.77555756156292E-15,-7.10799812807928E-15,-1.0));
#10846=CARTESIAN_POINT('',(0.0668300000000004,-0.00218475631344325,-0.0123347075430542));
#10847=DIRECTION('',(-2.77555756156292E-15,-7.10799812807928E-15,-1.0));
#10848=DIRECTION('',(3.71352796603441E-15,1.0,-7.1079981280793E-15));
#10849=DIRECTION('',(2.77555756156292E-15,7.10799812807928E-15,1.0));
#10850=CARTESIAN_POINT('',(0.0668300000000004,-0.00218475631344328,-0.0171147075430542));
#10851=DIRECTION('',(2.77555756156292E-15,6.88317499601623E-15,1.0));
#10852=DIRECTION('',(3.71352796603441E-15,1.0,-6.88317499601624E-15));
#10853=DIRECTION('',(2.77555756156292E-15,7.67732033691237E-15,1.0));
#10854=CARTESIAN_POINT('',(0.0668300000000004,7.45360261916045E-06,-0.0142476515169656));
#10855=DIRECTION('',(2.77555756156292E-15,7.67732033691237E-15,1.0));
#10856=DIRECTION('',(8.83174152397601E-15,1.0,-7.6773203369124E-15));
#10857=DIRECTION('',(-2.77555756156292E-15,-7.67732033691237E-15,-1.0));
#10858=CARTESIAN_POINT('',(0.0668300000000004,7.45360261916045E-06,-0.0138760200057929));
#10859=DIRECTION('',(2.77555756156292E-15,7.67732033691237E-15,1.0));
#10860=DIRECTION('',(8.83174152397601E-15,1.0,-7.6773203369124E-15));
#10861=DIRECTION('',(-2.77555756156292E-15,-6.88317499601623E-15,-1.0));
#10862=DIRECTION('',(2.77555756156292E-15,7.67732033691237E-15,1.0));
#10863=DIRECTION('',(-2.77555756156292E-15,-6.88317499601623E-15,-1.0));
#10864=DIRECTION('',(9.95417039304881E-15,0.837616261376941,0.546259094823067));
#10865=CARTESIAN_POINT('',(0.0668300000000004,7.45360261916045E-06,-0.0135279344161554));
#10866=DIRECTION('',(2.77555756156292E-15,7.67732033691237E-15,1.0));
#10867=DIRECTION('',(8.83174152397601E-15,1.0,-7.67732033691239E-15));
#10868=DIRECTION('',(-7.63868970263871E-15,-0.840642511560513,0.541590405894743));
#10869=CARTESIAN_POINT('',(0.0668300000000004,7.45360261916045E-06,-0.0142476515169656));
#10870=DIRECTION('',(2.77555756156292E-15,7.67732033691237E-15,1.0));
#10871=DIRECTION('',(8.83174152397601E-15,1.0,-7.6773203369124E-15));
#10872=DIRECTION('',(-9.15535199596614E-15,-0.837616261376948,0.546259094823056));
#10873=CARTESIAN_POINT('',(0.0668300000000003,7.45360261915351E-06,-0.0145979344161554));
#10874=DIRECTION('',(2.77555756156292E-15,7.67732033691237E-15,1.0));
#10875=DIRECTION('',(8.83174152397601E-15,1.0,-7.67732033691239E-15));
#10876=DIRECTION('',(-2.77555756156292E-15,-6.88317499601623E-15,-1.0));
#10877=DIRECTION('',(-2.77555756156292E-15,-6.88317499601623E-15,-1.0));
#10878=DIRECTION('',(2.77555756156292E-15,6.88317499601623E-15,1.0));
#10879=DIRECTION('',(-9.03132247859141E-15,-0.837616261376933,0.546259094823079));
#10880=CARTESIAN_POINT('',(0.0668300000000003,7.45360261915351E-06,-0.0152220249565649));
#10881=DIRECTION('',(2.77555756156292E-15,7.67732033691237E-15,1.0));
#10882=DIRECTION('',(8.83174152397601E-15,1.0,-7.6773203369124E-15));
#10883=DIRECTION('',(2.77555756156292E-15,7.67732033691237E-15,1.0));
#10884=DIRECTION('',(2.77555756156292E-15,6.88317499601623E-15,1.0));
#10885=CARTESIAN_POINT('',(0.0668300000000003,7.45360261915351E-06,-0.0152116441283043));
#10886=DIRECTION('',(2.77555756156292E-15,7.67732033691237E-15,1.0));
#10887=DIRECTION('',(8.83174152397601E-15,1.0,-7.6773203369124E-15));
#10888=DIRECTION('',(7.5597799601084E-15,0.835429880842697,-0.549597047112843));
#10889=DIRECTION('',(1.00533940069484E-14,0.837616261376944,0.546259094823063));
#10890=DIRECTION('',(-2.77555756156292E-15,-6.88317499601623E-15,-1.0));
#10891=DIRECTION('',(-2.77555756156292E-15,-6.88317499601623E-15,-1.0));
#10892=DIRECTION('',(2.77555756156292E-15,6.88317499601623E-15,1.0));
#10893=DIRECTION('',(-9.03132247859149E-15,-0.837616261376935,0.546259094823076));
#10894=CARTESIAN_POINT('',(0.0668300000000004,7.45360261916739E-06,-0.0130820249565649));
#10895=DIRECTION('',(2.77555756156292E-15,7.67732033691237E-15,1.0));
#10896=DIRECTION('',(8.83174152397601E-15,1.0,-7.6773203369124E-15));
#10897=DIRECTION('',(2.77555756156292E-15,7.67732033691237E-15,1.0));
#10898=DIRECTION('',(2.77555756156292E-15,6.88317499601623E-15,1.0));
#10899=CARTESIAN_POINT('',(0.0668300000000004,7.45360261916739E-06,-0.0130716441283043));
#10900=DIRECTION('',(2.77555756156292E-15,7.67732033691237E-15,1.0));
#10901=DIRECTION('',(8.83174152397601E-15,1.0,-7.6773203369124E-15));
#10902=DIRECTION('',(7.5597799601086E-15,0.835429880842711,-0.549597047112822));
#10903=DIRECTION('',(1.00533940069483E-14,0.837616261376941,0.546259094823067));
#10904=CARTESIAN_POINT('',(0.0668300000000004,7.45360261917433E-06,-0.0124579344161554));
#10905=DIRECTION('',(2.77555756156292E-15,7.67732033691237E-15,1.0));
#10906=DIRECTION('',(8.83174152397601E-15,1.0,-7.67732033691239E-15));
#10907=DIRECTION('',(-2.77555756156292E-15,-6.88317499601623E-15,-1.0));
#10908=DIRECTION('',(-2.77555756156292E-15,-6.88317499601623E-15,-1.0));
#10909=DIRECTION('',(-9.03132247859148E-15,-0.837616261376935,0.546259094823076));
#10910=DIRECTION('',(1.00594071269282E-14,0.837616261376946,0.546259094823059));
#10911=CARTESIAN_POINT('',(0.0668300000000004,7.45360261918127E-06,-0.0113929344161554));
#10912=DIRECTION('',(2.77555756156292E-15,7.67732033691237E-15,1.0));
#10913=DIRECTION('',(8.83174152397601E-15,1.0,-7.6773203369124E-15));
#10914=DIRECTION('',(-2.77555756156292E-15,-6.88317499601623E-15,-1.0));
#10915=DIRECTION('',(-2.77555756156292E-15,-6.88317499601623E-15,-1.0));
#10916=DIRECTION('',(-9.03866511547632E-15,-0.837616261376936,0.546259094823075));
#10917=DIRECTION('',(1.00533940069482E-14,0.837616261376941,0.546259094823067));
#10918=CARTESIAN_POINT('',(0.0668300000000004,7.4536026191882E-06,-0.0103279344161554));
#10919=DIRECTION('',(2.77555756156292E-15,7.67732033691237E-15,1.0));
#10920=DIRECTION('',(8.83174152397601E-15,1.0,-7.67732033691239E-15));
#10921=DIRECTION('',(-2.77555756156292E-15,-6.88317499601623E-15,-1.0));
#10922=DIRECTION('',(-2.77555756156292E-15,-6.88317499601623E-15,-1.0));
#10923=DIRECTION('',(-9.03132247859156E-15,-0.837616261376939,0.54625909482307));
#10924=DIRECTION('',(1.00533940069484E-14,0.837616261376945,0.546259094823061));
#10925=CARTESIAN_POINT('',(0.0668300000000004,7.45360261919514E-06,-0.00925793441615537));
#10926=DIRECTION('',(2.77555756156292E-15,7.67732033691237E-15,1.0));
#10927=DIRECTION('',(8.83174152397601E-15,1.0,-7.67732033691239E-15));
#10928=DIRECTION('',(-2.77555756156292E-15,-6.88317499601623E-15,-1.0));
#10929=DIRECTION('',(-2.77555756156292E-15,-6.88317499601623E-15,-1.0));
#10930=DIRECTION('',(-9.03132247859156E-15,-0.837616261376939,0.54625909482307));
#10931=DIRECTION('',(1.00533940069484E-14,0.837616261376945,0.546259094823061));
#10932=CARTESIAN_POINT('',(0.0668300000000004,7.45360261920208E-06,-0.00818793441615537));
#10933=DIRECTION('',(2.77555756156292E-15,7.67732033691237E-15,1.0));
#10934=DIRECTION('',(8.83174152397601E-15,1.0,-7.67732033691239E-15));
#10935=DIRECTION('',(-2.77555756156292E-15,-6.88317499601623E-15,-1.0));
#10936=DIRECTION('',(-2.77555756156292E-15,-6.88317499601623E-15,-1.0));
#10937=DIRECTION('',(-9.03132247859157E-15,-0.837616261376939,0.54625909482307));
#10938=DIRECTION('',(2.77555756156292E-15,7.67732033691237E-15,1.0));
#10939=CARTESIAN_POINT('',(0.0668300000000003,7.45360261913269E-06,-0.0171147075430542));
#10940=DIRECTION('',(2.77555756156292E-15,6.88317499601623E-15,1.0));
#10941=DIRECTION('',(8.83174152397601E-15,1.0,-6.88317499601625E-15));
#10942=DIRECTION('',(2.77555756156292E-15,6.88317499601623E-15,1.0));
#10943=DIRECTION('',(-9.95417039304878E-15,-0.837616261376941,-0.546259094823066));
#10944=DIRECTION('',(2.77555756156292E-15,6.88317499601623E-15,1.0));
#10945=DIRECTION('',(2.77555756156292E-15,6.88317499601623E-15,1.0));
#10946=DIRECTION('',(7.02104688453098E-15,0.837616261376935,-0.546259094823075));
#10947=CARTESIAN_POINT('',(0.0668300000000003,7.45360261915351E-06,-0.0145979344161554));
#10948=DIRECTION('',(2.77555756156292E-15,7.67732033691237E-15,1.0));
#10949=DIRECTION('',(8.83174152397601E-15,1.0,-7.67732033691239E-15));
#10950=DIRECTION('',(-1.00533940069484E-14,-0.837616261376956,-0.546259094823043));
#10951=DIRECTION('',(2.77555756156292E-15,6.88317499601623E-15,1.0));
#10952=DIRECTION('',(2.77555756156292E-15,6.88317499601623E-15,1.0));
#10953=DIRECTION('',(6.92182327063141E-15,0.837616261376933,-0.546259094823079));
#10954=CARTESIAN_POINT('',(0.0668300000000004,7.45360261916045E-06,-0.0135279344161554));
#10955=DIRECTION('',(2.77555756156292E-15,7.67732033691237E-15,1.0));
#10956=DIRECTION('',(8.83174152397601E-15,1.0,-7.67732033691239E-15));
#10957=DIRECTION('',(-9.95417039304883E-15,-0.837616261376943,-0.546259094823064));
#10958=DIRECTION('',(2.77555756156292E-15,6.88317499601623E-15,1.0));
#10959=DIRECTION('',(2.77555756156292E-15,6.88317499601623E-15,1.0));
#10960=DIRECTION('',(7.02104688453095E-15,0.837616261376933,-0.546259094823079));
#10961=CARTESIAN_POINT('',(0.0668300000000004,7.45360261917433E-06,-0.0124579344161554));
#10962=DIRECTION('',(2.77555756156292E-15,7.67732033691237E-15,1.0));
#10963=DIRECTION('',(8.83174152397601E-15,1.0,-7.67732033691239E-15));
#10964=DIRECTION('',(-9.95417039304882E-15,-0.837616261376943,-0.546259094823064));
#10965=DIRECTION('',(2.77555756156292E-15,6.88317499601623E-15,1.0));
#10966=DIRECTION('',(2.77555756156292E-15,6.88317499601623E-15,1.0));
#10967=DIRECTION('',(7.02706000451083E-15,0.837616261376938,-0.546259094823071));
#10968=CARTESIAN_POINT('',(0.0668300000000004,7.45360261918127E-06,-0.0113929344161554));
#10969=DIRECTION('',(2.77555756156292E-15,7.67732033691237E-15,1.0));
#10970=DIRECTION('',(8.83174152397601E-15,1.0,-7.6773203369124E-15));
#10971=DIRECTION('',(-9.96004450255669E-15,-0.837616261376944,-0.546259094823062));
#10972=DIRECTION('',(2.77555756156292E-15,6.88317499601623E-15,1.0));
#10973=DIRECTION('',(2.77555756156292E-15,6.88317499601623E-15,1.0));
#10974=DIRECTION('',(7.02104688453085E-15,0.837616261376933,-0.546259094823079));
#10975=CARTESIAN_POINT('',(0.0668300000000004,7.4536026191882E-06,-0.0103279344161554));
#10976=DIRECTION('',(2.77555756156292E-15,7.67732033691237E-15,1.0));
#10977=DIRECTION('',(8.83174152397601E-15,1.0,-7.67732033691239E-15));
#10978=DIRECTION('',(-9.95417039304885E-15,-0.837616261376947,-0.546259094823058));
#10979=DIRECTION('',(2.77555756156292E-15,6.88317499601623E-15,1.0));
#10980=DIRECTION('',(2.77555756156292E-15,6.88317499601623E-15,1.0));
#10981=DIRECTION('',(7.02104688453102E-15,0.837616261376937,-0.546259094823073));
#10982=CARTESIAN_POINT('',(0.0668300000000004,7.45360261919514E-06,-0.00925793441615537));
#10983=DIRECTION('',(2.77555756156292E-15,7.67732033691237E-15,1.0));
#10984=DIRECTION('',(8.83174152397601E-15,1.0,-7.67732033691239E-15));
#10985=DIRECTION('',(-9.95417039304885E-15,-0.837616261376947,-0.546259094823058));
#10986=DIRECTION('',(2.77555756156292E-15,6.88317499601623E-15,1.0));
#10987=DIRECTION('',(2.77555756156292E-15,6.88317499601623E-15,1.0));
#10988=DIRECTION('',(7.02104688453102E-15,0.837616261376937,-0.546259094823073));
#10989=CARTESIAN_POINT('',(0.0668300000000004,7.45360261920208E-06,-0.00818793441615537));
#10990=DIRECTION('',(2.77555756156292E-15,7.67732033691237E-15,1.0));
#10991=DIRECTION('',(8.83174152397601E-15,1.0,-7.67732033691239E-15));
#10992=DIRECTION('',(-9.95417039304886E-15,-0.837616261376947,-0.546259094823058));
#10993=DIRECTION('',(2.77555756156292E-15,6.88317499601623E-15,1.0));
#10994=DIRECTION('',(2.77555756156292E-15,6.88317499601623E-15,1.0));
#10995=DIRECTION('',(9.95038372920359E-15,0.837616261376943,0.546259094823064));
#10996=CARTESIAN_POINT('',(0.0668300000000004,7.45360261920902E-06,-0.00711470754305421));
#10997=DIRECTION('',(2.77555756156292E-15,7.67732033691237E-15,1.0));
#10998=DIRECTION('',(8.83174152397601E-15,1.0,-7.67732033691239E-15));
#10999=DIRECTION('',(6.9180366067862E-15,0.837616261376934,-0.546259094823077));
#11000=CARTESIAN_POINT('',(0.0668300000000004,7.45360261920902E-06,-0.00711470754305421));
#11001=DIRECTION('',(2.77555756156292E-15,7.67732033691237E-15,1.0));
#11002=DIRECTION('',(8.83174152397601E-15,1.0,-7.67732033691239E-15));
#11003=DIRECTION('',(6.58495269647184E-15,1.0,-6.7392875252954E-15));
#11004=DIRECTION('',(-6.58495269647184E-15,-1.0,6.88317499601625E-15));
#11005=DIRECTION('',(-2.77555756156292E-15,-7.67732033691237E-15,-1.0));
#11006=DIRECTION('',(2.77555756156292E-15,6.88317499601623E-15,1.0));
#11007=DIRECTION('',(2.77555756156292E-15,6.88317499601623E-15,1.0));
#11008=DIRECTION('',(2.77555756156292E-15,6.88317499601623E-15,1.0));
#11009=DIRECTION('',(2.77555756156292E-15,6.88317499601623E-15,1.0));
#11010=DIRECTION('',(2.77555756156292E-15,6.88317499601623E-15,1.0));
#11011=DIRECTION('',(2.77555756156292E-15,6.88317499601623E-15,1.0));
#11012=DIRECTION('',(2.77555756156292E-15,6.88317499601623E-15,1.0));
#11013=DIRECTION('',(2.77555756156292E-15,6.88317499601623E-15,1.0));
#11014=DIRECTION('',(-2.77555756156292E-15,-6.88317499601623E-15,-1.0));
#11015=DIRECTION('',(-2.77555756156292E-15,-6.88317499601623E-15,-1.0));
#11016=DIRECTION('',(-2.77555756156292E-15,-6.88317499601623E-15,-1.0));
#11017=DIRECTION('',(-2.77555756156292E-15,-6.88317499601623E-15,-1.0));
#11018=DIRECTION('',(-2.77555756156292E-15,-6.88317499601623E-15,-1.0));
#11019=DIRECTION('',(-2.77555756156292E-15,-6.88317499601623E-15,-1.0));
#11020=DIRECTION('',(-2.77555756156292E-15,-6.88317499601623E-15,-1.0));
#11021=DIRECTION('',(-2.77555756156292E-15,-6.88317499601623E-15,-1.0));
#11022=DIRECTION('',(-6.99651224000133E-15,-1.0,6.7392875252954E-15));
#11023=CARTESIAN_POINT('',(0.0668300000000004,7.45360261920902E-06,-0.00711470754305421));
#11024=DIRECTION('',(2.77555756156292E-15,7.67732033691237E-15,1.0));
#11025=DIRECTION('',(8.83174152397601E-15,1.0,-7.67732033691239E-15));
#11026=CARTESIAN_POINT('',(0.0668300000000004,7.45360261920902E-06,-0.00711470754305421));
#11027=DIRECTION('',(2.77555756156292E-15,7.67732033691237E-15,1.0));
#11028=DIRECTION('',(8.83174152397601E-15,1.0,-7.67732033691239E-15));
#11029=CARTESIAN_POINT('',(0.0668300000000004,7.45360261920208E-06,-0.00818793441615537));
#11030=DIRECTION('',(2.77555756156292E-15,7.67732033691237E-15,1.0));
#11031=DIRECTION('',(8.83174152397601E-15,1.0,-7.67732033691239E-15));
#11032=CARTESIAN_POINT('',(0.0668300000000004,7.45360261919514E-06,-0.00925793441615537));
#11033=DIRECTION('',(2.77555756156292E-15,7.67732033691237E-15,1.0));
#11034=DIRECTION('',(8.83174152397601E-15,1.0,-7.67732033691239E-15));
#11035=CARTESIAN_POINT('',(0.0668300000000004,7.4536026191882E-06,-0.0103279344161554));
#11036=DIRECTION('',(2.77555756156292E-15,7.67732033691237E-15,1.0));
#11037=DIRECTION('',(8.83174152397601E-15,1.0,-7.67732033691239E-15));
#11038=CARTESIAN_POINT('',(0.0668300000000004,7.45360261918127E-06,-0.0113929344161554));
#11039=DIRECTION('',(2.77555756156292E-15,7.67732033691237E-15,1.0));
#11040=DIRECTION('',(8.83174152397601E-15,1.0,-7.6773203369124E-15));
#11041=CARTESIAN_POINT('',(0.0668300000000004,7.45360261917433E-06,-0.0124579344161554));
#11042=DIRECTION('',(2.77555756156292E-15,7.67732033691237E-15,1.0));
#11043=DIRECTION('',(8.83174152397601E-15,1.0,-7.67732033691239E-15));
#11044=CARTESIAN_POINT('',(0.0668300000000004,7.45360261916045E-06,-0.0135279344161554));
#11045=DIRECTION('',(2.77555756156292E-15,7.67732033691237E-15,1.0));
#11046=DIRECTION('',(8.83174152397601E-15,1.0,-7.67732033691239E-15));
#11047=CARTESIAN_POINT('',(0.0668300000000003,7.45360261915351E-06,-0.0145979344161554));
#11048=DIRECTION('',(2.77555756156292E-15,7.67732033691237E-15,1.0));
#11049=DIRECTION('',(8.83174152397601E-15,1.0,-7.67732033691239E-15));
#11050=CARTESIAN_POINT('',(0.0668300000000003,7.45360261914657E-06,-0.01610638611322));
#11051=DIRECTION('',(2.77555756156292E-15,7.67732033691237E-15,1.0));
#11052=DIRECTION('',(8.83174152397601E-15,1.0,-7.6773203369124E-15));
#11053=CARTESIAN_POINT('',(0.0668300000000003,7.45360261913269E-06,-0.0171147075430542));
#11054=DIRECTION('',(2.77555756156292E-15,6.88317499601623E-15,1.0));
#11055=DIRECTION('',(8.83174152397601E-15,1.0,-6.88317499601625E-15));
#11056=CARTESIAN_POINT('',(0.0668300000000004,-1.47563134432899E-05,-0.0171147075430542));
#11057=DIRECTION('',(2.77555756156292E-15,6.88317499601623E-15,1.0));
#11058=DIRECTION('',(8.83174152397601E-15,1.0,-6.88317499601625E-15));
#11059=DIRECTION('',(-1.0,3.14570091474527E-15,2.77555756156289E-15));
#11060=DIRECTION('',(-9.96785334973009E-15,-1.0,6.88317499601626E-15));
#11061=DIRECTION('',(1.0,1.57253325626875E-15,-2.77555756156293E-15));
#11062=DIRECTION('',(9.86825552649287E-15,1.0,-6.88317499601626E-15));
#11063=DIRECTION('',(1.0,-2.54079741766131E-15,-2.7755575615629E-15));
#11064=DIRECTION('',(2.54079741766136E-15,1.0,-6.88317499601624E-15));
#11065=DIRECTION('',(-1.0,2.54079741766135E-15,2.7755575615629E-15));
#11066=DIRECTION('',(-2.92648190362396E-15,-1.0,6.88317499601624E-15));
#11067=CARTESIAN_POINT('',(0.0668300000000004,-0.00218475631344328,-0.0171147075430542));
#11068=DIRECTION('',(2.77555756156292E-15,6.88317499601623E-15,1.0));
#11069=DIRECTION('',(3.71352796603441E-15,1.0,-6.88317499601624E-15));
#11070=CARTESIAN_POINT('',(0.0668300000000004,7.45360261920208E-06,-0.00818793441615537));
#11071=DIRECTION('',(2.77555756156292E-15,7.67732033691237E-15,1.0));
#11072=DIRECTION('',(8.83174152397601E-15,1.0,-7.67732033691239E-15));
#11073=CARTESIAN_POINT('',(0.0668300000000004,7.45360261919514E-06,-0.00925793441615537));
#11074=DIRECTION('',(2.77555756156292E-15,7.67732033691237E-15,1.0));
#11075=DIRECTION('',(8.83174152397601E-15,1.0,-7.67732033691239E-15));
#11076=CARTESIAN_POINT('',(0.0668300000000004,7.4536026191882E-06,-0.0103279344161554));
#11077=DIRECTION('',(2.77555756156292E-15,7.67732033691237E-15,1.0));
#11078=DIRECTION('',(8.83174152397601E-15,1.0,-7.67732033691239E-15));
#11079=CARTESIAN_POINT('',(0.0668300000000004,7.45360261918127E-06,-0.0113929344161554));
#11080=DIRECTION('',(2.77555756156292E-15,7.67732033691237E-15,1.0));
#11081=DIRECTION('',(8.83174152397601E-15,1.0,-7.6773203369124E-15));
#11082=CARTESIAN_POINT('',(0.0668300000000004,7.45360261917433E-06,-0.0124579344161554));
#11083=DIRECTION('',(2.77555756156292E-15,7.67732033691237E-15,1.0));
#11084=DIRECTION('',(8.83174152397601E-15,1.0,-7.67732033691239E-15));
#11085=DIRECTION('',(-2.77555756156292E-15,-6.88317499601623E-15,-1.0));
#11086=DIRECTION('',(-2.77555756156292E-15,-6.88317499601623E-15,-1.0));
#11087=CARTESIAN_POINT('',(0.0668300000000004,7.45360261916739E-06,-0.0130716441283043));
#11088=DIRECTION('',(2.77555756156292E-15,7.67732033691237E-15,1.0));
#11089=DIRECTION('',(8.83174152397601E-15,1.0,-7.6773203369124E-15));
#11090=CARTESIAN_POINT('',(0.0668300000000004,7.45360261916739E-06,-0.0130820249565649));
#11091=DIRECTION('',(2.77555756156292E-15,7.67732033691237E-15,1.0));
#11092=DIRECTION('',(8.83174152397601E-15,1.0,-7.6773203369124E-15));
#11093=CARTESIAN_POINT('',(0.0668300000000004,7.45360261916045E-06,-0.0135279344161554));
#11094=DIRECTION('',(2.77555756156292E-15,7.67732033691237E-15,1.0));
#11095=DIRECTION('',(8.83174152397601E-15,1.0,-7.67732033691239E-15));
#11096=DIRECTION('',(-2.77555756156292E-15,-6.88317499601623E-15,-1.0));
#11097=DIRECTION('',(-2.77555756156292E-15,-6.88317499601623E-15,-1.0));
#11098=CARTESIAN_POINT('',(0.0668300000000003,7.45360261915351E-06,-0.0145979344161554));
#11099=DIRECTION('',(2.77555756156292E-15,7.67732033691237E-15,1.0));
#11100=DIRECTION('',(8.83174152397601E-15,1.0,-7.67732033691239E-15));
#11101=CARTESIAN_POINT('',(0.0668300000000003,7.45360261915351E-06,-0.0152116441283043));
#11102=DIRECTION('',(2.77555756156292E-15,7.67732033691237E-15,1.0));
#11103=DIRECTION('',(8.83174152397601E-15,1.0,-7.6773203369124E-15));
#11104=CARTESIAN_POINT('',(0.0668300000000003,7.45360261915351E-06,-0.0152220249565649));
#11105=DIRECTION('',(2.77555756156292E-15,7.67732033691237E-15,1.0));
#11106=DIRECTION('',(8.83174152397601E-15,1.0,-7.6773203369124E-15));
#11107=CARTESIAN_POINT('',(0.0668300000000003,7.45360261914657E-06,-0.0156679344161554));
#11108=DIRECTION('',(2.77555756156292E-15,7.67732033691237E-15,1.0));
#11109=DIRECTION('',(8.83174152397601E-15,1.0,-7.67732033691239E-15));
#11110=CARTESIAN_POINT('',(0.0668300000000004,7.45360261916045E-06,-0.0138760200057929));
#11111=DIRECTION('',(2.77555756156292E-15,7.67732033691237E-15,1.0));
#11112=DIRECTION('',(8.83174152397601E-15,1.0,-7.6773203369124E-15));
#11113=CARTESIAN_POINT('',(0.0668300000000004,-0.00218475631344325,-0.0123347075430542));
#11114=DIRECTION('',(-2.77555756156292E-15,-7.10799812807928E-15,-1.0));
#11115=DIRECTION('',(3.71352796603441E-15,1.0,-7.1079981280793E-15));
#11116=DIRECTION('',(-3.71352796603441E-15,-1.0,6.72256846544206E-15));
#11117=DIRECTION('',(-1.0,6.27720204953517E-15,-5.04401848850956E-30));
#11118=DIRECTION('',(3.71352796603441E-15,1.0,-6.72256846544206E-15));
#11119=DIRECTION('',(-1.0,6.66288653549778E-15,-5.50922388084481E-58));
#11120=DIRECTION('',(-7.96147657662878E-15,-1.0,6.37192291589155E-15));
#11121=DIRECTION('',(1.0,-6.66288653549778E-15,5.50922388084481E-58));
#11122=DIRECTION('',(7.96147657662878E-15,1.0,-6.37192291589155E-15));
#11123=DIRECTION('',(-1.0,6.66288653549778E-15,-5.50922388084481E-58));
#11124=DIRECTION('',(-4.83169660189879E-29,-6.72255461174763E-15,-1.0));
#11125=DIRECTION('',(-1.0,6.66288653549778E-15,3.52534741222612E-30));
#11126=DIRECTION('',(6.72256846544204E-15,-6.7225684654421E-15,-1.0));
#11127=DIRECTION('',(-1.0,6.66288653549773E-15,-6.72255461174763E-15));
#11128=DIRECTION('',(-6.88317499601623E-15,6.7225684654421E-15,1.0));
#11129=DIRECTION('',(-1.0,6.66288653549778E-15,3.52534741222612E-30));
#11130=DIRECTION('',(-4.83169660189879E-29,-6.72255461174763E-15,-1.0));
#11131=DIRECTION('',(-3.71549020609038E-29,-6.72256846544206E-15,-1.0));
#11132=DIRECTION('',(1.0,-6.66288653549778E-15,0.0));
#11133=DIRECTION('',(-3.71549020609038E-29,-6.72256846544206E-15,-1.0));
#11134=CARTESIAN_POINT('',(0.0693283211852194,0.000301020896621609,-0.0133947075430542));
#11135=DIRECTION('',(1.57253325626877E-15,-1.0,6.82215243498481E-15));
#11136=DIRECTION('',(0.707106781186547,5.93593917821509E-15,0.707106781186547));
#11137=DIRECTION('',(-9.96785334973009E-15,-1.0,6.82215243498485E-15));
#11138=CARTESIAN_POINT('',(0.0693283211852194,0.00209567559185964,-0.0133947075430542));
#11139=DIRECTION('',(3.14570091474526E-15,1.0,-6.82215243498483E-15));
#11140=DIRECTION('',(0.707106781186547,2.59964380066499E-15,0.707106781186547));
#11141=CARTESIAN_POINT('',(0.0693283211852194,0.00209567559185964,-0.0133947075430542));
#11142=DIRECTION('',(-3.14570091474526E-15,-1.0,6.82215243498483E-15));
#11143=DIRECTION('',(0.707106781186547,2.59964380066499E-15,0.707106781186547));
#11144=DIRECTION('',(9.86825552649287E-15,1.0,-6.43646794902224E-15));
#11145=CARTESIAN_POINT('',(0.0693283211852194,0.000301020896621609,-0.0133947075430542));
#11146=DIRECTION('',(-1.57253325626877E-15,1.0,-6.82215243498481E-15));
#11147=DIRECTION('',(0.707106781186547,5.93593917821509E-15,0.707106781186547));
#11148=DIRECTION('',(6.88317499601631E-15,6.82215243498482E-15,1.0));
#11149=DIRECTION('',(-3.24656209034486E-15,6.82215086891506E-15,1.0));
#11150=DIRECTION('',(-3.24656209034486E-15,6.8221524349848E-15,1.0));
#11151=DIRECTION('',(-6.88317499601631E-15,-6.8221524349848E-15,-1.0));
#11152=DIRECTION('',(3.24656209034486E-15,-6.82215243498484E-15,-1.0));
#11153=DIRECTION('',(7.96147657662878E-15,1.0,-6.82215243498484E-15));
#11154=DIRECTION('',(0.707106781186545,-0.70710678118655,2.25251660291534E-15));
#11155=DIRECTION('',(-1.0,3.14570091474528E-15,3.63661290567139E-15));
#11156=DIRECTION('',(-1.0,3.14570091474528E-15,3.63661290567139E-15));
#11157=DIRECTION('',(3.79477375018263E-29,6.82215243498483E-15,1.0));
#11158=DIRECTION('',(-1.21003094649742E-29,-3.57559034463991E-15,-1.0));
#11159=DIRECTION('',(-0.707106781186545,0.70710678118655,-2.09336245436458E-15));
#11160=DIRECTION('',(-7.96147657662878E-15,-1.0,6.43646794902223E-15));
#11161=CARTESIAN_POINT('',(0.0668300000000004,-0.0021847563134432,-0.00619470754305419));
#11162=DIRECTION('',(-3.71549020609038E-29,-6.72256846544206E-15,-1.0));
#11163=DIRECTION('',(-3.71352796603441E-15,-1.0,6.72256846544206E-15));
#11164=DIRECTION('',(-3.71549020609038E-29,-6.72256846544206E-15,-1.0));
#11165=CARTESIAN_POINT('',(0.0668300000000004,-0.00218475631344325,-0.0123347075430542));
#11166=DIRECTION('',(-2.77555756156292E-15,-7.10799812807928E-15,-1.0));
#11167=DIRECTION('',(-3.71352796603441E-15,-1.0,7.10799812807929E-15));
#11168=CARTESIAN_POINT('',(0.0668300000000004,-0.0021847563134432,-0.00511470754305419));
#11169=DIRECTION('',(3.71549020609038E-29,6.72256846544206E-15,1.0));
#11170=DIRECTION('',(-3.71352796603441E-15,-1.0,6.72256846544206E-15));
#11171=CARTESIAN_POINT('',(0.0668300000000004,-1.47563134431997E-05,-0.00511470754305421));
#11172=DIRECTION('',(3.71549020609038E-29,6.72256846544206E-15,1.0));
#11173=DIRECTION('',(-3.71352796603441E-15,-1.0,6.72256846544206E-15));
#11174=CARTESIAN_POINT('',(0.0668300000000004,-1.47563134432135E-05,-0.00711470754305421));
#11175=DIRECTION('',(3.71549020609038E-29,6.72256846544206E-15,1.0));
#11176=DIRECTION('',(-3.71352796603441E-15,-1.0,6.72256846544206E-15));
#11177=DIRECTION('',(-7.96147657662878E-15,-1.0,7.10799812807931E-15));
#11178=DIRECTION('',(-7.96147657662878E-15,-1.0,6.37192291589155E-15));
#11179=DIRECTION('',(-3.71549020609038E-29,-6.72256846544206E-15,-1.0));
#11180=DIRECTION('',(7.96147657662878E-15,1.0,-6.37192291589155E-15));
#11181=DIRECTION('',(-3.71549020609038E-29,-6.72256846544206E-15,-1.0));
#11182=DIRECTION('',(-1.0,6.66288653549779E-15,2.77555756156287E-15));
#11183=DIRECTION('',(-6.88317499601625E-15,6.80758267216729E-31,1.0));
#11184=DIRECTION('',(1.0,-2.54079741766131E-15,6.72255461174763E-15));
#11185=DIRECTION('',(-6.88317499601625E-15,6.80758267216729E-31,1.0));
#11186=DIRECTION('',(6.88317499601624E-15,-4.71823417101403E-15,-1.0));
#11187=DIRECTION('',(-2.92648190362392E-15,-1.0,3.52534741222612E-30));
#11188=DIRECTION('',(-2.92648190362396E-15,-1.0,6.72255461174763E-15));
#11189=DIRECTION('',(-6.72256846544204E-15,6.88317499601629E-15,1.0));
#11190=DIRECTION('',(-2.92648190362392E-15,-1.0,3.52534741222612E-30));
#11191=DIRECTION('',(2.54079741766131E-15,1.0,-6.11813243201358E-30));
#11192=DIRECTION('',(6.88317499601623E-15,-6.88317499601629E-15,-1.0));
#11193=DIRECTION('',(2.54079741766136E-15,1.0,-6.72255461174763E-15));
#11194=DIRECTION('',(2.54079741766131E-15,1.0,-6.11813243201358E-30));
#11195=DIRECTION('',(6.88317499601624E-15,-4.71823417101403E-15,-1.0));
#11196=DIRECTION('',(-1.0,2.54079741766131E-15,-6.72255461174763E-15));
#11197=DIRECTION('',(-4.83169660189879E-29,-6.72255461174763E-15,-1.0));
#11198=DIRECTION('',(-3.71352796603441E-15,-1.0,1.3877787807815E-14));
#11199=DIRECTION('',(3.71352796603441E-15,1.0,-1.38777878078131E-14));
#11200=DIRECTION('',(-4.83169660189879E-29,-6.72255461174763E-15,-1.0));
#11201=DIRECTION('',(1.0,-6.27720204953517E-15,-6.11813243201358E-30));
#11202=DIRECTION('',(1.0,-6.27720204953512E-15,6.72255461174763E-15));
#11203=DIRECTION('',(1.0,-6.27720204953517E-15,-6.11813243201358E-30));
#11204=CARTESIAN_POINT('',(0.0429500000000004,0.106055243686557,-0.0386147075430543));
#11205=DIRECTION('',(-3.85185988877447E-29,-1.0,2.77555756156289E-15));
#11206=DIRECTION('',(-1.0,1.87899409357793E-29,-7.1079981280793E-15));
#11207=CARTESIAN_POINT('',(0.0432100000000004,0.106055243686557,-0.0383747075430543));
#11208=DIRECTION('',(7.1079981280793E-15,-2.77555756156289E-15,-1.0));
#11209=DIRECTION('',(-1.0,-1.33226762955016E-15,-7.10799812807929E-15));
#11210=CARTESIAN_POINT('',(0.0434700000000004,0.106055243686557,-0.0386147075430543));
#11211=DIRECTION('',(-3.85185988877447E-29,-1.0,2.77555756156289E-15));
#11212=DIRECTION('',(1.0,-1.87899409357793E-29,7.1079981280793E-15));
#11213=CARTESIAN_POINT('',(0.0432100000000004,0.106055243686557,-0.0386147075430543));
#11214=DIRECTION('',(-7.1079981280793E-15,2.77555756156289E-15,1.0));
#11215=DIRECTION('',(-1.0,-1.33226762955016E-15,-7.10799812807929E-15));
#11216=DIRECTION('',(-7.1079981280793E-15,2.77555756156289E-15,1.0));
#11217=CARTESIAN_POINT('',(0.0432100000000004,0.106055243686557,-0.0448347075430543));
#11218=DIRECTION('',(-7.1079981280793E-15,2.77555756156289E-15,1.0));
#11219=DIRECTION('',(1.0,0.0,7.1079981280793E-15));
#11220=DIRECTION('',(7.1079981280793E-15,-2.77555756156289E-15,-1.0));
#11221=CARTESIAN_POINT('',(0.0432100000000004,0.106055243686557,-0.0446347075430543));
#11222=DIRECTION('',(7.1079981280793E-15,-2.77555756156289E-15,-1.0));
#11223=DIRECTION('',(1.0,9.96763560532345E-58,7.1079981280793E-15));
#11224=DIRECTION('',(-7.1079981280793E-15,2.77555756156289E-15,1.0));
#11225=CARTESIAN_POINT('',(0.0432100000000004,0.106055243686557,-0.0446347075430543));
#11226=DIRECTION('',(-7.1079981280793E-15,2.77555756156289E-15,1.0));
#11227=DIRECTION('',(1.0,9.96763560532345E-58,7.1079981280793E-15));
#11228=DIRECTION('',(7.1079981280793E-15,-2.77555756156289E-15,-1.0));
#11229=DIRECTION('',(-7.1079981280793E-15,2.77555756156289E-15,1.0));
#11230=CARTESIAN_POINT('',(0.0432100000000004,0.106055243686557,-0.0496147075430543));
#11231=DIRECTION('',(-6.88317499601624E-15,2.77555756156289E-15,1.0));
#11232=DIRECTION('',(-1.0,6.24009544211864E-31,-6.88317499601624E-15));
#11233=DIRECTION('',(7.1079981280793E-15,-2.77555756156289E-15,-1.0));
#11234=CARTESIAN_POINT('',(0.0432100000000004,0.106055243686557,-0.0448347075430543));
#11235=DIRECTION('',(7.10799812807929E-15,-2.77555756156289E-15,-1.0));
#11236=DIRECTION('',(-1.0,0.0,-7.1079981280793E-15));
#11237=DIRECTION('',(6.88317499601624E-15,-2.77555756156289E-15,-1.0));
#11238=CARTESIAN_POINT('',(0.0432100000000004,0.106055243686557,-0.0496147075430543));
#11239=DIRECTION('',(6.88317499601624E-15,-2.77555756156289E-15,-1.0));
#11240=DIRECTION('',(-1.0,0.0,-6.88317499601624E-15));
#11241=DIRECTION('',(6.88317499601624E-15,-2.77555756156289E-15,-1.0));
#11242=CARTESIAN_POINT('',(0.0432100000000004,0.106055243686557,-0.0501147075430543));
#11243=DIRECTION('',(-6.88317499601624E-15,2.77555756156289E-15,1.0));
#11244=DIRECTION('',(-1.0,-9.05141905010667E-58,-6.88317499601624E-15));
#11245=DIRECTION('',(1.0,-7.13264312561152E-15,6.88317499601626E-15));
#11246=CARTESIAN_POINT('',(0.0454166209190028,0.10606782284994,-0.0532913970849075));
#11247=DIRECTION('',(1.0,-2.56367408350075E-15,6.88317499601625E-15));
#11248=DIRECTION('',(3.05434838658119E-15,-0.707106781186547,-0.707106781186547));
#11249=DIRECTION('',(1.0,-6.28915809158973E-15,6.88317499601626E-15));
#11250=CARTESIAN_POINT('',(0.0459166209190028,0.106067822852649,-0.0532913970849075));
#11251=DIRECTION('',(-1.0,2.56367408350075E-15,-6.88317499601625E-15));
#11252=DIRECTION('',(6.67993104497236E-15,0.707106781186547,-0.707106781186547));
#11253=DIRECTION('',(-1.0,2.56367408350075E-15,-6.88317499601625E-15));
#11254=CARTESIAN_POINT('',(0.0459166209190028,0.10606782284994,-0.0532913970849075));
#11255=DIRECTION('',(1.0,-2.56367408350075E-15,6.88317499601625E-15));
#11256=DIRECTION('',(2.56367408350077E-15,1.0,-2.44120940358605E-15));
#11257=DIRECTION('',(-1.0,0.0,-7.30409884621814E-15));
#11258=CARTESIAN_POINT('',(0.0454166209190028,0.10606782284994,-0.0532913970849075));
#11259=DIRECTION('',(-1.0,2.56367408350075E-15,-6.88317499601625E-15));
#11260=DIRECTION('',(2.56367408350077E-15,1.0,-2.44120940358605E-15));
#11261=DIRECTION('',(7.1079981280793E-15,-2.77555756156289E-15,-1.0));
#11262=CARTESIAN_POINT('',(0.0432100000000004,0.106055243686557,-0.0501147075430543));
#11263=DIRECTION('',(6.88317499601624E-15,-2.77555756156289E-15,-1.0));
#11264=DIRECTION('',(-1.0,6.24009544211864E-31,-6.88317499601624E-15));
#11265=DIRECTION('',(-7.1079981280793E-15,2.77555756156289E-15,1.0));
#11266=CARTESIAN_POINT('',(0.0432100000000004,0.106055243686557,-0.0502147075430543));
#11267=DIRECTION('',(-7.10799812807929E-15,2.77555756156289E-15,1.0));
#11268=DIRECTION('',(-1.0,0.0,-7.1079981280793E-15));
#11269=DIRECTION('',(7.1079981280793E-15,-2.77555756156289E-15,-1.0));
#11270=CARTESIAN_POINT('',(0.0432100000000004,0.106055243686557,-0.0502147075430543));
#11271=DIRECTION('',(7.1079981280793E-15,-2.77555756156289E-15,-1.0));
#11272=DIRECTION('',(-1.0,0.0,-7.1079981280793E-15));
#11273=DIRECTION('',(-7.1079981280793E-15,2.77555756156289E-15,1.0));
#11274=CARTESIAN_POINT('',(0.0432100000000004,0.106055243686557,-0.0503447075430543));
#11275=DIRECTION('',(-7.1079981280793E-15,2.77555756156289E-15,1.0));
#11276=DIRECTION('',(-1.0,-9.96763560532345E-58,-7.1079981280793E-15));
#11277=CARTESIAN_POINT('',(0.0432100000000004,0.106055243686557,-0.0503447075430543));
#11278=DIRECTION('',(-7.1079981280793E-15,2.77555756156289E-15,1.0));
#11279=DIRECTION('',(-1.0,-9.96763560532345E-58,-7.1079981280793E-15));
#11280=CARTESIAN_POINT('',(0.0432100000000004,0.106055243686557,-0.0502147075430543));
#11281=DIRECTION('',(7.1079981280793E-15,-2.77555756156289E-15,-1.0));
#11282=DIRECTION('',(-1.0,0.0,-7.1079981280793E-15));
#11283=CARTESIAN_POINT('',(0.0432100000000004,0.106055243686557,-0.0502147075430543));
#11284=DIRECTION('',(-7.10799812807929E-15,2.77555756156289E-15,1.0));
#11285=DIRECTION('',(-1.0,0.0,-7.1079981280793E-15));
#11286=CARTESIAN_POINT('',(0.0432100000000004,0.106055243686557,-0.0501147075430543));
#11287=DIRECTION('',(6.88317499601624E-15,-2.77555756156289E-15,-1.0));
#11288=DIRECTION('',(-1.0,6.24009544211864E-31,-6.88317499601624E-15));
#11289=CARTESIAN_POINT('',(0.0454166209190028,0.10606782284994,-0.0532913970849075));
#11290=DIRECTION('',(-1.0,2.56367408350075E-15,-6.88317499601625E-15));
#11291=DIRECTION('',(2.56367408350077E-15,1.0,-2.44120940358605E-15));
#11292=DIRECTION('',(-1.0,0.0,-7.30409884621814E-15));
#11293=CARTESIAN_POINT('',(0.0459166209190028,0.10606782284994,-0.0532913970849075));
#11294=DIRECTION('',(1.0,-2.56367408350075E-15,6.88317499601625E-15));
#11295=DIRECTION('',(2.56367408350077E-15,1.0,-2.44120940358605E-15));
#11296=DIRECTION('',(-6.88317499601622E-15,8.8477147144197E-15,1.0));
#11297=DIRECTION('',(-1.0,0.0,-7.30409884621814E-15));
#11298=DIRECTION('',(-4.42385735720985E-15,8.84771471441969E-15,1.0));
#11299=DIRECTION('',(2.56367408350088E-15,1.0,-1.84945404423279E-14));
#11300=DIRECTION('',(-1.0,0.0,-7.30409884621814E-15));
#11301=DIRECTION('',(8.01430085834186E-14,1.0,-1.84945404423274E-14));
#11302=DIRECTION('',(6.88317499601625E-15,-1.3105950190732E-28,-1.0));
#11303=DIRECTION('',(-4.42385735720994E-14,0.0,-1.0));
#11304=DIRECTION('',(6.88317499601624E-15,-2.77555756156289E-15,-1.0));
#11305=DIRECTION('',(-2.56367408350077E-15,-1.0,2.56367408350077E-15));
#11306=DIRECTION('',(6.88317499601624E-15,-2.77555756156289E-15,-1.0));
#11307=CARTESIAN_POINT('',(0.0459166209190028,0.106067822852649,-0.0532913970849075));
#11308=DIRECTION('',(-1.0,2.56367408350075E-15,-6.88317499601625E-15));
#11309=DIRECTION('',(6.67993104497236E-15,0.707106781186547,-0.707106781186547));
#11310=CARTESIAN_POINT('',(0.0454166209190028,0.10606782284994,-0.0532913970849075));
#11311=DIRECTION('',(1.0,-2.56367408350075E-15,6.88317499601625E-15));
#11312=DIRECTION('',(3.05434838658119E-15,-0.707106781186547,-0.707106781186547));
#11313=DIRECTION('',(6.88317499601624E-15,-2.77555756156289E-15,-1.0));
#11314=DIRECTION('',(2.56367408350077E-15,1.0,-2.56367408350077E-15));
#11315=DIRECTION('',(6.88317499601624E-15,-2.77555756156289E-15,-1.0));
#11316=DIRECTION('',(-1.0,7.13264312561152E-15,-6.88317499601626E-15));
#11317=DIRECTION('',(-1.0,6.28915809158973E-15,-6.28915809158973E-15));
#11318=DIRECTION('',(1.0,-6.28915809158973E-15,6.28915809158973E-15));
#11319=DIRECTION('',(-1.0,7.13264312561152E-15,-7.13264312561152E-15));
#11320=DIRECTION('',(6.88317499601624E-15,-2.77555756156289E-15,-1.0));
#11321=DIRECTION('',(1.0,-7.13264312561152E-15,7.13264312561152E-15));
#11322=CARTESIAN_POINT('',(0.0432100000000004,0.106055243686557,-0.0501147075430543));
#11323=DIRECTION('',(-6.88317499601624E-15,2.77555756156289E-15,1.0));
#11324=DIRECTION('',(-1.0,-9.05141905010667E-58,-6.88317499601624E-15));
#11325=CARTESIAN_POINT('',(0.0432100000000004,0.106055243686557,-0.0496147075430543));
#11326=DIRECTION('',(6.88317499601624E-15,-2.77555756156289E-15,-1.0));
#11327=DIRECTION('',(-1.0,0.0,-6.88317499601624E-15));
#11328=CARTESIAN_POINT('',(0.0432100000000004,0.106055243686557,-0.0496147075430543));
#11329=DIRECTION('',(-6.88317499601624E-15,2.77555756156289E-15,1.0));
#11330=DIRECTION('',(-1.0,6.24009544211864E-31,-6.88317499601624E-15));
#11331=CARTESIAN_POINT('',(0.0432100000000004,0.106055243686557,-0.0448347075430543));
#11332=DIRECTION('',(7.10799812807929E-15,-2.77555756156289E-15,-1.0));
#11333=DIRECTION('',(-1.0,0.0,-7.1079981280793E-15));
#11334=CARTESIAN_POINT('',(0.0432100000000004,0.106055243686557,-0.0448347075430543));
#11335=DIRECTION('',(-7.1079981280793E-15,2.77555756156289E-15,1.0));
#11336=DIRECTION('',(1.0,0.0,7.1079981280793E-15));
#11337=CARTESIAN_POINT('',(0.0432100000000004,0.106055243686557,-0.0386147075430543));
#11338=DIRECTION('',(-7.1079981280793E-15,2.77555756156289E-15,1.0));
#11339=DIRECTION('',(-1.0,-1.33226762955016E-15,-7.10799812807929E-15));
#11340=CARTESIAN_POINT('',(0.0432100000000004,0.106055243686557,-0.0446347075430543));
#11341=DIRECTION('',(-7.1079981280793E-15,2.77555756156289E-15,1.0));
#11342=DIRECTION('',(1.0,9.96763560532345E-58,7.1079981280793E-15));
#11343=CARTESIAN_POINT('',(0.0432100000000004,0.106055243686557,-0.0446347075430543));
#11344=DIRECTION('',(7.1079981280793E-15,-2.77555756156289E-15,-1.0));
#11345=DIRECTION('',(1.0,9.96763560532345E-58,7.1079981280793E-15));
#11346=CARTESIAN_POINT('',(0.0432100000000004,0.106055243686557,-0.0383747075430543));
#11347=DIRECTION('',(7.1079981280793E-15,-2.77555756156289E-15,-1.0));
#11348=DIRECTION('',(-1.0,-1.33226762955016E-15,-7.10799812807929E-15));
#11349=DIRECTION('',(1.1727305483731E-15,-1.0,-6.88317499601625E-15));
#11350=CARTESIAN_POINT('',(0.0384002238898173,0.106317822851294,-0.0529513970849075));
#11351=DIRECTION('',(1.1727305483731E-15,-1.0,-6.88317499601625E-15));
#11352=DIRECTION('',(-0.707106781186547,4.03789399251754E-15,-0.707106781186547));
#11353=DIRECTION('',(1.1727305483731E-15,-1.0,-6.88317499601625E-15));
#11354=CARTESIAN_POINT('',(0.0384002238925261,0.105817822851294,-0.0529513970849075));
#11355=DIRECTION('',(1.1727305483731E-15,-1.0,-6.88317499601625E-15));
#11356=DIRECTION('',(1.0,1.1727305483731E-15,9.79561840927297E-46));
#11357=DIRECTION('',(-1.1727305483731E-15,1.0,6.88317499601625E-15));
#11358=CARTESIAN_POINT('',(0.0384002238925261,0.105817822851294,-0.0529513970849075));
#11359=DIRECTION('',(1.1727305483731E-15,-1.0,-6.88317499601625E-15));
#11360=DIRECTION('',(1.0,1.1727305483731E-15,9.79561840927297E-46));
#11361=DIRECTION('',(1.1727305483731E-15,-1.0,-6.88317499601625E-15));
#11362=CARTESIAN_POINT('',(0.0384002238898173,0.106317822851294,-0.0529513970849075));
#11363=DIRECTION('',(1.1727305483731E-15,-1.0,-6.88317499601625E-15));
#11364=DIRECTION('',(-0.707106781186547,4.03789399251754E-15,-0.707106781186547));
#11365=DIRECTION('',(-1.1727305483731E-15,1.0,6.88317499601625E-15));
#11366=CARTESIAN_POINT('',(0.0384002238925261,0.105817822851294,-0.0529513970849075));
#11367=DIRECTION('',(1.1727305483731E-15,-1.0,-6.88317499601625E-15));
#11368=DIRECTION('',(1.0,1.1727305483731E-15,0.0));
#11369=DIRECTION('',(1.1727305483731E-15,-1.0,-6.88317499601625E-15));
#11370=CARTESIAN_POINT('',(0.0384002238925261,0.106317822851294,-0.0529513970849075));
#11371=DIRECTION('',(-1.1727305483731E-15,1.0,6.88317499601625E-15));
#11372=DIRECTION('',(1.0,1.1727305483731E-15,0.0));
#11373=DIRECTION('',(1.34833888507552E-16,1.0,-7.44706151348713E-16));
#11374=CARTESIAN_POINT('',(0.0407354332382714,0.104149888389153,-0.0406943823951096));
#11375=DIRECTION('',(-4.24794861059437E-15,-1.0,-1.6345631505517E-29));
#11376=DIRECTION('',(0.984001554095048,-4.17998803454076E-15,0.178159876342935));
#11377=DIRECTION('',(-1.34833888507552E-16,-1.0,7.44706151348713E-16));
#11378=CARTESIAN_POINT('',(0.0407354332382714,0.107885246344438,-0.0406943823951096));
#11379=DIRECTION('',(4.24794861059437E-15,1.0,1.6345631505517E-29));
#11380=DIRECTION('',(0.984001554095048,-4.17998803454076E-15,0.178159876342935));
#11381=DIRECTION('',(-1.90159784973369E-16,-1.0,1.05908963013651E-15));
#11382=CARTESIAN_POINT('',(0.0409113079683212,0.107885246344438,-0.0406955851977636));
#11383=DIRECTION('',(-4.24794861059437E-15,-1.0,-1.64155949382409E-29));
#11384=DIRECTION('',(0.984260414435256,-4.18108765996328E-15,0.176724182204185));
#11385=DIRECTION('',(-1.90159784973369E-16,-1.0,1.05908963013651E-15));
#11386=CARTESIAN_POINT('',(0.0409113079683212,0.104149888389153,-0.0406955851977636));
#11387=DIRECTION('',(4.24794861059437E-15,1.0,1.64155949382409E-29));
#11388=DIRECTION('',(0.984260414435256,-4.18108765996328E-15,0.176724182204185));
#11389=DIRECTION('',(2.56367408350074E-15,1.0,2.19244883372443E-15));
#11390=CARTESIAN_POINT('',(0.0391802238911718,0.104149888389153,-0.043498204953445));
#11391=DIRECTION('',(-4.24794861059436E-15,-1.0,-1.60694136958262E-29));
#11392=DIRECTION('',(-0.896847643262546,3.80976270011196E-15,0.442339580836281));
#11393=DIRECTION('',(2.56367408350074E-15,1.0,2.19244883372443E-15));
#11394=CARTESIAN_POINT('',(0.0391802238911718,0.107885246344438,-0.043498204953445));
#11395=DIRECTION('',(4.24794861059436E-15,1.0,1.60694136958262E-29));
#11396=DIRECTION('',(-0.896847643262546,3.80976270011196E-15,0.442339580836281));
#11397=DIRECTION('',(-0.793422421189534,3.37041767170651E-15,-0.608671390451151));
#11398=DIRECTION('',(-6.88317499601625E-15,1.28727043493087E-29,1.0));
#11399=CARTESIAN_POINT('',(0.0391802238911718,0.104149888389153,-0.043498204953445));
#11400=DIRECTION('',(-4.24794861059436E-15,-1.0,-1.60694136958262E-29));
#11401=DIRECTION('',(-0.896847643262546,3.80976270011196E-15,0.442339580836281));
#11402=CARTESIAN_POINT('',(0.0391802238911718,0.107885246344438,-0.043498204953445));
#11403=DIRECTION('',(4.24794861059436E-15,1.0,1.60694136958262E-29));
#11404=DIRECTION('',(-0.896847643262546,3.80976270011196E-15,0.442339580836281));
#11405=DIRECTION('',(-2.56367408350074E-15,-1.0,-2.19244883372443E-15));
#11406=DIRECTION('',(-6.88317499601625E-15,1.28727043493087E-29,1.0));
#11407=DIRECTION('',(6.72255461174763E-15,-2.33525714650694E-29,-1.0));
#11408=DIRECTION('',(2.56367408350075E-15,1.0,-6.11813243201358E-30));
#11409=DIRECTION('',(-6.88317499601626E-15,-6.72256846544206E-15,1.0));
#11410=DIRECTION('',(2.56367408350071E-15,1.0,6.72255461174763E-15));
#11411=DIRECTION('',(6.88317499601626E-15,6.88317499601625E-15,-1.0));
#11412=DIRECTION('',(2.56367408350075E-15,1.0,-6.11813243201358E-30));
#11413=DIRECTION('',(6.72255461174763E-15,-2.33525714650694E-29,-1.0));
#11414=DIRECTION('',(6.88317499601625E-15,-1.28727043493087E-29,-1.0));
#11415=DIRECTION('',(-6.72256846544208E-15,-6.88317499601625E-15,1.0));
#11416=DIRECTION('',(-2.94935856946332E-15,-1.0,-6.72255461174763E-15));
#11417=DIRECTION('',(6.72256846544208E-15,6.72256846544206E-15,-1.0));
#11418=DIRECTION('',(-2.94935856946336E-15,-1.0,3.52534741222612E-30));
#11419=DIRECTION('',(6.72255461174763E-15,-2.33525714650694E-29,-1.0));
#11420=DIRECTION('',(6.72256846544206E-15,-1.21904560609037E-29,-1.0));
#11421=DIRECTION('',(-2.94935856946335E-15,-1.0,-1.64149335304937E-15));
#11422=DIRECTION('',(-6.72256846544206E-15,1.21904560609037E-29,1.0));
#11423=DIRECTION('',(6.72255461174763E-15,-2.33525714650694E-29,-1.0));
#11424=DIRECTION('',(-2.94935856946336E-15,-1.0,3.52534741222612E-30));
#11425=DIRECTION('',(-6.72256846544206E-15,1.21904560609037E-29,1.0));
#11426=DIRECTION('',(2.94935856946337E-15,1.0,-1.61193532204915E-15));
#11427=DIRECTION('',(6.72256846544206E-15,-1.21904560609037E-29,-1.0));
#11428=DIRECTION('',(-2.94935856946337E-15,-1.0,1.76299275707281E-15));
#11429=DIRECTION('',(-0.768062651471451,3.26269067316759E-15,-0.640374705476914));
#11430=CARTESIAN_POINT('',(0.0407354332382714,0.107885246344438,-0.0406943823951096));
#11431=DIRECTION('',(4.24794861059437E-15,1.0,1.6345631505517E-29));
#11432=DIRECTION('',(0.984001554095048,-4.17998803454076E-15,0.178159876342935));
#11433=DIRECTION('',(0.951724947087708,-4.04287866664922E-15,-0.306952154400159));
#11434=DIRECTION('',(-0.955901248662814,4.06061938112262E-15,0.293688274884907));
#11435=CARTESIAN_POINT('',(0.0409113079683212,0.107885246344438,-0.0406955851977636));
#11436=DIRECTION('',(-4.24794861059437E-15,-1.0,-1.64155949382409E-29));
#11437=DIRECTION('',(0.984260414435256,-4.18108765996328E-15,0.176724182204185));
#11438=DIRECTION('',(0.793422421189534,-3.37041767170651E-15,0.608671390451151));
#11439=DIRECTION('',(-0.793422421189534,3.37041767170651E-15,-0.608671390451151));
#11440=CARTESIAN_POINT('',(0.0409113079683212,0.104149888389153,-0.0406955851977636));
#11441=DIRECTION('',(4.24794861059437E-15,1.0,1.64155949382409E-29));
#11442=DIRECTION('',(0.984260414435256,-4.18108765996328E-15,0.176724182204185));
#11443=DIRECTION('',(0.955901248662814,-4.06061938112262E-15,-0.293688274884907));
#11444=DIRECTION('',(-0.951724947087708,4.04287866664922E-15,0.306952154400159));
#11445=CARTESIAN_POINT('',(0.0407354332382714,0.104149888389153,-0.0406943823951096));
#11446=DIRECTION('',(-4.24794861059437E-15,-1.0,-1.6345631505517E-29));
#11447=DIRECTION('',(0.984001554095048,-4.17998803454076E-15,0.178159876342935));
#11448=DIRECTION('',(0.768062651471451,-3.26269067316759E-15,0.640374705476914));
#11449=DIRECTION('',(-1.90159784973369E-16,-1.0,1.05908963013651E-15));
#11450=DIRECTION('',(-1.34833888507552E-16,-1.0,7.44706151348713E-16));
#11451=DIRECTION('',(2.48801045755984E-29,-6.88317499601625E-15,1.0));
#11452=DIRECTION('',(-1.1727305483731E-15,1.0,6.72255461174763E-15));
#11453=DIRECTION('',(2.48801045755984E-29,-6.88317499601625E-15,1.0));
#11454=DIRECTION('',(1.0,7.8704606241045E-16,6.72255461174763E-15));
#11455=DIRECTION('',(1.0,7.87046062410495E-16,3.52534741222612E-30));
#11456=DIRECTION('',(4.718234171014E-15,6.88317499601625E-15,-1.0));
#11457=DIRECTION('',(1.0,1.17273054837308E-15,3.86642284018174E-15));
#11458=CARTESIAN_POINT('',(0.0384002238925261,0.105817822851294,-0.0529513970849075));
#11459=DIRECTION('',(1.1727305483731E-15,-1.0,-6.88317499601625E-15));
#11460=DIRECTION('',(1.0,1.1727305483731E-15,9.79561840927297E-46));
#11461=DIRECTION('',(1.0,7.87046062410495E-16,3.52534741222612E-30));
#11462=CARTESIAN_POINT('',(0.0384002238925261,0.105817822851294,-0.0529513970849075));
#11463=DIRECTION('',(1.1727305483731E-15,-1.0,-6.88317499601625E-15));
#11464=DIRECTION('',(1.0,1.1727305483731E-15,0.0));
#11465=DIRECTION('',(4.718234171014E-15,6.88317499601625E-15,-1.0));
#11466=DIRECTION('',(-3.73640463187386E-15,1.0,5.78241158658936E-15));
#11467=DIRECTION('',(1.1727305483731E-15,-1.0,-6.72255461174763E-15));
#11468=DIRECTION('',(-1.0,-1.1727305483731E-15,-6.11813243201358E-30));
#11469=CARTESIAN_POINT('',(0.0384002238925261,0.106317822851294,-0.0529513970849075));
#11470=DIRECTION('',(-1.1727305483731E-15,1.0,6.88317499601625E-15));
#11471=DIRECTION('',(1.0,1.1727305483731E-15,0.0));
#11472=CARTESIAN_POINT('',(0.0384002238898173,0.106317822851294,-0.0529513970849075));
#11473=DIRECTION('',(1.1727305483731E-15,-1.0,-6.88317499601625E-15));
#11474=DIRECTION('',(-0.707106781186547,4.03789399251754E-15,-0.707106781186547));
#11475=DIRECTION('',(1.0,1.17273054837308E-15,3.86642284018174E-15));
#11476=DIRECTION('',(1.0,1.46461551555316E-71,1.3877787807815E-14));
#11477=DIRECTION('',(-1.0,-1.17273054837306E-15,-6.72255461174763E-15));
#11478=DIRECTION('',(-1.0,-1.46461551555296E-71,-1.38777878078131E-14));
#11479=DIRECTION('',(-1.0,-1.1727305483731E-15,-6.11813243201358E-30));
#11480=DIRECTION('',(6.25432538369572E-15,1.0,-6.88317499601625E-15));
#11481=CARTESIAN_POINT('',(0.0398064768692966,0.109053564871776,-0.0529513970849075));
#11482=DIRECTION('',(6.25432538369572E-15,1.0,-6.88317499601625E-15));
#11483=DIRECTION('',(-1.0,6.25432538369572E-15,-8.48042384788699E-45));
#11484=DIRECTION('',(-6.25432538369572E-15,-1.0,6.88317499601625E-15));
#11485=CARTESIAN_POINT('',(0.0398064768692966,0.109553564871776,-0.0529513970849075));
#11486=DIRECTION('',(6.15472756045844E-15,1.0,3.24656209034492E-15));
#11487=DIRECTION('',(-1.0,6.15472756045844E-15,-3.23350517203044E-31));
#11488=DIRECTION('',(-6.25432538369572E-15,-1.0,6.88317499601625E-15));
#11489=CARTESIAN_POINT('',(0.0398064768692966,0.109553564871776,-0.0529513970849075));
#11490=DIRECTION('',(-6.15472756045844E-15,-1.0,-3.24656209034493E-15));
#11491=DIRECTION('',(-1.0,6.15472756045844E-15,-3.23350517203049E-31));
#11492=DIRECTION('',(6.25432538369572E-15,1.0,-6.88317499601625E-15));
#11493=CARTESIAN_POINT('',(0.0398064768692966,0.109053564871776,-0.0529513970849075));
#11494=DIRECTION('',(-6.25432538369572E-15,-1.0,6.88317499601625E-15));
#11495=DIRECTION('',(-1.0,6.25432538369572E-15,0.0));
#11496=DIRECTION('',(6.25432538369572E-15,1.0,-6.88317499601625E-15));
#11497=CARTESIAN_POINT('',(0.0398064768692966,0.109053564871776,-0.0529513970849075));
#11498=DIRECTION('',(-6.25432538369572E-15,-1.0,6.88317499601625E-15));
#11499=DIRECTION('',(-1.0,6.25432538369572E-15,0.0));
#11500=DIRECTION('',(6.25432538369572E-15,1.0,-6.88317499601625E-15));
#11501=CARTESIAN_POINT('',(0.0398064768692966,0.109553564871776,-0.0529513970849075));
#11502=DIRECTION('',(-6.15472756045844E-15,-1.0,-3.24656209034493E-15));
#11503=DIRECTION('',(-1.0,6.15472756045844E-15,-3.23350517203049E-31));
#11504=DIRECTION('',(1.0,-6.15472756045846E-15,6.43646794902224E-15));
#11505=CARTESIAN_POINT('',(0.0389295680946975,0.108553564871776,-0.0458947075430543));
#11506=DIRECTION('',(1.0,5.67827051289158E-16,6.82215243498483E-15));
#11507=DIRECTION('',(-5.22550460757381E-15,0.707106781186547,0.707106781186547));
#11508=DIRECTION('',(1.0,-6.15472756045846E-15,6.43646794902224E-15));
#11509=DIRECTION('',(1.0,-6.15472756045846E-15,6.43646794902224E-15));
#11510=CARTESIAN_POINT('',(0.040555320294098,0.108553564871776,-0.0458947075430543));
#11511=DIRECTION('',(-0.707106781186547,0.707106781186547,-2.52832417944002E-15));
#11512=DIRECTION('',(0.707106781186548,0.707106781186548,6.51649702090438E-15));
#11513=CARTESIAN_POINT('',(0.0407242227899355,0.108553564871776,-0.0458947075430543));
#11514=DIRECTION('',(-1.0,-5.28606122230319E-15,-6.82215243498481E-15));
#11515=DIRECTION('',(-8.56179998512391E-15,0.707106781186547,0.707106781186547));
#11516=DIRECTION('',(-1.0,6.25432538369567E-15,-6.82215243498485E-15));
#11517=CARTESIAN_POINT('',(0.0407242227899355,0.108553564871776,-0.0458947075430543));
#11518=DIRECTION('',(1.0,5.28606122230319E-15,6.82215243498481E-15));
#11519=DIRECTION('',(-8.56179998512391E-15,0.707106781186547,0.707106781186547));
#11520=CARTESIAN_POINT('',(0.040555320294098,0.108553564871776,-0.0458947075430543));
#11521=DIRECTION('',(0.707106781186547,-0.707106781186547,2.52832417944002E-15));
#11522=DIRECTION('',(0.707106781186547,0.707106781186547,7.2064790584119E-15));
#11523=DIRECTION('',(-1.0,6.25432538369567E-15,-6.82215243498485E-15));
#11524=CARTESIAN_POINT('',(0.0389295680946975,0.108553564871776,-0.0458947075430543));
#11525=DIRECTION('',(-1.0,-5.67827051289158E-16,-6.82215243498483E-15));
#11526=DIRECTION('',(-5.22550460757381E-15,0.707106781186547,0.707106781186547));
#11527=CARTESIAN_POINT('',(0.0389295680946975,0.108553564871776,-0.0458947075430543));
#11528=DIRECTION('',(-1.0,-5.67827051289158E-16,-6.82215243498483E-15));
#11529=DIRECTION('',(-5.22550460757381E-15,0.707106781186547,0.707106781186547));
#11530=DIRECTION('',(1.0,-6.25432538369567E-15,6.82215243498485E-15));
#11531=CARTESIAN_POINT('',(0.0407242227899355,0.108553564871776,-0.0458947075430543));
#11532=DIRECTION('',(1.0,5.28606122230319E-15,6.82215243498481E-15));
#11533=DIRECTION('',(-8.56179998512391E-15,0.707106781186547,0.707106781186547));
#11534=DIRECTION('',(0.707106781186548,0.707106781186548,2.25251660291534E-15));
#11535=DIRECTION('',(-5.28606122230316E-15,1.0,-3.63661290567142E-15));
#11536=DIRECTION('',(0.707106781186548,0.707106781186548,2.25251660291534E-15));
#11537=DIRECTION('',(1.0,-6.15472756045846E-15,6.82215243498485E-15));
#11538=DIRECTION('',(6.15472756045847E-15,1.0,-3.63661290567134E-15));
#11539=DIRECTION('',(0.707106781186542,-0.707106781186553,7.39546389521682E-15));
#11540=DIRECTION('',(5.67827051289146E-16,-1.0,3.63661290567139E-15));
#11541=DIRECTION('',(5.67827051289132E-16,-1.0,3.63661290567139E-15));
#11542=CARTESIAN_POINT('',(0.0407242227899355,0.108553564871776,-0.0458947075430543));
#11543=DIRECTION('',(-1.0,-5.28606122230319E-15,-6.82215243498481E-15));
#11544=DIRECTION('',(-8.56179998512391E-15,0.707106781186547,0.707106781186547));
#11545=DIRECTION('',(-1.0,6.15472756045846E-15,-6.43646794902224E-15));
#11546=CARTESIAN_POINT('',(0.0389295680946975,0.108553564871776,-0.0458947075430543));
#11547=DIRECTION('',(1.0,5.67827051289158E-16,6.82215243498483E-15));
#11548=DIRECTION('',(-5.22550460757381E-15,0.707106781186547,0.707106781186547));
#11549=DIRECTION('',(6.82215243498482E-15,3.24656209034488E-15,-1.0));
#11550=DIRECTION('',(6.82215243498483E-15,-6.88317499601629E-15,-1.0));
#11551=DIRECTION('',(5.67827051289132E-16,-1.0,3.63661290567139E-15));
#11552=DIRECTION('',(5.28606122230316E-15,-1.0,3.47600637509723E-15));
#11553=DIRECTION('',(-0.707106781186548,-0.707106781186548,-2.09336245436458E-15));
#11554=CARTESIAN_POINT('',(0.0398064768692966,0.109553564871776,-0.0529513970849075));
#11555=DIRECTION('',(6.15472756045844E-15,1.0,3.24656209034492E-15));
#11556=DIRECTION('',(-1.0,6.15472756045844E-15,-3.23350517203044E-31));
#11557=DIRECTION('',(-6.82215243498479E-15,-3.24656209034488E-15,1.0));
#11558=DIRECTION('',(1.0,-6.15472756045842E-15,-3.86642284018174E-15));
#11559=CARTESIAN_POINT('',(0.0398064768692966,0.109553564871776,-0.0529513970849075));
#11560=DIRECTION('',(-6.15472756045844E-15,-1.0,-3.24656209034493E-15));
#11561=DIRECTION('',(-1.0,6.15472756045844E-15,-3.23350517203049E-31));
#11562=DIRECTION('',(-6.82215086891505E-15,-3.24656209034488E-15,1.0));
#11563=DIRECTION('',(-6.82215243498485E-15,6.88317499601629E-15,1.0));
#11564=DIRECTION('',(-3.69065130019497E-15,-1.0,5.78241158658936E-15));
#11565=DIRECTION('',(-5.67827051289147E-16,1.0,-3.4760063750972E-15));
#11566=DIRECTION('',(-0.707106781186542,0.707106781186553,-7.00917781292236E-15));
#11567=DIRECTION('',(-6.15472756045847E-15,-1.0,3.47600637509715E-15));
#11568=DIRECTION('',(-1.0,6.15472756045846E-15,-6.43646794902224E-15));
#11569=DIRECTION('',(-0.707106781186548,-0.707106781186548,-2.09336245436458E-15));
#11570=DIRECTION('',(5.28606122230316E-15,-1.0,3.47600637509723E-15));
#11571=DIRECTION('',(-0.577350269189637,0.577350269189642,0.577350269189598));
#11572=DIRECTION('',(-5.67827051289146E-16,1.0,-3.63661290567139E-15));
#11573=DIRECTION('',(-5.13787790789121E-15,-3.24656209034489E-15,1.0));
#11574=DIRECTION('',(5.67827051289147E-16,-1.0,3.4760063750972E-15));
#11575=DIRECTION('',(0.577350269189608,-0.577350269189623,0.577350269189646));
#11576=DIRECTION('',(-5.13787790789121E-15,-3.24656209034489E-15,1.0));
#11577=DIRECTION('',(-6.82215243498479E-15,-3.24656209034488E-15,1.0));
#11578=DIRECTION('',(6.82215243498479E-15,3.24656209034488E-15,-1.0));
#11579=DIRECTION('',(6.82215243498479E-15,3.24656209034488E-15,-1.0));
#11580=DIRECTION('',(-5.13787790789121E-15,-3.24656209034489E-15,1.0));
#11581=DIRECTION('',(1.0,-6.25432538369575E-15,-3.86642284018174E-15));
#11582=CARTESIAN_POINT('',(0.0398064768692966,0.109053564871776,-0.0529513970849075));
#11583=DIRECTION('',(-6.25432538369572E-15,-1.0,6.88317499601625E-15));
#11584=DIRECTION('',(-1.0,6.25432538369572E-15,0.0));
#11585=CARTESIAN_POINT('',(0.0398064768692966,0.109053564871776,-0.0529513970849075));
#11586=DIRECTION('',(6.25432538369572E-15,1.0,-6.88317499601625E-15));
#11587=DIRECTION('',(-1.0,6.25432538369572E-15,-8.48042384788699E-45));
#11588=DIRECTION('',(6.72256846544206E-15,-1.21904560609037E-29,-1.0));
#11589=DIRECTION('',(-6.72256846544206E-15,1.21904560609037E-29,1.0));
#11590=DIRECTION('',(6.72256846544206E-15,-1.21904560609037E-29,-1.0));
#11591=DIRECTION('',(-6.72256846544206E-15,1.21904560609037E-29,1.0));
#11592=CARTESIAN_POINT('',(0.0341057145602499,0.106055243686557,-0.044160571851581));
#11593=DIRECTION('',(1.21314915476199E-30,1.0,-1.80300029305584E-16));
#11594=DIRECTION('',(-1.0,-5.5235818406642E-32,-7.03485727680547E-15));
#11595=CARTESIAN_POINT('',(0.0479742854397513,0.106055243686557,-0.0441605718515809));
#11596=DIRECTION('',(1.21314915476199E-30,1.0,-1.80300029305584E-16));
#11597=DIRECTION('',(1.0,5.5235818406642E-32,7.03485727680547E-15));
#11598=CARTESIAN_POINT('',(0.0410400000000006,0.106055243686557,-0.0428447075430543));
#11599=DIRECTION('',(-6.72256846544206E-15,1.21904560609037E-29,1.0));
#11600=DIRECTION('',(1.0,0.0,6.72256846544206E-15));
#11601=DIRECTION('',(0.837616261376941,-5.78478378407845E-15,-0.546259094823067));
#11602=CARTESIAN_POINT('',(0.041017790083938,0.106055243686557,-0.0428447075430543));
#11603=DIRECTION('',(6.72256846544206E-15,-1.21904560609037E-29,-1.0));
#11604=DIRECTION('',(-1.0,5.1182135579416E-15,-6.72256846544206E-15));
#11605=DIRECTION('',(0.837616261376932,-2.75243666166109E-15,0.54625909482308));
#11606=DIRECTION('',(-0.837616261376935,2.70576190946533E-15,-0.546259094823075));
#11607=DIRECTION('',(-0.837616261376944,5.73810903188267E-15,0.546259094823063));
#11608=CARTESIAN_POINT('',(0.041017790083938,0.106055243686557,-0.0438929344161555));
#11609=DIRECTION('',(-7.67732033691238E-15,2.77555756156289E-15,1.0));
#11610=DIRECTION('',(-1.0,5.1182135579416E-15,-7.6773203369124E-15));
#11611=DIRECTION('',(0.837616261376946,-5.78779034406842E-15,-0.546259094823059));
#11612=DIRECTION('',(0.837616261376938,-2.75544322165109E-15,0.546259094823071));
#11613=DIRECTION('',(-0.837616261376934,2.70282485471139E-15,-0.546259094823077));
#11614=DIRECTION('',(-0.837616261376943,5.73517197712874E-15,0.546259094823064));
#11615=CARTESIAN_POINT('',(0.041017790083938,0.106055243686557,-0.0449447075430543));
#11616=DIRECTION('',(-6.72256846544206E-15,1.21904560609037E-29,1.0));
#11617=DIRECTION('',(-1.0,5.1182135579416E-15,-6.72256846544206E-15));
#11618=CARTESIAN_POINT('',(0.041017790083938,0.106055243686557,-0.0449447075430543));
#11619=DIRECTION('',(-6.72256846544206E-15,1.21904560609037E-29,1.0));
#11620=DIRECTION('',(-1.0,5.1182135579416E-15,-6.72256846544206E-15));
#11621=CARTESIAN_POINT('',(0.041017790083938,0.106055243686557,-0.0438929344161555));
#11622=DIRECTION('',(-7.67732033691238E-15,2.77555756156289E-15,1.0));
#11623=DIRECTION('',(-1.0,5.1182135579416E-15,-7.6773203369124E-15));
#11624=CARTESIAN_POINT('',(0.041017790083938,0.106055243686557,-0.0428447075430543));
#11625=DIRECTION('',(6.72256846544206E-15,-1.21904560609037E-29,-1.0));
#11626=DIRECTION('',(-1.0,5.1182135579416E-15,-6.72256846544206E-15));
#11627=DIRECTION('',(6.72256846544206E-15,-1.21904560609037E-29,-1.0));
#11628=DIRECTION('',(6.72256846544206E-15,-1.21904560609037E-29,-1.0));
#11629=DIRECTION('',(-0.866025403784441,-0.499999999999995,-6.00925839494865E-15));
#11630=DIRECTION('',(6.72256846544206E-15,-1.21904560609037E-29,-1.0));
#11631=DIRECTION('',(-4.29232742496331E-15,-1.0,-5.50922388084481E-58));
#11632=CARTESIAN_POINT('',(0.0410400000000006,0.106055243686557,-0.0428447075430543));
#11633=DIRECTION('',(-6.72256846544206E-15,1.21904560609037E-29,1.0));
#11634=DIRECTION('',(1.0,0.0,6.72256846544206E-15));
#11635=CARTESIAN_POINT('',(0.0410400000000006,0.106055243686557,-0.0428447075430543));
#11636=DIRECTION('',(-6.72256846544206E-15,1.21904560609037E-29,1.0));
#11637=DIRECTION('',(1.0,0.0,6.72256846544206E-15));
#11638=CARTESIAN_POINT('',(0.0410400000000006,0.106055243686557,-0.0449447075430543));
#11639=DIRECTION('',(6.72256846544206E-15,-1.21904560609037E-29,-1.0));
#11640=DIRECTION('',(-1.0,0.0,-6.72256846544206E-15));
#11641=DIRECTION('',(0.866025403784437,-0.500000000000003,6.00925839494864E-15));
#11642=CARTESIAN_POINT('',(0.0410400000000006,0.106055243686557,-0.0449447075430543));
#11643=DIRECTION('',(6.72256846544206E-15,-1.21904560609037E-29,-1.0));
#11644=DIRECTION('',(-1.0,0.0,-6.72256846544206E-15));
#11645=CARTESIAN_POINT('',(0.0410400000000006,0.106055243686557,-0.0449447075430543));
#11646=DIRECTION('',(6.72256846544206E-15,-1.21904560609037E-29,-1.0));
#11647=DIRECTION('',(-1.0,0.0,-6.72256846544206E-15));
#11648=CARTESIAN_POINT('',(0.0410400000000006,0.106055243686557,-0.0449447075430543));
#11649=DIRECTION('',(6.72256846544206E-15,-1.21904560609037E-29,-1.0));
#11650=DIRECTION('',(-1.0,0.0,-6.72256846544206E-15));
#11651=DIRECTION('',(-0.866025403784437,0.500000000000003,-6.00925839494864E-15));
#11652=CARTESIAN_POINT('',(0.0410400000000006,0.106055243686557,-0.0449447075430543));
#11653=DIRECTION('',(6.72256846544206E-15,-1.21904560609037E-29,-1.0));
#11654=DIRECTION('',(-1.0,0.0,-6.72256846544206E-15));
#11655=DIRECTION('',(4.29232742496332E-15,1.0,5.50922388084481E-58));
#11656=CARTESIAN_POINT('',(0.0410400000000006,0.106055243686557,-0.0449447075430543));
#11657=DIRECTION('',(6.72256846544206E-15,-1.21904560609037E-29,-1.0));
#11658=DIRECTION('',(-1.0,0.0,-6.72256846544206E-15));
#11659=DIRECTION('',(0.866025403784441,0.499999999999996,6.00925839494864E-15));
#11660=DIRECTION('',(6.72256846544206E-15,-1.21904560609037E-29,-1.0));
#11661=DIRECTION('',(6.72256846544206E-15,-1.21904560609037E-29,-1.0));
#11662=DIRECTION('',(6.72256846544206E-15,-1.21904560609037E-29,-1.0));
#11663=PRESENTATION_LAYER_ASSIGNMENT('9','Layer0',(#84,#92,#93,#94,#102));
ENDSEC;
END-ISO-10303-21;
